postal_code,municipality_code,municipality_name,part_code,part_name,part_name_ascii,latitude,longitude,address_points,weight
01001,SK031B517402,Žilina,401810,Bytčica,Bytcica,49.19334,18.72710,63,126
01001,SK031B517402,Žilina,406284,Mojšova Lúčka,Mojsova Lucka,49.19448,18.81053,210,420
01001,SK031B517402,Žilina,409133,Strážov,Strazov,49.23338,18.70723,268,536
01001,SK031B517402,Žilina,409832,Trnové,Trnove,49.19337,18.78833,954,1908
01001,SK031B517402,Žilina,411401,Budatín,Budatin,49.21630,18.74316,1,2
01001,SK031B517402,Žilina,411413,Závodie,Zavodie,49.22636,18.71615,12,24
01001,SK031B517402,Žilina,411425,Žilinská Lehota,Zilinska Lehota,49.24485,18.67859,140,280
01003,SK031B517402,Žilina,407951,Považský Chlmec,Povazsky Chlmec,49.23975,18.72652,644,1288
01003,SK031B517402,Žilina,409832,Trnové,Trnove,49.18648,18.78906,1,2
01003,SK031B517402,Žilina,410962,Zádubnie,Zadubnie,49.24059,18.77061,295,590
01003,SK031B517402,Žilina,411012,Zástranie,Zastranie,49.24234,18.81792,295,590
01003,SK031B517402,Žilina,411401,Budatín,Budatin,49.23851,18.74346,789,1578
01004,SK031B517402,Žilina,400891,Bánová,Banova,49.20244,18.72167,822,1644
01004,SK031B517402,Žilina,409133,Strážov,Strazov,49.22710,18.70911,4,8
01004,SK031B517402,Žilina,411413,Závodie,Zavodie,49.21540,18.71930,987,1974
01007,SK031B517402,Žilina,401810,Bytčica,Bytcica,49.19403,18.74399,116,232
01009,SK031B517402,Žilina,401810,Bytčica,Bytcica,49.18601,18.73346,847,1694
01014,SK031B517402,Žilina,401663,Brodno,Brodno,49.25517,18.75645,462,924
01014,SK031B517402,Žilina,410767,Vranie,Vranie,49.25872,18.74419,299,598
01015,SK031B517402,Žilina,411413,Závodie,Zavodie,49.20930,18.71248,36,72
01305,SK031B517429,Belá,411826,Kubíková,Kubikova,49.27061,18.97451,128,128
01306,SK031B518042,Terchová,400506,Horná Tižina,Horna Tizina,49.28615,19.03450,214,214
01311,SK031B517755,Lietavská Svinná-Babkov,400221,Babkov,Babkov,49.15754,18.64030,215,215
01311,SK031B517755,Lietavská Svinná-Babkov,405346,Lietavská Svinná,Lietavska Svinna,49.15156,18.67366,417,417
01313,SK031B517933,Rajecké Teplice,407800,Poluvsie,Poluvsie,49.13198,18.71479,280,560
01318,SK031B517739,Lietava,411670,Lietavská Závadka,Lietavska Zavadka,49.18252,18.63444,96,96
01331,SK031B517488,Divina,411802,Lúky,Luky,49.28795,18.67966,146,146
01331,SK031B517496,Divinka,411796,Lalinok,Lalinok,49.26428,18.70746,163,163
01332,SK031B517500,Dlhé Pole,411761,Stolečné,Stolecne,49.34682,18.65049,90,90
01332,SK031B517500,Dlhé Pole,411772,Kravárska,Kravarska,49.33245,18.62297,110,110
01332,SK031B517500,Dlhé Pole,411784,Forbaky-Klukany,Forbaky-Klukany,49.28886,18.63015,39,39
01332,SK031B518000,Svederník,411632,Zárieč-Keblov,Zariec-Keblov,49.26328,18.64150,359,359
01332,SK031B518000,Svederník,411644,Marček,Marcek,49.26820,18.66957,226,226
01341,SK031B517526,Dolný Hričov,400518,Peklina,Peklina,49.20346,18.65094,81,81
01351,SK0311517798,Maršová-Rašov,405978,Maršová,Marsova,49.18619,18.52283,63,63
01351,SK0311517798,Maršová-Rašov,411668,Rašov,Rasov,49.18037,18.51170,292,292
01352,SK0311517992,Súľov-Hradná,409224,Hradná,Hradna,49.13713,18.59123,157,157
01352,SK0311517992,Súľov-Hradná,409236,Súľov,Sulov,49.16238,18.58750,378,378
01353,SK0311517861,Petrovice,407525,Setechov,Setechov,49.25932,18.49670,147,147
01353,SK0311517861,Petrovice,411656,Pláne,Plane,49.29379,18.50478,36,36
01353,SK0311517861,Petrovice,418377,Magale,Magale,49.32606,18.43970,7,7
01354,SK0311517674,Kolárovice,411700,Škoruby,Skoruby,49.30874,18.52062,104,104
01354,SK0311517674,Kolárovice,411711,Slopkov,Slopkov,49.30550,18.51318,25,25
01354,SK0311517674,Kolárovice,411723,Korytné,Korytne,49.32309,18.51255,51,51
01354,SK0311517674,Kolárovice,411735,Čiakov,Ciakov,49.32209,18.52569,69,69
01354,SK0311517674,Kolárovice,411747,Bršlica,Brslica,49.30254,18.50644,17,17
01354,SK0311517674,Kolárovice,411759,Babiše,Babise,49.33632,18.50301,91,91
01354,SK0311518085,Veľké Rovné,411577,Ráztoky,Raztoky,49.34121,18.51524,1,1
01355,SK0311518018,Štiavnik,410603,Višňové,Visnove,49.22317,18.47287,115,115
01355,SK0311518018,Štiavnik,411619,Predjastrabie,Predjastrabie,49.28308,18.43848,75,75
01355,SK0311518018,Štiavnik,411621,Čierne,Cierne,49.28518,18.42287,12,12
01361,SK0311517691,Kotešová,411681,Oblazov,Oblazov,49.24703,18.63284,146,146
01361,SK0311517691,Kotešová,411693,Buková,Bukova,49.25834,18.59480,120,120
01362,SK0311518085,Veľké Rovné,411553,Žarnov,Zarnov,49.31525,18.56951,201,201
01362,SK0311518085,Veľké Rovné,411565,Soľné,Solne,49.32964,18.56623,57,57
01362,SK0311518085,Veľké Rovné,411577,Ráztoky,Raztoky,49.34245,18.54578,218,218
01362,SK0311518085,Veľké Rovné,411589,Potoky,Potoky,49.30555,18.57810,126,126
01362,SK0311518085,Veľké Rovné,411591,Madzín,Madzin,49.32926,18.55407,90,90
01362,SK0311518085,Veľké Rovné,411607,Dolinky,Dolinky,49.34100,18.57107,245,245
01401,SK0311517461,Bytča,401778,Hliník nad Váhom,Hlinik nad Vahom,49.23390,18.57659,618,1236
01401,SK0311517461,Bytča,401780,Malá Bytča,Mala Bytca,49.21156,18.52710,193,386
01401,SK0311517461,Bytča,401791,Mikšová,Miksova,49.19104,18.50237,197,394
01401,SK0311517461,Bytča,401808,Veľká Bytča,Velka Bytca,49.22490,18.55811,2036,4072
01401,SK0311517461,Bytča,403600,Hrabové,Hrabove,49.20594,18.56318,361,722
01401,SK0311517461,Bytča,408130,Pšurnovice,Psurnovice,49.24295,18.50901,314,628
01401,SK0311517461,Bytča,411814,Beňov,Benov,49.18837,18.48828,46,92
01501,SK031B517917,Rajec,418778,Charubina,Charubina,49.08254,18.59632,2,4
01701,SK0226512842,Považská Bystrica,402631,Dolný Moštenec,Dolny Mostenec,49.08763,18.44319,324,648
01701,SK0226512842,Považská Bystrica,403544,Horný Moštenec,Horny Mostenec,49.07317,18.45525,243,486
01701,SK0226512842,Považská Bystrica,406156,Milochov,Milochov,49.13549,18.39486,2,4
01701,SK0226512842,Považská Bystrica,407276,Orlové,Orlove,49.12900,18.42826,397,794
01701,SK0226512842,Považská Bystrica,407707,Podmanín,Podmanin,49.11065,18.48942,207,414
01701,SK0226512842,Považská Bystrica,407938,Považská Teplá,Povazska Tepla,49.14282,18.47393,2,4
01701,SK0226512842,Považská Bystrica,407940,Považské Podhradie,Povazske Podhradie,49.15367,18.45828,1,2
01701,SK0226512842,Považská Bystrica,407987,Praznov,Praznov,49.10653,18.50179,280,560
01701,SK0226512842,Považská Bystrica,409390,Šebešťanová,Sebestanova,49.15564,18.45229,1,2
01701,SK0226512842,Považská Bystrica,411164,Zemiansky Kvašov,Zemiansky Kvasov,49.08661,18.47270,2,4
01701,SK0229505820,Trenčín,404901,Kubrá,Kubra,48.89199,18.07339,1,2
01701,SK0229505820,Trenčín,404913,Kubrica,Kubrica,48.87849,18.10073,1,2
01701,SK0229505820,Trenčín,411267,Zlatovce,Zlatovce,48.90312,18.02007,2,4
01704,SK0226512842,Považská Bystrica,407732,Podvažie,Podvazie,49.16963,18.47162,248,496
01704,SK0226512842,Považská Bystrica,407940,Považské Podhradie,Povazske Podhradie,49.13748,18.45492,472,944
01704,SK0226512842,Považská Bystrica,409390,Šebešťanová,Sebestanova,49.15991,18.45991,284,568
01704,SK0226512842,Považská Bystrica,411164,Zemiansky Kvašov,Zemiansky Kvasov,49.08427,18.47834,3,6
01705,SK0226512842,Považská Bystrica,407938,Považská Teplá,Povazska Tepla,49.14260,18.47403,686,1372
01705,SK0226512842,Považská Bystrica,407940,Považské Podhradie,Povazske Podhradie,49.14400,18.46077,2,4
01705,SK0229505820,Trenčín,410925,Záblatie,Zablatie,48.89679,18.00559,1,2
01705,SK0229505820,Trenčín,411267,Zlatovce,Zlatovce,48.90232,18.01100,1,2
01706,SK0226512842,Považská Bystrica,406156,Milochov,Milochov,49.13734,18.39086,375,750
01706,SK0227514420,Valaská Belá,413768,Gápel,Gapel,48.90995,18.48693,1,1
01707,SK0226512842,Považská Bystrica,411164,Zemiansky Kvašov,Zemiansky Kvasov,49.08634,18.47530,114,228
01707,SK0229505820,Trenčín,411267,Zlatovce,Zlatovce,48.89593,18.03181,1,2
01801,SK0226513741,Udiča,408098,Prosné,Prosne,49.18204,18.38932,242,242
01801,SK0226513741,Udiča,414281,Upohlav,Upohlav,49.16181,18.37775,86,86
01802,SK0226512966,Dolná Mariková,414475,Kátlina,Katlina,49.22086,18.29712,47,47
01802,SK0226512966,Dolná Mariková,414487,Hadoše,Hadose,49.21731,18.29964,22,22
01802,SK0226512966,Dolná Mariková,414499,Besné,Besne,49.21726,18.36526,176,176
01803,SK0226513083,Horná Mariková,414372,Žrnové,Zrnove,49.24366,18.29048,78,78
01803,SK0226513083,Horná Mariková,414384,Vlkov,Vlkov,49.26630,18.27716,105,105
01803,SK0226513083,Horná Mariková,414396,Udička,Udicka,49.26645,18.30528,95,95
01803,SK0226513083,Horná Mariková,414402,Stolečné,Stolecne,49.28362,18.25970,23,23
01803,SK0226513083,Horná Mariková,414414,Rovné,Rovne,49.23253,18.33661,96,96
01803,SK0226513083,Horná Mariková,414426,Ráztoka,Raztoka,49.29087,18.28087,97,97
01803,SK0226513083,Horná Mariková,414438,Pagaňov,Paganov,49.22446,18.32995,42,42
01803,SK0226513083,Horná Mariková,414440,Modlatín,Modlatin,49.24666,18.31120,236,236
01803,SK0226513083,Horná Mariková,414451,Hlboké,Hlboke,49.23434,18.31644,66,66
01803,SK0226513083,Horná Mariková,414463,Belejov,Belejov,49.23096,18.32516,74,74
01813,SK0226513466,Papradno,414311,Podjavorník,Podjavornik,49.27611,18.36563,763,763
01815,SK0226513563,Prečín,400129,Zemianska Závada,Zemianska Zavada,49.05743,18.49992,86,86
01816,SK0226513008,Domaniža,404226,Kardošova Vieska,Kardosova Vieska,49.04963,18.56546,52,52
01821,SK0226546640,Dolný Lieskov,409870,Tŕstie,Trstie,49.04291,18.43591,1,1
01822,SK0226513601,Pružina,401640,Briestenné,Briestenne,49.01522,18.50622,22,22
01822,SK0226546640,Dolný Lieskov,409870,Tŕstie,Trstie,49.03933,18.43873,152,152
01831,SK0222513351,Košecké Podhradie,404501,Kopec,Kopec,48.95050,18.34623,88,88
01831,SK0222513351,Košecké Podhradie,405851,Malé Košecké Podhradie,Male Kosecke Podhradie,48.97199,18.30351,192,192
01831,SK0222513351,Košecké Podhradie,410305,Veľké Košecké Podhradie,Velke Kosecke Podhradie,48.97894,18.31416,346,346
01832,SK0222513865,Zliechov,404627,Košecké Rovné,Kosecke Rovne,48.95932,18.40863,200,200
01841,SK0222513016,Dubnica nad Váhom,408001,Prejta,Prejta,48.97161,18.20352,626,1252
01851,SK0222513440,Nová Dubnica,404421,Malý Kolačín,Maly Kolacin,48.93757,18.17277,137,274
01851,SK0222513440,Nová Dubnica,404433,Veľký Kolačín,Velky Kolacin,48.93571,18.16522,435,870
01852,SK0222513598,Pruské,407721,Podvažie,Podvazie,49.01268,18.22426,89,89
01852,SK0222513598,Pruské,414300,Savčina,Savcina,49.02186,18.23818,83,83
01854,SK0222557421,Slavnica,400063,Tlstá Hora,Tlsta Hora,49.02295,18.13792,16,16
01854,SK0222557421,Slavnica,400075,Podhorie,Podhorie,49.01505,18.15978,57,57
01861,SK0228512851,Beluša,403222,Hloža,Hloza,49.05119,18.31045,327,327
01861,SK0228512851,Beluša,414505,Podhorie,Podhorie,49.03862,18.31191,303,303
01863,SK0222513296,Ladce,414347,Tunežice,Tunezice,49.02671,18.28082,202,202
01864,SK0222513253,Košeca,414359,Nozdrovice,Nozdrovice,49.01491,18.27754,107,107
01901,SK0222513156,Ilava,404299,Klobušice,Klobusice,48.98570,18.21842,501,1002
01901,SK0222513156,Ilava,414361,Iliavka,Iliavka,48.95752,18.26725,123,246
02001,SK0228513610,Púchov,403581,Hoštiná,Hostina,49.16650,18.33355,152,304
02001,SK0228513610,Púchov,403921,Ihrište,Ihriste,49.14944,18.30572,88,176
02001,SK0228513610,Púchov,406788,Nosice,Nosice,49.12797,18.35545,347,694
02001,SK0228513610,Púchov,408153,Horné Kočkovce,Horne Kockovce,49.11292,18.32519,1209,2418
02001,SK0228513610,Púchov,408165,Vieska-Bezdedov,Vieska-Bezdedov,49.13563,18.29743,227,454
02001,SK0228513610,Púchov,414293,Hrabovka,Hrabovka,49.12091,18.30744,137,274
02051,SK0228512940,Dohňany,406363,Mostište,Mostiste,49.17026,18.30415,100,100
02051,SK0228512940,Dohňany,411115,Zbora,Zbora,49.18243,18.28502,199,199
02054,SK0228513342,Lysá pod Makytou,414323,Strelenka,Strelenka,49.18751,18.16003,313,313
02054,SK0228513342,Lysá pod Makytou,414335,Dešná,Desna,49.20949,18.16559,238,238
02055,SK0228513300,Lazy pod Makytou,405139,Dubková,Dubkova,49.21172,18.21402,265,265
02061,SK0228513326,Lednické Rovne,403386,Horenická Hôrka,Horenicka Horka,49.07413,18.29490,413,413
02061,SK0228513326,Lednické Rovne,403398,Medné,Medne,49.08578,18.28768,94,94
02062,SK0228557501,Kvašov,400051,Močiare,Mociare,49.08282,18.22006,23,23
02201,SK0312509132,Čadca,401950,Horelica,Horelica,49.42722,18.81496,560,1120
02201,SK0312509132,Čadca,417403,Vojty,Vojty,49.39139,18.77752,82,164
02201,SK0312509132,Čadca,417415,U Siheľníka,U Sihelnika,49.44088,18.75889,1,2
02201,SK0312509132,Čadca,417427,U Hluška,U Hluska,49.43515,18.77503,803,1606
02201,SK0312509132,Čadca,417439,Rieka,Rieka,49.42162,18.78551,268,536
02201,SK0312509132,Čadca,417441,Podzávoz,Podzavoz,49.46114,18.76798,637,1274
02201,SK0312509132,Čadca,417452,Milošová,Milosova,49.48521,18.73519,293,586
02201,SK0312509132,Čadca,417464,Drahošanka,Drahosanka,49.44741,18.80195,402,804
02201,SK0312509132,Čadca,417476,Čadečka,Cadecka,49.46277,18.80818,639,1278
02201,SK0312509523,Zákopčie,417087,U Holých,U Holych,49.40424,18.78401,15,15
02204,SK0312509132,Čadca,401950,Horelica,Horelica,49.40924,18.79856,1,2
02204,SK0312509132,Čadca,417415,U Siheľníka,U Sihelnika,49.43976,18.75898,72,144
02204,SK0312509132,Čadca,417427,U Hluška,U Hluska,49.43338,18.76982,382,764
02204,SK0312509132,Čadca,417439,Rieka,Rieka,49.42546,18.78554,122,244
02204,SK0312509132,Čadca,417441,Podzávoz,Podzavoz,49.46020,18.77961,4,8
02302,SK0312509248,Krásno nad Kysucou,417271,Zákysučie,Zakysucie,49.37887,18.83036,424,848
02302,SK0312509248,Krásno nad Kysucou,417282,Kalinov,Kalinov,49.39900,18.85411,687,1374
02302,SK0312509248,Krásno nad Kysucou,417294,Blažkov,Blazkov,49.36886,18.84193,244,488
02304,SK0312509477,Stará Bystrica,417208,Lány,Lany,49.34940,18.96336,199,199
02305,SK0312509311,Nová Bystrica,403143,Harvelka,Harvelka,49.34661,19.01773,1,1
02305,SK0312509311,Nová Bystrica,408384,Riečnica,Riecnica,49.30929,18.99248,1,1
02305,SK0312509311,Nová Bystrica,417210,Vychylovka,Vychylovka,49.37138,19.05779,512,512
02311,SK0312509523,Zákopčie,411001,Zákopčie Stred,Zakopcie Stred,49.40898,18.72359,294,294
02311,SK0312509523,Zákopčie,417040,U Rulcov,U Rulcov,49.38471,18.71468,135,135
02311,SK0312509523,Zákopčie,417051,U Polievkov,U Polievkov,49.37825,18.69110,63,63
02311,SK0312509523,Zákopčie,417063,U Kordišov,U Kordisov,49.39459,18.73807,93,93
02311,SK0312509523,Zákopčie,417075,U Kľukov,U Klukov,49.39495,18.68986,258,258
02311,SK0312509523,Zákopčie,417087,U Holých,U Holych,49.39896,18.76008,153,153
02321,SK0312509230,Korňa,417301,Vyšná Korňa,Vysna Korna,49.41668,18.53840,710,710
02321,SK0312509230,Korňa,417312,Nižná Korňa,Nizna Korna,49.41311,18.57514,286,286
02322,SK0312509213,Klokočov,417324,Vrchpredmier,Vrchpredmier,49.48371,18.56009,202,202
02322,SK0312509213,Klokočov,417336,Rybárie,Rybarie,49.43333,18.57035,63,63
02322,SK0312509213,Klokočov,417348,Riečky,Riecky,49.44288,18.60124,113,113
02322,SK0312509213,Klokočov,417350,Kornica,Kornica,49.45630,18.54740,235,235
02322,SK0312509213,Klokočov,417361,Klin,Klin,49.46412,18.58325,155,155
02322,SK0312509213,Klokočov,417373,Javorová,Javorova,49.45050,18.59305,42,42
02322,SK0312509213,Klokočov,417385,Hrubý Buk,Hruby Buk,49.46381,18.63530,75,75
02322,SK0312509213,Klokočov,417397,Hlavice,Hlavice,49.47106,18.60782,326,326
02332,SK0314509256,Kysucké Nové Mesto,407320,Oškerda,Oskerda,49.27793,18.76838,179,358
02336,SK0314509256,Kysucké Nové Mesto,401675,Budatínska Lehota,Budatinska Lehota,49.30021,18.79777,458,916
02336,SK0314509281,Lopušné Pažite,405486,Lopušná,Lopusna,49.27947,18.82864,116,116
02336,SK0314509281,Lopušné Pažite,417257,Pažite,Pazite,49.27645,18.83556,50,50
02352,SK0312509213,Klokočov,417361,Klin,Klin,49.46836,18.58478,1,1
02352,SK0312509213,Klokočov,417385,Hrubý Buk,Hruby Buk,49.46648,18.63848,36,36
02352,SK0316512036,Martin,415236,Košúty,Kosuty,49.08799,18.95071,1,2
02354,SK0312509507,Turzovka,409984,Turkov,Turkov,49.37432,18.61840,205,410
02354,SK0312509507,Turzovka,409996,Turzovka-Stred,Turzovka-Stred,49.40182,18.62503,528,1056
02354,SK0312509507,Turzovka,417166,Závodie,Zavodie,49.39774,18.61646,129,258
02354,SK0312509507,Turzovka,417178,Vyšný Koniec,Vysny Koniec,49.38708,18.60307,448,896
02354,SK0312509507,Turzovka,417180,Predmier,Predmier,49.41131,18.60828,432,864
02354,SK0312509507,Turzovka,417191,Hlinené,Hlinene,49.41546,18.63099,363,726
02355,SK0312509515,Vysoká nad Kysucou,411504,Zátoka,Zatoka,49.41955,18.49857,59,59
02355,SK0312509515,Vysoká nad Kysucou,417099,Zlámaná,Zlamana,49.40983,18.50081,12,12
02355,SK0312509515,Vysoká nad Kysucou,417117,Vyšný Kelčov,Vysny Kelcov,49.40093,18.48667,280,280
02355,SK0312509515,Vysoká nad Kysucou,417129,Vrchrieka,Vrchrieka,49.36165,18.54607,55,55
02355,SK0312509515,Vysoká nad Kysucou,417131,Semeteš,Semetes,49.36260,18.57307,97,97
02355,SK0312509515,Vysoká nad Kysucou,417142,Nižný Kelčov,Nizny Kelcov,49.37590,18.50647,211,211
02355,SK0312509515,Vysoká nad Kysucou,417154,Jedľovník,Jedlovnik,49.35792,18.51749,57,57
02356,SK0312509299,Makov,402126,Čierne,Cierne,49.35211,18.47764,250,250
02356,SK0312509299,Makov,417221,Trojačka,Trojacka,49.37751,18.43989,126,126
02356,SK0312509299,Makov,417233,Potok,Potok,49.38109,18.47107,117,117
02356,SK0312509299,Makov,417245,Kopanice,Kopanice,49.34874,18.42472,299,299
02401,SK0314509256,Kysucké Nové Mesto,417269,Dubie,Dubie,49.29838,18.76179,139,278
02401,SK031B517402,Žilina,401663,Brodno,Brodno,49.27331,18.76672,13,26
02404,SK0314509256,Kysucké Nové Mesto,401675,Budatínska Lehota,Budatinska Lehota,49.29650,18.79913,1,2
02404,SK0314509256,Kysucké Nové Mesto,417269,Dubie,Dubie,49.30042,18.76054,3,6
02601,SK0313509540,Dolný Kubín,401201,Beňova Lehota,Benova Lehota,49.23680,19.26670,171,342
02601,SK0313509540,Dolný Kubín,402576,Veľký Bysterec,Velky Bysterec,49.21483,19.28426,873,1746
02601,SK0313509540,Dolný Kubín,402588,Malý Bysterec,Maly Bysterec,49.21443,19.27236,318,636
02601,SK0313509540,Dolný Kubín,402590,Záskalie,Zaskalie,49.22463,19.29836,332,664
02601,SK0313509540,Dolný Kubín,402618,Medzihradné,Medzihradne,49.20490,19.31218,269,538
02601,SK0313509540,Dolný Kubín,404342,Kňažia,Knazia,49.23425,19.31805,301,602
02601,SK0313509540,Dolný Kubín,406296,Mokraď,Mokrad,49.23360,19.30821,190,380
02601,SK0313509540,Dolný Kubín,409005,Srňacie,Srnacie,49.20113,19.36211,40,80
02705,SK0313510211,Zázrivá,411097,Zázrivá-Stred,Zazriva-Stred,49.27518,19.15451,481,481
02705,SK0313510211,Zázrivá,416812,Ráztoky,Raztoky,49.29077,19.13025,114,114
02705,SK0313510211,Zázrivá,416824,Plešivá,Plesiva,49.26868,19.17143,116,116
02705,SK0313510211,Zázrivá,416836,Petrová,Petrova,49.26263,19.12525,67,67
02705,SK0313510211,Zázrivá,416848,Kozinská,Kozinska,49.28562,19.19112,94,94
02705,SK0313510211,Zázrivá,416850,Končitá,Koncita,49.29422,19.15728,56,56
02705,SK0313510211,Zázrivá,416861,Havrania,Havrania,49.29699,19.18273,162,162
02705,SK0313510211,Zázrivá,416873,Grúne,Grune,49.29311,19.14280,62,62
02705,SK0313510211,Zázrivá,416885,Dolina,Dolina,49.27569,19.13154,224,224
02705,SK0313510211,Zázrivá,416897,Demkovská,Demkovska,49.26805,19.11797,38,38
02705,SK0313510211,Zázrivá,416903,Biela,Biela,49.24413,19.13871,109,109
02732,SK0315510840,Malé Borové,415765,Novoť,Novot,49.22073,19.54160,19,19
02741,SK0313509957,Oravský Podzámok,402436,Dolná Lehota,Dolna Lehota,49.26383,19.37914,254,254
02741,SK0313509957,Oravský Podzámok,416915,Široká,Siroka,49.24538,19.33678,9,9
02743,SK031A509876,Nižná,411139,Zemianská Dedina,Zemianska Dedina,49.32286,19.51585,83,83
02744,SK031A510084,Štefanov nad Oravou,409431,Dolný Štefanov,Dolny Stefanov,49.36239,19.54351,148,148
02744,SK031A510084,Štefanov nad Oravou,409443,Horný Štefanov,Horny Stefanov,49.36361,19.52540,125,125
02744,SK031A510114,Tvrdošín,404781,Krásna Hôrka,Krasna Horka,49.32274,19.54544,609,1218
02744,SK031A510114,Tvrdošín,410007,Medvedzie,Medvedzie,49.32967,19.54463,504,1008
02754,SK0313509922,Oravská Poruba,407215,Zábrež,Zabrez,49.19871,19.25601,164,164
02754,SK0313510165,Veličná,410172,Revišné,Revisne,49.21852,19.24360,202,202
02801,SK031A510106,Trstená,410093,Ústie nad Priehradou,Ustie nad Priehradou,49.38087,19.58390,105,210
02801,SK031A510106,Trstená,418950,Prístav,Pristav,49.38253,19.52974,161,322
02801,SK031A510106,Trstená,418985,Oravská Priehrada,Oravska Priehrada,49.37264,19.55823,42,84
02801,SK031A510190,Zábiedovo,418572,Hámričky,Hamricky,49.34262,19.59900,40,40
02901,SK0317509868,Námestovo,406508,Slanická Osada,Slanicka Osada,49.39661,19.51737,240,480
02952,SK0317509680,Hruštín,410159,Vaňovka,Vanovka,49.34263,19.35238,136,136
02955,SK0317509884,Novoť,417014,Novotský Duľov,Novotsky Dulov,49.43253,19.31243,1,1
02957,SK0317509906,Oravská Lesná,402606,Kubínska,Kubinska,49.37205,19.14196,142,142
02957,SK0317509906,Oravská Lesná,416927,Tanečník,Tanecnik,49.38660,19.17892,61,61
02957,SK0317509906,Oravská Lesná,416939,Pribišská,Pribisska,49.37111,19.20657,257,257
02957,SK0317509906,Oravská Lesná,416941,Mrzáčka,Mrzacka,49.37127,19.19299,48,48
02957,SK0317509906,Oravská Lesná,416952,Lehotská,Lehotska,49.37523,19.16378,162,162
02957,SK0317509906,Oravská Lesná,416964,Jasenovská,Jasenovska,49.36232,19.15912,332,332
02957,SK0317509906,Oravská Lesná,416976,Flajšová,Flajsova,49.34955,19.16157,88,88
02957,SK0317509906,Oravská Lesná,416988,Demänová,Demanova,49.38632,19.12994,25,25
02957,SK0317509906,Oravská Lesná,416990,Bučina,Bucina,49.37382,19.17882,105,105
02957,SK0317509906,Oravská Lesná,417002,Brišovka,Brisovka,49.36581,19.17920,109,109
02963,SK0317509850,Mútne,417026,Mútňanská Píla,Mutnanska Pila,49.46768,19.29681,100,100
02963,SK0317509850,Mútne,417038,Duľov,Dulov,49.43739,19.31677,52,52
02963,SK0317509884,Novoť,417014,Novotský Duľov,Novotsky Dulov,49.43299,19.31164,8,8
03101,SK0315510262,Liptovský Mikuláš,401195,Benice,Benice,49.07387,19.56069,68,136
03101,SK0315510262,Liptovský Mikuláš,401304,Bodice,Bodice,49.06104,19.57669,190,380
03101,SK0315510262,Liptovský Mikuláš,402229,Demänová,Demanova,49.06043,19.58329,511,1022
03101,SK0315510262,Liptovský Mikuláš,403933,Iľanovo,Ilanovo,49.05473,19.62017,211,422
03101,SK0315510262,Liptovský Mikuláš,405449,Palúdzka,Paludzka,49.08466,19.59409,1147,2294
03101,SK0315510262,Liptovský Mikuláš,405451,Liptovská Ondrašová,Liptovska Ondrasova,49.09788,19.60664,28,56
03101,SK0315510262,Liptovský Mikuláš,407101,Okoličné,Okolicne,49.06822,19.64423,3,6
03101,SK0315510262,Liptovský Mikuláš,407586,Ploštín,Plostin,49.05641,19.60668,236,472
03101,SK0315510262,Liptovský Mikuláš,415923,Andice,Andice,49.07440,19.55524,59,118
03101,SK0315510262,Liptovský Mikuláš,418821,Ráztoky,Raztoky,49.10412,19.56823,2,4
03101,SK0315510262,Liptovský Mikuláš,418833,Staré Mesto,Stare Mesto,49.08669,19.61706,2232,4464
03101,SK0315510262,Liptovský Mikuláš,418857,Vrbica-Nábrežie,Vrbica-Nabrezie,49.07535,19.62363,1639,3278
03101,SK0315510777,Liptovský Trnovec,401225,Beňušovce,Benusovce,49.13613,19.55206,32,32
03104,SK0315510262,Liptovský Mikuláš,405449,Palúdzka,Paludzka,49.08159,19.60304,1,2
03104,SK0315510262,Liptovský Mikuláš,405451,Liptovská Ondrašová,Liptovska Ondrasova,49.10110,19.56860,1,2
03104,SK0315510262,Liptovský Mikuláš,407101,Okoličné,Okolicne,49.07388,19.64954,478,956
03104,SK0315510262,Liptovský Mikuláš,415900,Vitálišovce,Vitalisovce,49.08917,19.65022,90,180
03104,SK0315510262,Liptovský Mikuláš,415911,Stošice,Stosice,49.07586,19.66596,194,388
03104,SK0315510262,Liptovský Mikuláš,418810,Podbreziny,Podbreziny,49.08263,19.65164,262,524
03104,SK0315510262,Liptovský Mikuláš,418833,Staré Mesto,Stare Mesto,49.07863,19.63729,52,104
03104,SK0315510262,Liptovský Mikuláš,418857,Vrbica-Nábrežie,Vrbica-Nabrezie,49.07690,19.62876,5,10
03105,SK0315510262,Liptovský Mikuláš,405451,Liptovská Ondrašová,Liptovska Ondrasova,49.10012,19.58910,1121,2242
03105,SK0315510262,Liptovský Mikuláš,418821,Ráztoky,Raztoky,49.10345,19.56699,55,110
03105,SK0315510262,Liptovský Mikuláš,418833,Staré Mesto,Stare Mesto,49.09162,19.60196,12,24
03213,SK0315511153,Vlachy,410664,Vlašky,Vlasky,49.09784,19.46856,116,116
03213,SK0315511153,Vlachy,415651,Krmeš,Krmes,49.08278,19.47879,147,147
03214,SK0315510424,Gôtovany,415870,Fiačice,Fiacice,49.06821,19.49883,136,136
03215,SK0315510904,Partizánska Ľupča,407434,Železné,Zelezne,48.95351,19.39316,15,15
03215,SK0315510904,Partizánska Ľupča,415753,Magurka,Magurka,48.94395,19.43156,61,61
03223,SK0315510335,Bobrovník,415881,Tvarožná,Tvarozna,49.10905,19.46860,28,28
03223,SK0315510335,Bobrovník,415893,Hliník,Hlinik,49.12307,19.48812,31,31
03223,SK0315510572,Kvačany,405012,Dlhá Lúka,Dlha Luka,49.16399,19.53609,115,115
03223,SK0315510653,Liptovská Sielnica,415832,Brnice,Brnice,49.13742,19.51312,6,6
03223,SK0315510700,Liptovské Matiašovce,415819,Vyšné Matiašovce,Vysne Matiasovce,49.16377,19.55956,60,60
03223,SK0315510700,Liptovské Matiašovce,415821,Nižné Matiašovce,Nizne Matiasovce,49.15348,19.54724,114,114
03233,SK0315510564,Kráľova Lehota,415844,Svarín,Svarin,49.01278,19.85048,31,31
03242,SK0315510963,Pribylina,418561,Podbanské,Podbanske,49.14335,19.89256,81,81
03242,SK0416560103,Vysoké Tatry,414580,Podbanské,Podbanske,49.15261,19.92379,41,82
03301,SK0315510726,Liptovský Hrádok,402667,Dovalovo,Dovalovo,49.04989,19.76119,646,1292
03301,SK0315510947,Podtureň,400099,Roveň,Roven,49.03817,19.71012,68,68
03401,SK0318510998,Ružomberok,403635,Hrboltová,Hrboltova,49.10368,19.24679,342,684
03401,SK0318510998,Ružomberok,415704,Vlkolínec,Vlkolinec,49.03918,19.27699,4,8
03401,SK0318510998,Ružomberok,415716,Rybárpole,Rybarpole,49.08719,19.28108,392,784
03401,SK0318510998,Ružomberok,415728,Černová,Cernova,49.09176,19.25583,1,2
03401,SK0318510998,Ružomberok,415730,Biely Potok,Biely Potok,49.01965,19.28745,28,56
03401,SK041D544051,Vranov nad Topľou,402059,Čemerné,Cemerne,48.86788,21.66658,1,2
03403,SK0318510998,Ružomberok,415704,Vlkolínec,Vlkolinec,49.03952,19.27825,79,158
03403,SK0318510998,Ružomberok,415730,Biely Potok,Biely Potok,49.02363,19.29020,862,1724
03406,SK0318510998,Ružomberok,415728,Černová,Cernova,49.09018,19.25963,660,1320
03473,SK0318510637,Liptovská Osada,404482,Korytnica-kúpele,Korytnica-kupele,48.89001,19.28256,33,33
03474,SK0318510718,Liptovské Revúce,415789,Vyšná Revúca,Vysna Revuca,48.90679,19.16325,231,231
03474,SK0318510718,Liptovské Revúce,415791,Stredná Revúca,Stredna Revuca,48.92179,19.18053,289,289
03474,SK0318510718,Liptovské Revúce,415807,Nižná Revúca,Nizna Revuca,48.93210,19.20875,227,227
03483,SK0318510670,Liptovská Teplá,405413,Madočany,Madocany,49.11006,19.40735,97,97
03484,SK0318511005,Liptovské Sliače,415674,Vyšný Sliač,Vysny Sliac,49.05531,19.40718,398,398
03484,SK0318511005,Liptovské Sliače,415686,Stredný Sliač,Stredny Sliac,49.05964,19.38887,620,620
03484,SK0318511005,Liptovské Sliače,415698,Nižný Sliač,Nizny Sliac,49.07212,19.38251,389,389
03492,SK0318511030,Stankovany,415662,Rojkov,Rojkov,49.14808,19.15968,131,131
03496,SK0318510548,Komjatná,415868,Studničná,Studnicna,49.13503,19.26489,81,81
03601,SK0316512036,Martin,405991,Tomčany,Tomcany,49.06337,18.94196,201,402
03601,SK0316512036,Martin,408062,Priekopa,Priekopa,49.10250,18.93370,15,30
03601,SK0316512036,Martin,411024,Záturčie,Zaturcie,49.08736,18.91648,1042,2084
03601,SK0316512036,Martin,415224,Podháj,Podhaj,49.08037,18.90305,2905,5810
03601,SK0316512036,Martin,415236,Košúty,Kosuty,49.08869,18.93748,235,470
03601,SK0316512036,Martin,415248,Jahodníky,Jahodniky,49.05479,18.91674,466,932
03802,SK0316545961,Turčianske Jaseno,415182,Horné Jaseno,Horne Jaseno,49.02153,18.99768,132,132
03802,SK0316545961,Turčianske Jaseno,415194,Dolné Jaseno,Dolne Jaseno,49.03085,18.99065,101,101
03811,SK0316512052,Belá-Dulice,401134,Belá,Bela,49.00545,18.98489,478,478
03811,SK0316512052,Belá-Dulice,402851,Dulice,Dulice,48.99837,18.98192,134,134
03822,SK0319512044,Abramová,400191,Polerieka,Polerieka,48.93727,18.78471,35,35
03822,SK0319512044,Abramová,415212,Laclavá,Laclava,48.92607,18.80779,49,49
03822,SK0319512117,Brieštie,415201,Hadviga,Hadviga,48.91060,18.71210,25,25
03843,SK0316512354,Kláštor pod Znievom,405127,Lazany,Lazany,48.97852,18.79853,151,151
03843,SK0316512397,Laskár,400208,Valentová,Valentova,48.96425,18.88139,23,23
03845,SK0319512095,Bodorová,401328,Kevice,Kevice,48.91172,18.84649,28,28
03845,SK0319512303,Ivančiná,400178,Dvorec,Dvorec,48.90810,18.80625,27,27
03848,SK0319512699,Turček,409935,Dolný Turček,Dolny Turcek,48.76376,18.90633,76,76
03848,SK0319512699,Turček,409947,Horný Turček,Horny Turcek,48.75707,18.92616,256,256
03852,SK0316512508,Podhradie,400180,Konské,Konske,49.09935,19.07134,36,36
03861,SK0316512036,Martin,408062,Priekopa,Priekopa,49.10332,18.93003,2103,4206
03901,SK0319512729,Turčianske Teplice,402321,Diviaky,Diviaky,48.87791,18.85408,402,804
03901,SK0319512729,Turčianske Teplice,402473,Dolná Štubňa,Dolna Stubna,48.84844,18.86172,223,446
03901,SK0319512729,Turčianske Teplice,409961,Turčiansky Michal,Turciansky Michal,48.88450,18.86385,232,464
04016,SK0426521159,Baška,418912,Maša,Masa,48.72169,21.17720,92,92
04402,SK0426559873,Dvorníky-Včeláre,410937,Dvorníky,Dvorniky,48.60187,20.83906,207,207
04402,SK0426559873,Dvorníky-Včeláre,410949,Včeláre,Vcelare,48.58898,20.80964,42,42
04413,SK0426522139,Valaliky,410100,Bernátovce,Bernatovce,48.64231,21.29664,350,350
04413,SK0426522139,Valaliky,416151,Všechsvätých,Vsechsvatych,48.63701,21.29839,284,284
04413,SK0426522139,Valaliky,416162,Košťany,Kostany,48.63163,21.30265,232,232
04413,SK0426522139,Valaliky,416174,Buzice,Buzice,48.64594,21.29416,498,498
04426,SK0426522074,Štós,409479,Štós-kúpele,Stos-kupele,48.72037,20.79242,25,25
04431,SK0426521345,Družstevná pri Hornáde,402746,Malá Vieska,Mala Vieska,48.80448,21.24663,465,465
04431,SK0426521345,Družstevná pri Hornáde,402758,Tepličany,Teplicany,48.79732,21.25557,266,266
04441,SK0426521965,Sady nad Torysou,408531,Byster,Byster,48.70863,21.34926,331,331
04441,SK0426521965,Sady nad Torysou,408542,Zdoba,Zdoba,48.70761,21.33208,233,233
04444,SK0426521884,Ploské,416186,Ortáše,Ortase,48.83047,21.36155,103,103
04445,SK0426521418,Herľany,403181,Žírovce,Zirovce,48.79371,21.46767,45,45
04445,SK0426521604,Košický Klečenov,416204,Borda,Borda,48.75520,21.51242,53,53
04447,SK0426521523,Kecerovce,404238,Kecerovské Kostoľany,Kecerovske Kostolany,48.82437,21.42223,132,132
04447,SK0426521523,Kecerovce,404240,Kecerovské Pekľany,Kecerovske Peklany,48.82528,21.41196,257,257
04455,SK0426522147,Veľká Ida,416149,Gomboš,Gombos,48.57238,21.17240,94,94
04457,SK0426521400,Haniska,416216,Grajciar,Grajciar,48.59478,21.26281,21,21
04471,SK0426521302,Čečejovce,416228,Seleška,Seleska,48.62278,21.06059,111,111
04474,SK0426521876,Perín-Chym,400233,Vyšný Lánec,Vysny Lanec,48.52917,21.12799,107,107
04474,SK0426521876,Perín-Chym,407460,Chym,Chym,48.53014,21.16464,100,100
04474,SK0426521876,Perín-Chym,407471,Perín,Perin,48.53433,21.18735,382,382
04501,SK0426521698,Moldava nad Bodvou,401699,Budulov,Budulov,48.58828,20.99217,174,348
04801,SK0428525529,Rožňava,408463,Nadabula,Nadabula,48.67722,20.51782,242,484
04801,SK0428525529,Rožňava,413574,Rožňavská Baňa,Roznavska Bana,48.66821,20.51418,224,448
04901,SK0328526002,Muránska Huta,419000,Predná Hora,Predna Hora,48.76880,20.10597,7,7
04911,SK0428526266,Slavec,408785,Vidová,Vidova,48.56346,20.44125,38,38
04912,SK0428525553,Bohúňovo,401377,Tiba,Tiba,48.50940,20.37536,32,32
04913,SK0328525685,Gemerský Sad,403039,Mikolčany,Mikolcany,48.58630,20.31345,51,51
04913,SK0328525685,Gemerský Sad,403041,Nováčany,Novacany,48.58032,20.32464,63,63
04916,SK0328525677,Gemerské Teplice,403015,Gemerský Milhosť,Gemersky Milhost,48.59297,20.28849,51,51
04916,SK0328525677,Gemerské Teplice,403027,Jelšavská Teplica,Jelsavska Teplica,48.60167,20.27208,75,75
04916,SK0328525944,Magnezitovce,405723,Kopráš,Kopras,48.67646,20.24312,52,52
04916,SK0328525944,Magnezitovce,405735,Mníšany,Mnisany,48.66886,20.22570,115,115
04923,SK0428526045,Nižná Slaná,413551,Nižnoslanská Baňa,Niznoslanska Bana,48.74315,20.41454,89,89
04961,SK0328526118,Rákoš,413549,Rákošská Baňa,Rakosska Bana,48.60373,20.12906,68,68
04964,SK0328526258,Sirk,413525,Železník,Zeleznik,48.62381,20.11285,91,91
04964,SK0328526258,Sirk,413537,Červeňany,Cervenany,48.60237,20.11430,42,42
04964,SK0328526321,Turčok,418808,Turčocký Železník,Turcocky Zeleznik,48.63078,20.12285,17,17
04971,SK0428526291,Stratená,413513,Dobšinská Ľadová Jaskyňa,Dobsinska Ladova Jaskyna,48.87614,20.29939,45,45
04973,SK0428525618,Dedinky,413562,Dobšinská Maša,Dobsinska Masa,48.85840,20.37091,96,96
05001,SK0328526142,Revúca,408372,Revúčka,Revucka,48.70611,20.13084,231,462
05302,SK0414526461,Doľany,413367,Roškovce,Roskovce,49.01884,20.64613,27,27
05304,SK0414543578,Spišské Podhradie,400490,Katúň,Katun,48.97366,20.73424,47,94
05304,SK0414543578,Spišské Podhradie,419023,Hlinisko,Hlinisko,49.01051,20.74694,1,2
05313,SK042A543284,Letanovce,418766,Strelník,Strelnik,48.99582,20.44398,100,100
05314,SK0414526487,Dravce,413355,Bukovinka,Bukovinka,49.03725,20.48951,52,52
05314,SK0414543624,Spišský Štvrtok,413150,Mečedelovce,Mecedelovce,48.99477,20.49213,22,22
05331,SK042A526355,Spišská Nová Ves,413379,Novoveská Huta,Novoveska Huta,48.90062,20.51563,368,736
05332,SK042A526576,Hnilčík,413318,Ráztoky,Raztoky,48.86027,20.55714,90,90
05332,SK042A526576,Hnilčík,413320,Bindt,Bindt,48.86951,20.57752,76,76
05333,SK0421526550,Henclová,413343,Tichá Voda,Ticha Voda,48.78423,20.59729,62,62
05333,SK0421543373,Nálepkovo,413197,Zahájnica,Zahajnica,48.82248,20.62261,114,114
05333,SK0421543373,Nálepkovo,413203,Hámre,Hamre,48.81906,20.58139,159,159
05333,SK0421543373,Nálepkovo,413215,Čierná Hora,Cierna Hora,48.84439,20.58684,10,10
05361,SK042A526657,Žehra,413148,Hodkovce,Hodkovce,48.98999,20.78179,36,36
05361,SK042A543594,Spišské Vlachy,413161,Dobrá Voľa,Dobra Vola,48.96939,20.78348,19,38
05363,SK042A526568,Hincovce,413331,Trsťany,Trstany,48.96829,20.71741,26,26
05373,SK0414543420,Oľšavica,413185,Podproč,Podproc,49.06382,20.77232,15,15
05375,SK042A526584,Hnilec,413306,Delava,Delava,48.80228,20.51523,1,1
05376,SK042A543357,Mlynky,413227,Sykavka,Sykavka,48.84603,20.46581,11,11
05376,SK042A543357,Mlynky,413239,Rakovec,Rakovec,48.84193,20.43307,31,31
05376,SK042A543357,Mlynky,413241,Prostredný Hámor,Prostredny Hamor,48.85429,20.40845,150,150
05376,SK042A543357,Mlynky,413252,Palcmanská Maša,Palcmanska Masa,48.85379,20.38855,41,41
05376,SK042A543357,Mlynky,413264,Havrania Dolina,Havrania Dolina,48.86390,20.42793,45,45
05376,SK042A543357,Mlynky,413276,Biele Vody,Biele Vody,48.86232,20.39897,95,95
05401,SK0414543292,Levoča,411050,Závada,Zavada,49.06808,20.65259,110,220
05401,SK0414543292,Levoča,413288,Levočské Lúky,Levocske Luky,48.97947,20.57647,52,104
05401,SK0414543292,Levoča,413290,Levočská Dolina,Levocska Dolina,49.06959,20.60660,97,194
05801,SK0416523381,Poprad,406004,Matejovce,Matejovce,49.08163,20.32662,30,60
05801,SK0416523381,Poprad,407835,Spišská Sobota,Spisska Sobota,49.06526,20.31001,1261,2522
05801,SK0416523381,Poprad,407847,Stráže pod Tatrami,Straze pod Tatrami,49.05742,20.32477,303,606
05801,SK0416523381,Poprad,407859,Veľká,Velka,49.06609,20.28089,1764,3528
05801,SK0416523381,Poprad,414694,Kvetnica,Kvetnica,49.02108,20.28060,59,118
05801,SK0416523437,Gánovce,402977,Filice,Filice,49.02818,20.31686,250,250
05901,SK0413523828,Spišská Belá,409121,Strážky,Strazky,49.17335,20.45530,223,446
05904,SK0413523801,Reľov,403106,Hágy,Hagy,49.30207,20.37532,43,43
05906,SK0413523429,Červený Kláštor,414671,Červený Kláštor-kúpele,Cerveny Klastor-kupele,49.38949,20.42080,1,1
05912,SK0416523488,Hôrka,414645,Primovce,Primovce,49.01361,20.37996,102,102
05912,SK0416523488,Hôrka,414657,Ondrej,Ondrej,49.01902,20.38829,100,100
05912,SK0416523488,Hôrka,414669,Kišovce,Kisovce,49.02228,20.37403,397,397
05913,SK0416523542,Jánovce,404070,Machalovce,Machalovce,49.01593,20.43925,210,210
05938,SK0416523933,Štrba,414517,Tatranská Štrba,Tatranska Strba,49.08984,20.06833,80,80
05938,SK0416523933,Štrba,418547,Štrbské Pleso,Strbske Pleso,49.05870,20.07675,1,1
05939,SK0416524107,Šuňava,406764,Nižná Šuňava,Nizna Sunava,49.02876,20.09874,326,326
05939,SK0416524107,Šuňava,410860,Vyšná Šuňava,Vysna Sunava,49.03126,20.07966,324,324
05941,SK0416523933,Štrba,414517,Tatranská Štrba,Tatranska Strba,49.08612,20.06885,255,255
05941,SK0416523933,Štrba,418547,Štrbské Pleso,Strbske Pleso,49.11640,20.06384,1,1
05951,SK0416523381,Poprad,406004,Matejovce,Matejovce,49.08056,20.32533,701,1402
05951,SK0416523381,Poprad,407835,Spišská Sobota,Spisska Sobota,49.06901,20.31154,1,2
05951,SK0416523381,Poprad,407859,Veľká,Velka,49.06667,20.28716,2,4
05954,SK0416560103,Vysoké Tatry,414578,Tatranská Kotlina,Tatranska Kotlina,49.22768,20.32148,128,256
05955,SK0416560103,Vysoké Tatry,414578,Tatranská Kotlina,Tatranska Kotlina,49.26602,20.29073,15,30
05960,SK0416560103,Vysoké Tatry,409091,Dolný Smokovec,Dolny Smokovec,49.12829,20.24932,3,6
05960,SK0416560103,Vysoké Tatry,409583,Tatranská Lomnica,Tatranska Lomnica,49.16235,20.28780,667,1334
05960,SK0416560103,Vysoké Tatry,414531,Tatranské Zruby,Tatranske Zruby,49.12868,20.20109,1,2
05960,SK0416560103,Vysoké Tatry,414542,Tatranské Matliare,Tatranske Matliare,49.17500,20.29420,41,82
05960,SK0416560103,Vysoké Tatry,414566,Tatranská Lesná,Tatranska Lesna,49.15114,20.25703,20,40
05960,SK0416560103,Vysoké Tatry,414578,Tatranská Kotlina,Tatranska Kotlina,49.22867,20.32041,3,6
05960,SK0416560103,Vysoké Tatry,414591,Nový Smokovec,Novy Smokovec,49.13710,20.22056,3,6
05960,SK0416560103,Vysoké Tatry,414610,Kežmarské Žľaby,Kezmarske Zlaby,49.19453,20.29941,27,54
05960,SK0416560103,Vysoké Tatry,414621,Horný Smokovec,Horny Smokovec,49.14324,20.24056,1,2
05972,SK0413523399,Abrahámovce,414682,Pikovce,Pikovce,49.03948,20.45958,40,40
05981,SK0416560103,Vysoké Tatry,409091,Dolný Smokovec,Dolny Smokovec,49.12826,20.24731,234,468
05983,SK0416560103,Vysoké Tatry,414608,Nová Polianka,Nova Polianka,49.11980,20.15206,70,140
05984,SK0416560103,Vysoké Tatry,414529,Vyšné Hágy,Vysne Hagy,49.11874,20.12485,58,116
05985,SK0416523933,Štrba,414517,Tatranská Štrba,Tatranska Strba,49.08543,20.07279,2,2
05985,SK0416523933,Štrba,418547,Štrbské Pleso,Strbske Pleso,49.12242,20.06206,129,129
05985,SK0416560103,Vysoké Tatry,409492,Štrbské Pleso,Strbske Pleso,49.12836,20.07407,25,50
05994,SK0413523534,Ihľany,403908,Majerka,Majerka,49.18046,20.54741,112,112
05994,SK0413523534,Ihľany,403910,Stotince,Stotince,49.18706,20.53779,155,155
06101,SK0413523836,Spišská Stará Ves,400257,Lysá nad Dunajcom,Lysa nad Dunajcom,49.40010,20.34107,36,72
06201,SK0416560103,Vysoké Tatry,409108,Starý Smokovec,Stary Smokovec,49.13991,20.22234,92,184
06201,SK0416560103,Vysoké Tatry,409583,Tatranská Lomnica,Tatranska Lomnica,49.17407,20.21946,10,20
06201,SK0416560103,Vysoké Tatry,414531,Tatranské Zruby,Tatranske Zruby,49.12895,20.20101,26,52
06201,SK0416560103,Vysoké Tatry,414554,Tatranská Polianka,Tatranska Polianka,49.12456,20.18291,49,98
06201,SK0416560103,Vysoké Tatry,414591,Nový Smokovec,Novy Smokovec,49.13532,20.21423,253,506
06201,SK0416560103,Vysoké Tatry,414621,Horný Smokovec,Horny Smokovec,49.13963,20.23618,76,152
06401,SK041A526665,Stará Ľubovňa,409054,Podsadek,Podsadek,49.30970,20.70798,157,314
06502,SK041A527092,Vyšné Ružbachy,413045,Ružbachy-kúpele,Ruzbachy-kupele,49.30471,20.55505,61,61
06522,SK041A526908,Mníšek nad Popradom,406235,Pilhov,Pilhov,49.40710,20.70487,83,83
06522,SK041A526908,Mníšek nad Popradom,413094,Pilhovčík,Pilhovcik,49.41638,20.69606,51,51
06522,SK041A526908,Mníšek nad Popradom,413101,Medzibrodie,Medzibrodie,49.39966,20.75534,31,31
06522,SK041A526908,Mníšek nad Popradom,413112,Kače,Kace,49.41510,20.73652,73,73
06541,SK041A526878,Ľubotín,413124,Podpílie,Podpilie,49.26190,20.87597,1,1
06543,SK041A526941,Orlov,413082,Andrejovka,Andrejovka,49.28814,20.89928,67,67
06544,SK041A526959,Plaveč,413069,Podzámok,Podzamok,49.25418,20.84468,43,43
06544,SK041A526959,Plaveč,413071,Pastovník,Pastovnik,49.24804,20.85239,11,11
06545,SK041A526746,Hromoš,413136,Kozelec,Kozelec,49.24158,20.82101,38,38
06546,SK041A527025,Sulín,413057,Závodie,Zavodie,49.38418,20.75949,12,12
06704,SK0415520578,Oľka,407148,Krivá Oľka,Kriva Olka,49.13945,21.86574,23,23
06713,SK0412520250,Rokytov pri Humennom,403829,Humenský Rokytov,Humensky Rokytov,49.10771,21.99334,116,116
06713,SK0412520250,Rokytov pri Humennom,411127,Zbudský Rokytov,Zbudsky Rokytov,49.10022,21.99017,88,88
06801,SK0415520471,Medzilaborce,401444,Borov,Borov,49.30092,21.88615,118,236
06801,SK0415520471,Medzilaborce,406077,Vydraň,Vydran,49.28998,21.93339,168,336
07101,SK0427522279,Michalovce,406119,Vrbovec,Vrbovec,48.73494,21.95743,63,126
07101,SK0427522279,Michalovce,406121,Močarany,Mocarany,48.73224,21.88211,214,428
07101,SK0427522279,Michalovce,406132,Topoľany,Topolany,48.77816,21.89009,229,458
07101,SK0427522279,Michalovce,415145,Žabany,Zabany,48.78255,21.90793,12,24
07101,SK0427522279,Michalovce,415157,Milovaná,Milovana,48.75202,21.89616,1,2
07101,SK0427522279,Michalovce,415169,Meďov,Medov,48.74177,21.93740,26,52
07101,SK0427522279,Michalovce,415171,Betlenovce,Betlenovce,48.72873,21.90370,5,10
07101,SK0427522805,Nacina Ves,415080,Vybúchanec,Vybuchanec,48.82093,21.81623,52,52
07203,SK0427522791,Moravany,415091,Lučkovce,Luckovce,48.71888,21.79275,64,64
07204,SK0427522295,Bánovce nad Ondavou,415133,Piesky,Piesky,48.67196,21.79265,1,1
07206,SK0427522759,Malčice,405796,Hradištská Moľva,Hradistska Molva,48.57552,21.80903,26,26
07213,SK0427522376,Budkovce,415121,Dolný Les,Dolny Les,48.62258,21.97540,40,40
07214,SK0427522872,Pavlovce nad Uhom,415066,Ťahyňa,Tahyna,48.59711,22.06324,76,76
07214,SK0427522872,Pavlovce nad Uhom,415078,Ortov,Ortov,48.58368,22.09619,8,8
07214,SK0427523291,Vysoká nad Uhom,415005,Vysocký Dvor,Vysocky Dvor,48.63216,22.10084,59,59
07215,SK0427522376,Budkovce,415121,Dolný Les,Dolny Les,48.62214,21.97576,2,2
07215,SK0427522406,Dúbravka,415110,Komanica,Komanica,48.64613,21.89337,12,12
07216,SK0427522431,Hatalov,415108,Ridzina,Ridzina,48.65120,21.86902,6,6
07221,SK0427522805,Nacina Ves,415080,Vybúchanec,Vybuchanec,48.82055,21.81670,1,1
07221,SK0427523275,Voľa,415017,Stankovce,Stankovce,48.83695,21.85069,5,5
07222,SK0427523101,Strážske,415031,Pláne,Plane,48.85890,21.81937,3,6
07222,SK0427523101,Strážske,415042,Krivošťany,Krivostany,48.88047,21.85249,90,180
07234,SK0427523241,Zalužice,405887,Malé Zalužice,Male Zaluzice,48.76141,21.99331,180,180
07234,SK0427523241,Zalužice,410421,Veľké Zalužice,Velke Zaluzice,48.75584,21.97988,262,262
07243,SK0429523232,Veľké Revištia,410317,Vyšné Revištia,Vysne Revistia,48.74491,22.09304,146,146
07243,SK0429523232,Veľké Revištia,415029,Gajdoš,Gajdos,48.75570,22.11988,39,39
07251,SK0429523313,Vyšné Nemecké,414992,Močidlá,Mocidla,48.66836,22.27834,9,9
07301,SK0429523089,Sobrance,400245,Komárovce,Komarovce,48.73209,22.17842,116,232
07301,SK0429523089,Sobrance,415054,Sobranecké Kúpele,Sobranecke Kupele,48.76622,22.19271,2,4
07501,SK042B528099,Trebišov,406144,Milhostov,Milhostov,48.66464,21.71363,241,482
07501,SK042B528099,Trebišov,412922,Olšina,Olsina,48.61025,21.78308,22,44
07501,SK042B528099,Trebišov,412934,Nový Majer,Novy Majer,48.63529,21.77858,62,124
07501,SK042B528625,Nový Ruskov,406971,Malý Ruskov,Maly Ruskov,48.63584,21.66575,75,75
07501,SK042B528625,Nový Ruskov,406983,Veľký Ruskov,Velky Ruskov,48.64918,21.67862,194,194
07612,SK042B528471,Kuzmice,412881,Dancov Potok,Dancov Potok,48.56169,21.56157,14,14
07616,SK042B544001,Zemplínska Nová Ves,411188,Úpor,Upor,48.57712,21.66849,183,183
07616,SK042B544001,Zemplínska Nová Ves,411190,Zemplínsky Klečenov,Zemplinsky Klecenov,48.55829,21.67226,119,119
07632,SK042B528129,Bara,401020,Malá Bara,Mala Bara,48.42128,21.72911,72,72
07632,SK042B528129,Bara,401031,Veľká Bara,Velka Bara,48.42569,21.71583,143,143
07635,SK042B528153,Svätá Mária,401330,Bodrog,Bodrog,48.43113,21.84469,128,128
07635,SK042B528153,Svätá Mária,411462,Pavlovo,Pavlovo,48.43611,21.83737,88,88
07635,SK042B543772,Somotor,408906,Nová Vieska pri Bodrogu,Nova Vieska pri Bodrogu,48.42359,21.81570,97,97
07635,SK042B543772,Somotor,408920,Véč,Vec,48.41242,21.80883,139,139
07637,SK042B528706,Rad,412855,Hrušov,Hrusov,48.43602,21.86187,86,86
07642,SK042B543896,Veľké Trakany,412820,Kolónia,Kolonia,48.39853,22.07418,14,14
07643,SK042B528188,Boťany,412911,Kolónia,Kolonia,48.43178,22.07758,16,16
07662,SK042B528676,Parchovany,401523,Božčice,Bozcice,48.76842,21.73315,62,62
07675,SK0427528633,Oborín,407057,Kucany,Kucany,48.53228,21.86789,39,39
07684,SK042B528510,Leles,405218,Kapoňa,Kapona,48.46190,22.05126,48,48
07701,SK042B528447,Kráľovský Chlmec,412892,Fejséš,Fejses,48.44048,21.99997,12,24
07801,SK042B528722,Sečovce,412843,Albínov,Albinov,48.72908,21.66617,77,154
07901,SK0427528463,Krišovská Liesková,404811,Krížany,Krizany,48.58583,22.02792,140,140
07901,SK0427528463,Krišovská Liesková,404822,Liesková,Lieskova,48.58271,22.04128,95,95
07901,SK0427528579,Maťovské Vojkovce,406016,Kapušianske Vojkovce,Kapusianske Vojkovce,48.56689,22.12331,56,56
07901,SK0427528579,Maťovské Vojkovce,406028,Maťovce,Matovce,48.56680,22.14282,144,144
07901,SK0427543853,Veľké Kapušany,412831,Veškovce,Veskovce,48.56273,22.10188,95,190
08001,SK0417524140,Prešov,406752,Nižná Šebastová,Nizna Sebastova,49.01936,21.28408,3,6
08001,SK0417524140,Prešov,408890,Solivar,Solivar,48.97297,21.25378,98,196
08001,SK0417524140,Prešov,409297,Šalgovík,Salgovik,48.99541,21.28669,495,990
08001,SK0417524140,Prešov,414256,Vydumanec,Vydumanec,48.98929,21.20791,1,2
08001,SK0417524140,Prešov,414270,Cemjata,Cemjata,48.98061,21.17253,4,8
08005,SK0417524140,Prešov,408890,Solivar,Solivar,48.97694,21.26815,2523,5046
08005,SK0417524140,Prešov,409297,Šalgovík,Salgovik,48.99787,21.28533,2,4
08006,SK0417518590,Ľubotice,414098,Šarišské Lúky,Sarisske Luky,49.01449,21.26467,286,286
08006,SK0417524140,Prešov,406752,Nižná Šebastová,Nizna Sebastova,49.02411,21.27901,1468,2936
08006,SK0417524140,Prešov,409297,Šalgovík,Salgovik,48.99840,21.28645,4,8
08006,SK0417525430,Vyšná Šebastová,413987,Severná,Severna,49.02483,21.33310,91,91
08206,SK0417524883,Mirkovce,414074,Niereše,Nierese,48.90656,21.32021,49,49
08206,SK0417525499,Žehňa,411516,Dúbrava,Dubrava,48.91792,21.32299,55,55
08207,SK0417524301,Červenica,414244,Dubník,Dubnik,48.92303,21.46197,7,7
08212,SK0417524913,Nemcovce,414062,Zimná Studňa,Zimna Studna,49.06375,21.37910,15,15
08212,SK0417559971,Lipníky,414128,Taľka,Talka,49.04957,21.41001,112,112
08212,SK0417559971,Lipníky,414130,Podhrabina,Podhrabina,49.05782,21.41669,11,11
08215,SK0417524506,Chmeľov,414219,Podhrabina,Podhrabina,49.06154,21.41687,42,42
08216,SK0417524395,Fintice,418973,Gribľovec,Griblovec,49.03975,21.28575,32,32
08221,SK0417525405,Veľký Šariš,414001,Kanaš,Kanas,49.05448,21.23035,539,1078
08232,SK0417524654,Kojatice,409327,Šarišské Lužianky,Sarisske Luzianky,48.99006,21.12911,86,86
08232,SK0417524654,Kojatice,414189,Kojatická Dolina,Kojaticka Dolina,48.98041,21.13754,52,52
08233,SK0417524522,Chminianska Nová Ves,414207,Bunde,Bunde,49.02340,21.06167,1,1
08236,SK0417524786,Lipovce,400282,Lačnov,Lacnov,49.07049,20.92389,40,40
08236,SK0417524786,Lipovce,414104,Salvátor,Salvator,49.04760,20.94482,3,3
08236,SK0417524786,Lipovce,414116,Lipovce-chaty,Lipovce-chaty,49.05117,20.93971,64,64
08237,SK0417525260,Široké,414013,Pod Braniskom,Pod Braniskom,48.99561,20.90071,10,10
08238,SK0417525413,Víťaz,413999,Dolina,Dolina,48.95462,20.95425,18,18
08242,SK0417524794,Ľubovec,405589,Ruské Pekľany,Ruske Peklany,48.90238,21.18653,72,72
08252,SK0417524387,Dulova Ves,418731,Vlčie Doly,Vlcie Doly,48.96033,21.28492,413,413
08252,SK0417524662,Kokošovce,414165,Sigord,Sigord,48.95463,21.36728,13,13
08252,SK0417525472,Zlatá Baňa,413975,Sigord,Sigord,48.95622,21.39131,16,16
08253,SK0417525014,Petrovany,407495,Močarmany,Mocarmany,48.91106,21.26168,144,144
08253,SK0417525014,Petrovany,414025,Vysielač,Vysielac,48.94676,21.26113,42,42
08257,SK0418524948,Olejníkov,414037,Majdan,Majdan,49.19211,21.08572,45,45
08257,SK0418524948,Olejníkov,414049,Baranie,Baranie,49.16637,21.12868,9,9
08257,SK0418524948,Olejníkov,414051,Ambrušovce,Ambrusovce,49.19522,21.09379,3,3
08263,SK0418524603,Jarovnice,414191,Močidľany,Mocidlany,49.06233,21.06056,124,124
08266,SK0418524492,Hubošovce,414221,Jur,Jur,49.08858,21.20224,42,42
08267,SK0417524425,Geraltov,400301,Závadka,Zavadka,49.14614,21.23841,29,29
08267,SK0417524425,Geraltov,400312,Žatkovce,Zatkovce,49.13678,21.26542,38,38
08267,SK0417524832,Malý Slivník,400131,Furmanec,Furmanec,49.12411,21.25298,59,59
08267,SK0417525294,Terňa,400269,Babin Potok,Babin Potok,49.11628,21.22041,73,73
08267,SK0417525294,Terňa,400271,Hradisko,Hradisko,49.14016,21.22176,63,63
08271,SK0418524310,Ďačov,414232,Budzín,Budzin,49.15552,20.94069,38,38
08271,SK0418524816,Lúčka,414086,Potoky,Potoky,49.19534,20.98576,38,38
08301,SK0418525146,Sabinov,400294,Orkucany,Orkucany,49.08801,21.11252,349,698
08501,SK0411519006,Bardejov,401067,Bardejovská Nová Ves,Bardejovska Nova Ves,49.30314,21.31631,558,1116
08501,SK0411519006,Bardejov,402371,Dlhá Lúka,Dlha Luka,49.33253,21.29372,510,1020
08501,SK0416523381,Poprad,407859,Veľká,Velka,49.05829,20.29804,1,2
08604,SK0411519421,Kružlov,404883,Kružlovská Huta,Kruzlovska Huta,49.31780,21.13501,35,35
08622,SK0411519324,Kľušov,417567,Kľušovská Zábava,Klusovska Zabava,49.25706,21.24418,77,77
08641,SK0411519936,Raslavice,406776,Nižné Raslavice,Nizne Raslavice,49.14816,21.32562,409,409
08641,SK0411519936,Raslavice,410883,Vyšné Raslavice,Vysne Raslavice,49.15128,21.31334,346,346
08643,SK0411519375,Koprivnica,417555,Dubie,Dubie,49.18134,21.39172,1,1
08645,SK0411519375,Koprivnica,417555,Dubie,Dubie,49.17962,21.38028,30,30
08701,SK041C519197,Giraltovce,417579,Francovce,Francovce,49.12900,21.54615,29,58
09023,SK041B528005,Vladiča,410627,Driečna,Driecna,49.32375,21.79428,57,57
09023,SK041B528005,Vladiča,410639,Nižná Vladiča,Nizna Vladica,49.29127,21.77505,17,17
09023,SK041B528005,Vladiča,410641,Suchá,Sucha,49.32193,21.76089,34,34
09023,SK041B528005,Vladiča,413010,Vyšná Vladiča,Vysna Vladica,49.30130,21.77808,24,24
09042,SK041C527696,Okrúhle,407124,Šapinec,Sapinec,49.19416,21.52498,26,26
09042,SK041C527751,Radoma,413033,Hradisko,Hradisko,49.19844,21.58913,43,43
09101,SK041B527840,Stropkov,409171,Bokša,Boksa,49.20642,21.63543,156,312
09101,SK041B527840,Stropkov,413021,Sitník,Sitnik,49.17999,21.66176,151,302
09301,SK041D544051,Vranov nad Topľou,402059,Čemerné,Cemerne,48.88261,21.67880,13,26
09301,SK041D544051,Vranov nad Topľou,410779,Vranov,Vranov,48.88873,21.68434,2503,5006
09302,SK041D544051,Vranov nad Topľou,410779,Vranov,Vranov,48.87264,21.70926,425,850
09303,SK041D544051,Vranov nad Topľou,402059,Čemerné,Cemerne,48.87645,21.66487,1033,2066
09303,SK041D544051,Vranov nad Topľou,410779,Vranov,Vranov,48.87542,21.69210,1,2
09303,SK041D544051,Vranov nad Topľou,418500,Lomnica,Lomnica,48.85170,21.67369,245,490
09407,SK0412528951,Pakostov,418535,Petrovce,Petrovce,49.09268,21.82067,59,59
09409,SK041D529141,Sedliská,412296,Podčičva,Podcicva,48.91269,21.73748,40,40
09431,SK041D528960,Pavlovce,412302,Podlipníky,Podlipniky,49.03556,21.45735,47,47
09431,SK041D544183,Ďurďoš,412314,Grodzin,Grodzin,49.03619,21.51642,19,19
82109,SK0107508179,Pezinok,406442,Myslenice,Myslenice,48.27518,17.24983,1,2
90001,SK0107508101,Modra,417506,Piesok,Piesok,48.38467,17.26657,289,578
90001,SK0107508101,Modra,417518,Harmónia,Harmonia,48.35709,17.30475,704,1408
90024,SK0108508292,Veľký Biel,410433,Malý Biel,Maly Biel,48.22241,17.36669,316,316
90029,SK0108508136,Nová Dedinka,406831,Dedinka pri Dunaji,Dedinka pri Dunaji,48.17981,17.35189,897,897
90029,SK0108508136,Nová Dedinka,406843,Nová Ves pri Dunaji,Nova Ves pri Dunaji,48.18980,17.36117,581,581
90031,SK0106508233,Stupava,409182,Mást,Mast,48.26319,17.05924,2,4
90042,SK0108508098,Miloslavov,417520,Alžbetin Dvor,Alzbetin Dvor,48.08811,17.31492,2226,2226
90042,SK0108545333,Dunajská Lužná,404044,Jánošíková,Janosikova,48.07794,17.26541,1138,1138
90042,SK0108545333,Dunajská Lužná,406879,Nová Lipnica,Nova Lipnica,48.08119,17.27100,592,592
90042,SK0108545333,Dunajská Lužná,406922,Nové Košariská,Nove Kosariska,48.08933,17.26692,1569,1569
90044,SK0108508276,Tomášov,409662,Malý Madaras,Maly Madaras,48.14206,17.37264,42,42
90044,SK0108508276,Tomášov,417488,Doma,Doma,48.15465,17.34693,107,107
90046,SK0108508110,Most pri Bratislave,406340,Studené,Studene,48.13112,17.29765,561,561
90050,SK0108503894,Kráľová pri Senci,418882,Bodov,Bodov,48.17968,17.41026,20,20
90089,SK0107507857,Častá,417543,Červený Kameň,Cerveny Kamen,48.39583,17.32517,24,24
90101,SK0106508063,Malacky,417531,Vinohrádok,Vinohradok,48.41962,16.99747,24,48
90201,SK0107508179,Pezinok,406442,Myslenice,Myslenice,48.28247,17.21841,21,42
90203,SK0107508179,Pezinok,406442,Myslenice,Myslenice,48.27214,17.24715,750,1500
90301,SK0108503894,Kráľová pri Senci,418882,Bodov,Bodov,48.17938,17.41028,45,45
90301,SK0108508217,Senec,417490,Svätý Martin,Svaty Martin,48.25971,17.36968,111,222
90501,SK0215504203,Senica,404949,Kunov,Kunov,48.69572,17.40090,625,1250
90501,SK0215504203,Senica,413495,Sotina,Sotina,48.68733,17.37607,518,1036
90501,SK0215504203,Senica,413501,Čáčov,Cacov,48.67889,17.34214,662,1324
90604,SK0215504327,Častkov,413460,Havran,Havran,48.76485,17.37724,24,24
90605,SK0215504653,Podbranč,413409,Švrčkov Jarok,Svrckov Jarok,48.72123,17.44453,35,35
90605,SK0215504653,Podbranč,413411,Podzámok,Podzamok,48.73395,17.46404,69,69
90605,SK0215504653,Podbranč,413422,Majeríčky,Majericky,48.73803,17.43681,40,40
90605,SK0215504653,Podbranč,413434,Horná Dolina,Horna Dolina,48.74408,17.45017,77,77
90605,SK0215504840,Sobotište,413381,Javorec,Javorec,48.77001,17.41165,100,100
90606,SK0223504971,Vrbovce,418213,Šance,Sance,48.81903,17.51291,48,48
90611,SK0215504700,Prietrž,413392,Podhorie,Podhorie,48.70905,17.45595,56,56
90615,SK0223504467,Košariská,404603,Dolné Košariská,Dolne Kosariska,48.67186,17.58748,123,123
90615,SK0223504467,Košariská,413446,Horné Košariská,Horne Kosariska,48.66995,17.61227,186,186
90633,SK0215504297,Cerová,408438,Rozbehy,Rozbehy,48.56644,17.41966,219,219
90633,SK0215504297,Cerová,413471,Lieskové,Lieskove,48.58449,17.37447,201,201
90701,SK0223504581,Myjava,409923,Turá Lúka,Tura Luka,48.74780,17.52524,61,122
90703,SK0223504581,Myjava,409923,Turá Lúka,Tura Luka,48.74712,17.52848,773,1546
90841,SK0215504891,Šaštín-Stráže,409376,Stráže nad Myjavou,Straze nad Myjavou,48.64812,17.13750,680,1360
90841,SK0215504891,Šaštín-Stráže,409388,Šaštín,Sastin,48.63564,17.15228,1057,2114
90845,SK0216504351,Gbely,413458,Cunín,Cunin,48.76676,17.10228,6,12
90845,SK0216504351,Gbely,418444,Adamov,Adamov,48.72732,17.03040,285,570
90862,SK0216504343,Dubovce,402795,Vlčkovany,Vlckovany,48.77472,17.24357,163,163
90862,SK0216504343,Dubovce,402801,Vidovany,Vidovany,48.77207,17.25243,88,88
90863,SK0216504742,Radošovce,410536,Vieska,Vieska,48.76442,17.28078,164,164
90876,SK0215504521,Lakšárska Nová Ves,405097,Mikulášov,Mikulasov,48.57102,17.21419,76,76
90877,SK0215504238,Borský Mikuláš,401468,Borský Peter,Borsky Peter,48.63504,17.21875,751,751
91101,SK0229505820,Trenčín,404901,Kubrá,Kubra,48.89465,18.07908,1089,2178
91101,SK0229505820,Trenčín,404913,Kubrica,Kubrica,48.87853,18.10086,145,290
91101,SK0229505820,Trenčín,407173,Opatová,Opatova,48.91276,18.09292,582,1164
91101,SK0229505820,Trenčín,409777,Biskupice,Biskupice,48.87697,18.01765,336,672
91101,SK0229505820,Trenčín,410925,Záblatie,Zablatie,48.89653,17.99164,3,6
91101,SK0229505820,Trenčín,411073,Orechové,Orechove,48.92036,18.03939,1,2
91101,SK0229505820,Trenčín,411267,Zlatovce,Zlatovce,48.88641,18.00959,2,4
91105,SK0229505820,Trenčín,409777,Biskupice,Biskupice,48.88518,18.01513,4,8
91105,SK0229505820,Trenčín,410925,Záblatie,Zablatie,48.89826,18.00203,215,430
91105,SK0229505820,Trenčín,411073,Orechové,Orechove,48.90229,18.03612,385,770
91105,SK0229505820,Trenčín,411085,Istebník,Istebnik,48.90379,18.03137,409,818
91105,SK0229505820,Trenčín,411267,Zlatovce,Zlatovce,48.90051,18.01711,1740,3480
91106,SK0229505820,Trenčín,410925,Záblatie,Zablatie,48.89558,17.99680,642,1284
91106,SK0229505820,Trenčín,411267,Zlatovce,Zlatovce,48.90136,18.00513,11,22
91108,SK0229505820,Trenčín,410925,Záblatie,Zablatie,48.89250,17.99519,1,2
91108,SK0229505820,Trenčín,411267,Zlatovce,Zlatovce,48.90051,18.01736,4,8
91304,SK0229506087,Chocholná-Velčice,403866,Chocholná,Chocholna,48.86855,17.94496,516,516
91304,SK0229506087,Chocholná-Velčice,412661,Velčice,Velcice,48.85962,17.94140,182,182
91304,SK0229506087,Chocholná-Velčice,412673,Kykula,Kykula,48.91048,17.88127,129,129
91305,SK0229505838,Adamovské Kochanovce,400786,Kochanovce,Kochanovce,48.85315,17.92554,120,120
91305,SK0229505838,Adamovské Kochanovce,412806,Malé Bierovce,Male Bierovce,48.85126,17.93032,121,121
91305,SK0229505838,Adamovské Kochanovce,412818,Adamovce,Adamovce,48.85270,17.93577,92,92
91305,SK0229545686,Melčice-Lieskové,406089,Melčice,Melcice,48.84920,17.89393,374,374
91305,SK0229545686,Melčice-Lieskové,411152,Zemianske Lieskové,Zemianske Lieskove,48.84566,17.91531,269,269
91307,SK0224505871,Bošáca,412790,Zabudišová,Zabudisova,48.85785,17.84450,122,122
91311,SK0229545741,Trenčianske Stankovce,405875,Malé Stankovce,Male Stankovce,48.84212,17.98948,268,268
91311,SK0229545741,Trenčianske Stankovce,408440,Rozvadze,Rozvadze,48.83637,17.97041,212,212
91311,SK0229545741,Trenčianske Stankovce,408610,Sedličná,Sedlicna,48.84489,17.99451,289,289
91311,SK0229545741,Trenčianske Stankovce,410342,Veľké Stankovce,Velke Stankovce,48.83348,17.98740,359,359
91321,SK0229505820,Trenčín,409777,Biskupice,Biskupice,48.86215,18.02028,28,56
91321,SK0229506567,Trenčianska Turná,403118,Hámre,Hamre,48.84650,18.04359,101,101
91322,SK0229506605,Trenčianske Mitice,409753,Kostolné Mitice,Kostolne Mitice,48.81857,18.12746,81,81
91322,SK0229506605,Trenčianske Mitice,412491,Zemianske Mitice,Zemianske Mitice,48.81985,18.11775,141,141
91322,SK0229506605,Trenčianske Mitice,412508,Rožňové Mitice,Roznove Mitice,48.80971,18.11378,217,217
91325,SK0229505854,Bobot,401286,Bobotská Lehota,Bobotska Lehota,48.80166,18.19543,99,99
91326,SK0229506273,Motešice,406375,Dolné Motešice,Dolne Motesice,48.81633,18.17763,86,86
91326,SK0229506273,Motešice,406387,Horné Motešice,Horne Motesice,48.82956,18.18553,272,272
91326,SK0229506273,Motešice,407483,Peťovka,Petovka,48.85455,18.16147,64,64
91326,SK0229506290,Neporadza,406582,Bošianska Neporadza,Bosianska Neporadza,48.82194,18.15430,198,198
91326,SK0229506290,Neporadza,406594,Rožňová Neporadza,Roznova Neporadza,48.81834,18.14858,129,129
91331,SK0229546682,Skalka nad Váhom,408724,Skala,Skala,48.92464,18.06882,133,133
91331,SK0229546682,Skalka nad Váhom,408736,Skalská Nová Ves,Skalska Nova Ves,48.93035,18.07213,229,229
91331,SK0229546682,Skalka nad Váhom,410068,Újazd,Ujazd,48.94007,18.07944,133,133
91332,SK0229505943,Dolná Súča,412752,Repákovci,Repakovci,48.99449,18.00554,23,23
91332,SK0229505943,Dolná Súča,412764,Polníky,Polniky,48.94472,18.01480,72,72
91333,SK0229505943,Dolná Súča,412752,Repákovci,Repakovci,48.99086,18.00519,62,62
91333,SK0229506010,Horná Súča,412697,Vlčí Vrch,Vlci Vrch,48.98237,17.92979,142,142
91333,SK0229506010,Horná Súča,412703,Trnávka,Trnavka,48.99548,17.95423,244,244
91333,SK0229506010,Horná Súča,412715,Krásny Dub,Krasny Dub,48.99296,17.98899,91,91
91333,SK0229506010,Horná Súča,412727,Horná Závrská,Horna Zavrska,48.97601,17.95219,87,87
91333,SK0229506010,Horná Súča,412739,Dúbrava,Dubrava,48.95649,17.96623,260,260
91333,SK0229506010,Horná Súča,412741,Dolná Závrská,Dolna Zavrska,48.97213,17.96235,57,57
91401,SK0229506559,Trenčianska Teplá,402394,Dobrá,Dobra,48.92298,18.10406,286,286
91441,SK0229506281,Nemšová,404329,Kľúčové,Klucove,48.94930,18.08914,230,460
91441,SK0229506281,Nemšová,405530,Ľuborča,Luborca,48.96131,18.10526,411,822
91441,SK0229506281,Nemšová,411048,Trenčianska Závada,Trencianska Zavada,48.97807,18.07093,113,226
91601,SK0224506524,Stará Turá,412510,Topolecká,Topolecka,48.80563,17.65524,306,612
91601,SK0224506524,Stará Turá,412521,Súš,Sus,48.81305,17.67635,261,522
91601,SK0224506524,Stará Turá,412533,Paprad,Paprad,48.78522,17.64429,285,570
91601,SK0224506524,Stará Turá,412545,Jazviny,Jazviny,48.79866,17.64188,72,144
91601,SK0224506524,Stará Turá,412557,Černochov Vrch,Cernochov Vrch,48.76561,17.65827,145,290
91611,SK0224505897,Bzince pod Javorinou,401845,Hrubá Strana,Hruba Strana,48.83302,17.74511,190,190
91611,SK0224505897,Bzince pod Javorinou,401857,Hrušové,Hrusove,48.77503,17.75327,121,121
91611,SK0224505897,Bzince pod Javorinou,412776,Cetuna,Cetuna,48.82683,17.72704,204,204
91611,SK0224505897,Bzince pod Javorinou,418511,Vrzavka,Vrzavka,48.81028,17.75209,35,35
91612,SK0224506184,Lubina,412594,Miškech Dedinka,Miskech Dedinka,48.80420,17.69902,118,118
91612,SK0224506184,Lubina,412601,Hrnčiarové,Hrnciarove,48.81718,17.70290,402,402
91613,SK0223506141,Kostolné,412650,Babulicov Vrch,Babulicov Vrch,48.73567,17.65867,64,64
91614,SK0223506079,Hrašné,412685,Hodulov Vrch,Hodulov Vrch,48.75872,17.68281,65,65
91616,SK0223506150,Krajné,400038,Zbehy,Zbehy,48.68240,17.67587,61,61
91616,SK0223506150,Krajné,412612,Žadovica,Zadovica,48.72197,17.66491,60,60
91616,SK0223506150,Krajné,412624,Podvrch,Podvrch,48.69308,17.70133,102,102
91616,SK0223506150,Krajné,412636,Matejovec,Matejovec,48.71344,17.63912,251,251
91616,SK0223506150,Krajné,412648,Luskovica,Luskovica,48.72832,17.65442,36,36
91622,SK0223506150,Krajné,412624,Podvrch,Podvrch,48.68367,17.71515,9,9
91626,SK0224506443,Považany,407896,Kríž nad Váhom,Kriz nad Vahom,48.70610,17.84578,243,243
91626,SK0224506443,Považany,407902,Mošovce,Mosovce,48.71432,17.84547,186,186
91626,SK0224506443,Považany,407914,Vieska,Vieska,48.69945,17.85150,80,80
91631,SK0224506125,Kočovce,404378,Beckovská Vieska,Beckovska Vieska,48.75224,17.88487,254,254
91631,SK0224506125,Kočovce,404391,Rakoľuby,Rakoluby,48.76064,17.88686,302,302
91642,SK0224506265,Moravské Lieskové,412569,Šance,Sance,48.87009,17.74059,173,173
91642,SK0224506265,Moravské Lieskové,412571,Bučkovec,Buckovec,48.85251,17.75918,171,171
91642,SK0224506265,Moravské Lieskové,412582,Brestové,Brestove,48.83912,17.76937,255,255
91705,SK0217506745,Trnava,406259,Modranka,Modranka,48.34993,17.60937,908,1816
91901,SK0217507571,Suchá nad Parnou,412466,Ružová Dolina,Ruzova Dolina,48.41496,17.50677,176,176
91904,SK0217507555,Smolenice,408864,Smolenická Nová Ves,Smolenicka Nova Ves,48.49434,17.41871,463,463
91905,SK0217507687,Trstín,412454,Rosuchov,Rosuchov,48.54029,17.46974,36,36
91908,SK0217506818,Boleráz,401432,Klčovany,Klcovany,48.45277,17.50478,212,212
91925,SK0217507636,Šúrovce,409558,Varov Šúr,Varov Sur,48.33908,17.73226,155,155
91927,SK0217506842,Brestovany,405504,Horné Lovčice,Horne Lovcice,48.37589,17.68088,207,207
91930,SK0217507156,Jaslovské Bohunice,404100,Bohunice,Bohunice,48.47833,17.64188,543,543
91930,SK0217507156,Jaslovské Bohunice,404111,Jaslovce,Jaslovce,48.47369,17.64975,169,169
91930,SK0217507156,Jaslovské Bohunice,407355,Paderovce,Paderovce,48.49193,17.63245,110,110
91943,SK0217506877,Cífer,404081,Jarná,Jarna,48.32284,17.46097,128,128
91943,SK0217506877,Cífer,407343,Pác,Pac,48.30517,17.52033,244,244
92001,SK0213507032,Hlohovec,409511,Šulekovo,Sulekovo,48.43004,17.78150,21,42
92003,SK0213507032,Hlohovec,409511,Šulekovo,Sulekovo,48.42801,17.77135,1141,2282
92056,SK0213507024,Dvorníky,407861,Posádka,Posadka,48.37209,17.77306,66,66
92061,SK0213506966,Dolné Trhovište,412480,Jelenová,Jelenova,48.44003,17.88524,106,106
92101,SK0214507440,Piešťany,404354,Kocurice,Kocurice,48.58202,17.76460,141,282
92201,SK0214507385,Ostrov,405863,Malé Orvište,Male Orviste,48.62714,17.77936,94,94
92204,SK0214507199,Kočín-Lančár,400166,Lančár,Lancar,48.59662,17.65105,108,108
92204,SK0214507199,Kočín-Lančár,404366,Kočín,Kocin,48.60184,17.65899,135,135
92208,SK0214507725,Veselé,410512,Ťapkové,Tapkove,48.53716,17.73525,70,70
92211,SK0214507466,Prašník,412478,Pustá Ves,Pusta Ves,48.63747,17.63241,39,39
92241,SK0214506991,Drahovce,410688,Voderady,Voderady,48.52091,17.76733,70,70
92401,SK0212503665,Galanta,402965,Nebojsa,Nebojsa,48.21844,17.72935,122,244
92401,SK0212503665,Galanta,418742,Hody,Hody,48.20364,17.71066,298,596
92501,SK0212503665,Galanta,416708,Javorinka,Javorinka,48.17021,17.71212,144,288
92509,SK0213507032,Hlohovec,409511,Šulekovo,Sulekovo,48.43263,17.76719,1,2
92522,SK0212504131,Veľké Úľany,406934,Nové Osady,Nove Osady,48.12393,17.58885,116,116
92541,SK0212503878,Kráľov Brod,416680,Slovenské Pole,Slovenske Pole,48.04817,17.79183,52,52
92541,SK0212503878,Kráľov Brod,416691,Mačonáš,Maconas,48.03665,17.85481,5,5
92552,SK0212504050,Šoporňa,411541,Štrkovec,Strkovec,48.20487,17.84483,19,19
92571,SK0235504092,Trnovec nad Váhom,409844,Horný Jatov,Horny Jatov,48.15530,17.95946,24,24
92571,SK0235504092,Trnovec nad Váhom,416654,Nový Dvor,Novy Dvor,48.12654,17.94534,14,14
92571,SK0235504092,Trnovec nad Váhom,416666,Kľučiareň,Kluciaren,48.15355,17.93494,1,1
92592,SK0212504084,Topoľnica,411530,Paľovce,Palovce,48.16201,17.79377,115,115
92701,SK0235504025,Šaľa,400087,Veča,Veca,48.16640,17.88084,2,4
92701,SK0235504025,Šaľa,416678,Hetméň,Hetmen,48.12262,17.90693,57,114
92705,SK0235504025,Šaľa,400087,Veča,Veca,48.16562,17.89089,1091,2182
92901,SK0211501433,Dunajská Streda,402874,Mliečany,Mliecany,47.96881,17.60553,156,312
92901,SK0211501433,Dunajská Streda,402886,Malé Blahovo,Male Blahovo,48.00836,17.61116,1523,3046
92901,SK0211501719,Kútniky,404951,Blažov,Blazov,47.98623,17.66040,371,371
92901,SK0211501719,Kútniky,404974,Heďbeneéte,Hedbeneete,47.97496,17.65322,274,274
92901,SK0211501719,Kútniky,404998,Töböréte,Toborete,47.97834,17.65760,289,289
92901,SK0211501719,Kútniky,416757,Kolónia,Kolonia,47.98560,17.66928,73,73
92901,SK0211501883,Pataš,407411,Milinovice,Milinovice,47.86203,17.66809,43,43
92901,SK0211501883,Pataš,407422,Pastúchy,Pastuchy,47.87539,17.65327,526,526
92901,SK0211555720,Povoda,404962,Čenkesfa,Cenkesfa,47.97217,17.64564,103,103
92901,SK0211555720,Povoda,404986,Pódafa,Podafa,47.97380,17.63975,210,210
92901,SK0211555720,Povoda,416710,Lidér Tejed,Lider Tejed,47.97378,17.63269,366,366
93002,SK0211501859,Orechová Potôň,407239,Dolná Potôň,Dolna Poton,48.01612,17.54240,185,185
93002,SK0211501859,Orechová Potôň,407252,Orechová Potôň-Lúky,Orechova Poton-Luky,48.08283,17.61755,8,8
93003,SK0211501697,Kostolné Kračany,404536,Amadeho Kračany,Amadeho Kracany,47.96330,17.57683,160,160
93003,SK0211501697,Kostolné Kračany,404550,Kynceľove Kračany,Kyncelove Kracany,47.97034,17.56010,75,75
93003,SK0211501697,Kostolné Kračany,404561,Moravské Kračany,Moravske Kracany,47.96935,17.56225,117,117
93003,SK0211501697,Kostolné Kračany,404573,Pinkove Kračany,Pinkove Kracany,47.97319,17.57251,193,193
93003,SK0211501697,Kostolné Kračany,416769,Šipošovské Kračany,Siposovske Kracany,47.96949,17.57475,285,285
93003,SK0211501701,Kráľovičove Kračany,404720,Etreho Kračany,Etreho Kracany,47.98208,17.54588,168,168
93003,SK0211501701,Kráľovičove Kračany,404731,Jastrabie Kračany,Jastrabie Kracany,48.00202,17.54832,131,131
93003,SK0211501701,Kráľovičove Kračany,404743,Kľúčiarove Kračany,Kluciarove Kracany,47.96693,17.54206,89,89
93003,SK0211501701,Kráľovičove Kračany,404767,Lesné Kračany,Lesne Kracany,47.99175,17.56242,176,176
93003,SK0211501743,Lúč na Ostrove,405591,Malá Lúč,Mala Luc,47.97239,17.50306,304,304
93003,SK0211501743,Lúč na Ostrove,405607,Veľká Lúč,Velka Luc,47.97458,17.52257,427,427
93008,SK0211501531,Čiližská Radvaň,416801,Vrbina,Vrbina,47.82598,17.71055,49,49
93010,SK0211501824,Okoč,416721,Jánošíkovo na Ostrove,Janosikovo na Ostrove,47.90926,17.75730,11,11
93021,SK0211501433,Dunajská Streda,402886,Malé Blahovo,Male Blahovo,48.06766,17.66602,22,44
93025,SK0211502006,Vrakúň,410743,Nekyje na Ostrove,Nekyje na Ostrove,47.94497,17.59971,881,881
93028,SK0211501824,Okoč,407185,Opatovský Sokolec,Opatovsky Sokolec,47.90036,17.80808,631,631
93028,SK0211501824,Okoč,416721,Jánošíkovo na Ostrove,Janosikovo na Ostrove,47.88890,17.81289,1,1
93033,SK0211501603,Horný Bar,403532,Šuľany,Sulany,47.95122,17.44303,419,419
93034,SK0211501581,Holice,403271,Beketfa,Beketfa,47.99289,17.49554,91,91
93034,SK0211501581,Holice,403283,Kostolná Gala,Kostolna Gala,47.99636,17.48361,326,326
93034,SK0211501581,Holice,403295,Malá Budafa,Mala Budafa,47.98444,17.46186,83,83
93034,SK0211501581,Holice,403301,Póšfa,Posfa,47.99113,17.47627,375,375
93034,SK0211501581,Holice,403313,Stará Gala,Stara Gala,47.98657,17.48453,328,328
93034,SK0211501581,Holice,403325,Veľká Budafa,Velka Budafa,47.99073,17.46514,170,170
93034,SK0211501581,Holice,416794,Čechová,Cechova,48.01192,17.48163,187,187
93035,SK0211501786,Michal na Ostrove,416733,Kolónia,Kolonia,48.03590,17.53048,99,99
93036,SK0211501590,Horná Potôň,403428,Benkova Potôň,Benkova Poton,48.03887,17.49941,592,592
93036,SK0211501590,Horná Potôň,403430,Čečínska Potôň,Cecinska Poton,48.03617,17.51089,321,321
93036,SK0211501735,Lehnice,405176,Masníkovo,Masnikovo,48.04064,17.47860,112,112
93037,SK0211501735,Lehnice,405164,Malý Lég,Maly Leg,48.05424,17.45219,516,516
93037,SK0211501735,Lehnice,405176,Masníkovo,Masnikovo,48.03984,17.47844,34,34
93037,SK0211501735,Lehnice,405188,Sása,Sasa,48.05887,17.44462,415,415
93037,SK0211501735,Lehnice,405190,Veľký Lég,Velky Leg,48.05332,17.45973,516,516
93038,SK0211501808,Nový Život,407010,Eliášovce,Eliasovce,48.11885,17.46582,658,658
93038,SK0211501808,Nový Život,407021,Tonkovce,Tonkovce,48.11851,17.44173,474,474
93038,SK0211501808,Nový Život,407033,Vojtechovce,Vojtechovce,48.10117,17.47748,229,229
93039,SK0211501662,Janíky,404019,Búštelek,Bustelek,48.14508,17.39134,67,67
93039,SK0211501662,Janíky,404021,Dolné Janíky,Dolne Janiky,48.13422,17.40544,249,249
93039,SK0211501662,Janíky,404032,Horné Janíky,Horne Janiky,48.14122,17.39386,292,292
93039,SK0211580554,Čenkovce,418493,Maslovce,Maslovce,48.09254,17.44588,127,127
93051,SK0211501972,Veľká Paka,410226,Čukárska Paka,Cukarska Paka,48.03224,17.38609,140,140
93051,SK0211501972,Veľká Paka,410238,Malá Paka,Mala Paka,48.04681,17.39050,111,111
93052,SK0211501859,Orechová Potôň,407252,Orechová Potôň-Lúky,Orechova Poton-Luky,48.08165,17.61871,11,11
93101,SK0211501905,Šamorín,406181,Bučuháza,Bucuhaza,48.02952,17.33532,140,280
93101,SK0211501905,Šamorín,406193,Kráľovianky,Kralovianky,48.01817,17.34655,196,392
93101,SK0211501905,Šamorín,406200,Mliečno,Mliecno,48.01918,17.32620,975,1950
93101,SK0211501905,Šamorín,409303,Čilistov,Cilistov,48.01080,17.30884,171,342
93201,SK0211501522,Veľký Meder,403982,Ižop,Izop,47.84911,17.74020,425,850
93401,SK0232502031,Levice,401985,Čankov,Cankov,48.19609,18.70830,236,472
93401,SK0232502031,Levice,403570,Horša,Horsa,48.24000,18.69261,148,296
93401,SK0232502031,Levice,404147,Kalinčiakovo,Kalinciakovo,48.20035,18.65677,614,1228
93401,SK0232502031,Levice,405917,Malý Kiar,Maly Kiar,48.18321,18.67610,172,344
93401,SK0232502031,Levice,416101,Nixbrod,Nixbrod,48.21728,18.63504,174,348
93401,SK0232502031,Levice,416113,Ladislavov Dvor,Ladislavov Dvor,48.21336,18.56302,61,122
93401,SK0232502031,Levice,416125,Krížny Vrch,Krizny Vrch,48.23542,18.60780,346,692
93401,SK0232502031,Levice,416137,Géňa,Gena,48.18717,18.60559,116,232
93401,SK0232502430,Krškany,404834,Malé Krškany,Male Krskany,48.22678,18.66556,197,197
93401,SK0232502430,Krškany,404846,Veľké Krškany,Velke Krskany,48.21297,18.67495,249,249
93401,SK0232502588,Nová Dedina,416046,Kamenec,Kamenec,48.25426,18.66764,22,22
93401,SK0235504025,Šaľa,400087,Veča,Veca,48.16545,17.88202,1,2
93405,SK0232502031,Levice,404147,Kalinčiakovo,Kalinciakovo,48.18415,18.65476,1,2
93502,SK0232502103,Brhlovce,416083,Kamenný Chotár,Kamenny Chotar,48.22241,18.76403,28,28
93503,SK0232502057,Bátovce,401092,Jalakšová,Jalaksova,48.28105,18.74502,64,64
93503,SK0232502219,Drženice,401109,Kmeťovce,Kmetovce,48.26253,18.70569,91,91
93505,SK0232502693,Pukanec,416011,Majere,Majere,48.37475,18.75472,87,87
93521,SK0232502863,Tlmače,416009,Lipník,Lipnik,48.29525,18.51710,584,1168
93525,SK0232502588,Nová Dedina,403076,Gondovo,Gondovo,48.28688,18.65509,237,237
93525,SK0232502588,Nová Dedina,406818,Opatová,Opatova,48.28296,18.64121,220,220
93525,SK0232502588,Nová Dedina,406820,Tekovská Nová Ves,Tekovska Nova Ves,48.27467,18.63266,234,234
93525,SK0232502588,Nová Dedina,416034,Svätý Kríž,Svaty Kriz,48.27094,18.65515,31,31
93525,SK0232502588,Nová Dedina,416046,Kamenec,Kamenec,48.25309,18.66764,6,6
93532,SK0232502413,Kalná nad Hronom,404172,Kalná,Kalna,48.19916,18.51897,619,619
93532,SK0232502413,Kalná nad Hronom,404184,Kalnica,Kalnica,48.21045,18.52066,189,189
93532,SK0232502413,Kalná nad Hronom,406261,Mochovce,Mochovce,48.26856,18.45113,113,113
93533,SK0232502596,Nový Tekov,406995,Marušová,Marusova,48.23517,18.52211,103,103
93533,SK0232502596,Nový Tekov,416022,Šándorhalma,Sandorhalma,48.24090,18.46355,1,1
93534,SK0232502936,Veľký Ďur,410457,Dolný Ďur,Dolny Dur,48.20656,18.44597,304,304
93534,SK0232502936,Veľký Ďur,410469,Horný Ďur,Horny Dur,48.21450,18.44479,188,188
93534,SK0232502936,Veľký Ďur,410471,Rohožnica,Rohoznica,48.21015,18.46457,216,216
93536,SK0232502065,Beša,416095,Malá Baračka,Mala Baracka,48.13848,18.39826,48,48
93541,SK0232502511,Málaš,416060,Arma,Arma,48.06100,18.50054,13,13
93541,SK0232502651,Plavé Vozokany,406030,Medvecké,Medvecke,48.08468,18.48910,52,52
93552,SK0232502804,Šarovce,409352,Veselá,Vesela,48.11955,18.60930,9,9
93555,SK0232502979,Zbrojníky,415984,Pežerňa,Pezerna,48.11188,18.74357,23,23
93556,SK0232502570,Mýtne Ludany,416058,Dobogov,Dobogov,48.17256,18.62600,10,10
93561,SK0232502324,Hronovce,403714,Čajakovo,Cajakovo,47.99688,18.65697,242,242
93561,SK0232502324,Hronovce,403726,Domaša,Domasa,48.00576,18.65671,220,220
93561,SK0232502324,Hronovce,403738,Vozokany nad Hronom,Vozokany nad Hronom,48.01153,18.66100,208,208
93569,SK0232502651,Plavé Vozokany,406030,Medvecké,Medvecke,48.09006,18.48531,19,19
93577,SK0232502944,Vyškovce nad Ipľom,415996,Nový Dvor,Novy Dvor,48.06806,18.84767,45,45
93581,SK0232502928,Veľké Turovce,410391,Dolné Turovce,Dolne Turovce,48.10018,18.94152,211,211
93581,SK0232502928,Veľké Turovce,410408,Stredné Turovce,Stredne Turovce,48.10843,18.94613,161,161
93584,SK0232502243,Hokovce,416071,Kráľovičová,Kralovicova,48.15023,18.86887,52,52
93584,SK0232502871,Tupá,409900,Chorvatice,Chorvatice,48.11948,18.89869,168,168
93587,SK0232502715,Santovka,408566,Malinovec,Malinovec,48.15057,18.77667,166,166
93601,SK0232502782,Šahy,408013,Preseľany nad Ipľom,Preselany nad Iplom,48.07102,18.91046,203,406
93601,SK0232502782,Šahy,409637,Tešmák,Tesmak,48.06247,18.98355,397,794
93701,SK0232502456,Kukučínov,404937,Malý Pesek,Maly Pesek,48.09900,18.71281,20,20
93701,SK0232502731,Sikenica,408682,Trhyňa,Trhyna,48.06294,18.71688,166,166
93701,SK0232502731,Sikenica,408694,Veľký Pesek,Velky Pesek,48.07500,18.71667,165,165
93701,SK0232502987,Želiezovce,409250,Svodov,Svodov,48.07957,18.65531,198,396
93701,SK0232502987,Želiezovce,411360,Mikula,Mikula,48.06467,18.66266,390,780
93701,SK0232502987,Želiezovce,415935,Veľký Dvor,Velky Dvor,48.04078,18.59649,82,164
93701,SK0232502987,Želiezovce,415947,Rozina,Rozina,48.06021,18.58928,19,38
93701,SK0232502987,Želiezovce,415959,Karolína,Karolina,48.02474,18.60833,25,50
93701,SK0232502987,Želiezovce,415961,Jarok,Jarok,48.03128,18.68946,13,26
94002,SK0234503011,Nové Zámky,414841,Nový Gúg,Novy Gug,48.00959,18.19020,2,4
94102,SK0234503321,Lipová,405358,Mlynský Sek,Mlynsky Sek,48.10937,18.17714,591,591
94102,SK0234503321,Lipová,405360,Ondrochov,Ondrochov,48.12576,18.18372,175,175
94110,SK0234503223,Jatov,404123,Dolný Jatov,Dolny Jatov,48.12765,18.02643,347,347
94110,SK0234503223,Jatov,414797,Malý Jatov,Maly Jatov,48.12434,18.00782,104,104
94110,SK0234503223,Jatov,414803,Kendereš,Kenderes,48.13804,17.97911,110,110
94111,SK0234503452,Palárikovo,414724,Ľudovítov,Ludovitov,48.03501,18.11370,150,150
94111,SK0234503452,Palárikovo,414736,Čiky,Ciky,48.06120,18.09762,15,15
94122,SK0234503649,Zemné,414701,Gúg,Gug,48.00440,18.09889,5,5
94123,SK0234503649,Zemné,414701,Gúg,Gug,48.00418,18.09903,21,21
94135,SK0234503169,Dubník,414827,Dvor Mikuláš,Dvor Mikulas,47.94081,18.30723,79,79
94145,SK0234503363,Maňa,405931,Malá Maňa,Mala Mana,48.14427,18.26530,180,180
94145,SK0234503363,Maňa,405942,Veľká Maňa,Velka Mana,48.15403,18.28747,915,915
94150,SK0234503134,Dedinka,402205,Hurbanovce,Hurbanovce,48.08255,18.41774,98,98
94201,SK0234503592,Šurany,404585,Kostolný Sek,Kostolny Sek,48.09783,18.18234,559,1118
94201,SK0234503592,Šurany,406697,Nitriansky Hrádok,Nitriansky Hradok,48.07007,18.20378,400,800
94342,SK0234503436,Nová Vieska,414748,Arad,Arad,47.88203,18.46825,76,76
94342,SK0234503576,Šarkan,402291,Diva,Diva,47.86778,18.56593,80,80
94352,SK0234503401,Mužla,414750,Malá Mužla,Mala Muzla,47.82209,18.54687,14,14
94352,SK0234503401,Mužla,414761,Jurský Chlm,Jursky Chlm,47.80103,18.53511,1,1
94352,SK0234503401,Mužla,414773,Čenkov,Cenkov,47.76551,18.52844,15,15
94356,SK0234503088,Bíňa,414839,Kolónia,Kolonia,47.93694,18.64004,37,37
94365,SK0234503231,Kamenica nad Hronom,414785,Kováčov,Kovacov,47.82372,18.78053,3,3
94501,SK0231501026,Komárno,403971,Malá Iža,Mala Iza,47.76160,18.15411,91,182
94501,SK0231501026,Komárno,406881,Nová Stráž,Nova Straz,47.76365,18.04802,8,16
94501,SK0231501026,Komárno,416575,Veľký Harčáš,Velky Harcas,47.75139,18.16065,196,392
94501,SK0231501026,Komárno,416599,Nová Osada,Nova Osada,47.78572,18.11109,349,698
94501,SK0231501026,Komárno,416605,Lándor,Landor,47.79688,18.12909,31,62
94501,SK0231501026,Komárno,416617,Kava,Kava,47.81636,18.09639,283,566
94501,SK0231501026,Komárno,416629,Hadovce,Hadovce,47.78100,18.08510,377,754
94501,SK0231501026,Komárno,416631,Ďulov Dvor,Dulov Dvor,47.78806,18.17050,189,378
94501,SK0231501409,Vrbová nad Váhom,416253,Zlatá Osada,Zlata Osada,47.87004,18.06007,40,40
94501,SK0231501409,Vrbová nad Váhom,416265,Hliník,Hlinik,47.83694,18.09591,42,42
94501,SK0231501409,Vrbová nad Váhom,416277,Čergov,Cergov,47.87830,18.04382,7,7
94504,SK0231501026,Komárno,406881,Nová Stráž,Nova Straz,47.76429,18.04842,1080,2160
94504,SK0231501026,Komárno,416587,Pavel,Pavel,47.76577,18.01703,27,54
94504,SK0231501026,Komárno,416617,Kava,Kava,47.81517,18.09647,2,4
94504,SK0231501026,Komárno,416642,Čerhát,Cerhat,47.78818,18.01141,58,116
94505,SK0231501026,Komárno,406881,Nová Stráž,Nova Straz,47.76488,18.04243,1,2
94601,SK0231501182,Kameničná,416423,Balvany,Balvany,47.83239,18.01832,49,49
94602,SK0231501085,Čalovec,416526,Violín,Violin,47.84174,17.96581,101,101
94603,SK0231501107,Dedina Mládeže,416496,Malý Ostrov,Maly Ostrov,47.96555,17.99809,97,97
94603,SK0231501204,Kolárovo,416368,Veľký Ostrov,Velky Ostrov,47.95743,17.90933,259,518
94603,SK0231501204,Kolárovo,416370,Veľká Gúta,Velka Guta,47.92176,18.02712,111,222
94603,SK0231501204,Kolárovo,416381,Pačérok,Pacerok,47.93350,18.01488,106,212
94603,SK0231501204,Kolárovo,416393,Kráľka,Kralka,47.87983,17.94585,28,56
94603,SK0231501204,Kolárovo,416411,Částa,Casta,47.89955,17.99571,330,660
94612,SK0231501425,Zlatná na Ostrove,416230,Veľký Lél,Velky Lel,47.75676,17.94426,28,28
94612,SK0231501425,Zlatná na Ostrove,416241,Horná Zlatná,Horna Zlatna,47.78260,17.94952,30,30
94613,SK0231501301,Okoličná na Ostrove,416321,Štúrová,Sturova,47.83224,17.94290,68,68
94619,SK0231501093,Číčov,416502,Krížový Dvor,Krizovy Dvor,47.78706,17.77317,6,6
94621,SK0231501387,Veľké Kosihy,416291,Okánikovo,Okanikovo,47.78698,17.88629,70,70
94632,SK0231501239,Marcelová,405954,Krátke Kesy,Kratke Kesy,47.79375,18.27411,1038,1038
94634,SK0231501395,Bátorove Kosihy,416289,Mikulášov Sad,Mikulasov Sad,47.84525,18.43361,32,32
94638,SK0231501336,Radvaň nad Dunajom,416307,Žitava,Zitava,47.74443,18.33759,62,62
94638,SK0231501336,Radvaň nad Dunajom,416319,Bystrička,Bystricka,47.76404,18.35798,17,17
94639,SK0231501174,Iža,416435,Bokroš,Bokros,47.75076,18.25289,13,13
94651,SK0231501280,Nesvady,416332,Sady,Sady,47.89154,18.03631,22,44
94651,SK0231501280,Nesvady,416344,Aňalské Záhrady,Analske Zahrady,47.95780,18.14387,87,174
94651,SK0231501280,Nesvady,416356,Aňala,Anala,47.95723,18.13692,125,250
94654,SK0231501034,Bajč,416538,Vlkanovo,Vlkanovo,47.94631,18.23630,25,25
94654,SK0231501034,Bajč,416540,Nový Diel,Novy Diel,47.92224,18.20967,9,9
94654,SK0231501034,Bajč,416551,Kotelnica,Kotelnica,47.93935,18.17953,10,10
94654,SK0231501034,Bajč,416563,Chrasť,Chrast,47.91681,18.25890,28,28
94654,SK0231501140,Hurbanovo,401341,Bohatá,Bohata,47.90651,18.20947,3,6
94701,SK0231501140,Hurbanovo,401341,Bohatá,Bohata,47.88914,18.20274,254,508
94701,SK0231501140,Hurbanovo,416447,Zelený Háj,Zeleny Haj,47.85084,18.17175,235,470
94701,SK0231501140,Hurbanovo,416459,Vék,Vek,47.85896,18.15293,189,378
94701,SK0231501140,Hurbanovo,416461,Nová Trstená,Nova Trstena,47.88952,18.24851,4,8
94701,SK0231501140,Hurbanovo,416472,Konkoľ,Konkol,47.84223,18.19006,16,32
94701,SK0231501140,Hurbanovo,416484,Holanovo,Holanovo,47.84045,18.16571,59,118
94703,SK0231501140,Hurbanovo,401341,Bohatá,Bohata,47.88740,18.20405,879,1758
94703,SK0231501140,Hurbanovo,416461,Nová Trstená,Nova Trstena,47.88897,18.24970,86,172
94901,SK0233500011,Nitra,402709,Dražovce,Drazovce,48.35184,18.05813,833,1666
94901,SK0233500011,Nitra,406612,Horné Krškany,Horne Krskany,48.28599,18.07748,64,128
94901,SK0233500011,Nitra,406624,Čermáň,Cerman,48.29579,18.07092,1751,3502
94901,SK0233500011,Nitra,406636,Kynek,Kynek,48.31227,18.03395,536,1072
94901,SK0233500011,Nitra,406648,Mlynárce,Mlynarce,48.31458,18.05568,498,996
94901,SK0233500011,Nitra,406650,Chrenová,Chrenova,48.31227,18.11168,2262,4524
94901,SK0233500011,Nitra,410275,Janíkovce,Janikovce,48.28790,18.14006,6,12
94901,SK0233500011,Nitra,414955,Staré Mesto,Stare Mesto,48.30711,18.08418,3213,6426
94901,SK0233500011,Nitra,414967,Párovské Háje,Parovske Haje,48.29118,18.03273,589,1178
94901,SK0233500011,Nitra,414979,Klokočina,Klokocina,48.30473,18.05694,438,876
94901,SK0233500011,Nitra,414981,Diely,Diely,48.30829,18.05340,57,114
94901,SK0233500011,Nitra,417105,Zobor,Zobor,48.33109,18.09796,3428,6856
94905,SK0233500011,Nitra,402503,Dolné Krškany,Dolne Krskany,48.27196,18.09728,962,1924
94905,SK0233500011,Nitra,402709,Dražovce,Drazovce,48.26946,18.09974,1,2
94905,SK0233500011,Nitra,406612,Horné Krškany,Horne Krskany,48.28451,18.08841,522,1044
94905,SK0233500011,Nitra,414955,Staré Mesto,Stare Mesto,48.28892,18.08391,4,8
94907,SK0233500011,Nitra,406650,Chrenová,Chrenova,48.31327,18.10741,1,2
94907,SK0233500011,Nitra,410275,Janíkovce,Janikovce,48.28804,18.13674,1003,2006
94911,SK0233500011,Nitra,402503,Dolné Krškany,Dolne Krskany,48.25886,18.08206,1,2
94911,SK0233500011,Nitra,406636,Kynek,Kynek,48.30811,18.03934,80,160
94911,SK0233500011,Nitra,406648,Mlynárce,Mlynarce,48.31226,18.05160,7,14
94911,SK0233500011,Nitra,406650,Chrenová,Chrenova,48.31889,18.10215,2,4
94911,SK0233500011,Nitra,414955,Staré Mesto,Stare Mesto,48.31000,18.08173,4,8
94911,SK0233500011,Nitra,414967,Párovské Háje,Parovske Haje,48.30493,18.03794,13,26
94911,SK0233500011,Nitra,414979,Klokočina,Klokocina,48.30072,18.05435,929,1858
94911,SK0233500011,Nitra,414981,Diely,Diely,48.30526,18.05023,247,494
95113,SK0233500071,Branč,401559,Veľká Ves,Velka Ves,48.21868,18.14188,396,396
95115,SK0233500844,Veľká Dolina,414890,Bačala,Bacala,48.18634,18.00475,33,33
95117,SK0233545589,Cabaj-Čápor,401869,Cabaj,Cabaj,48.24384,18.02592,1236,1236
95117,SK0233545589,Cabaj-Čápor,401997,Čápor,Capor,48.24914,18.01750,538,538
95124,SK0233500640,Nové Sady,401924,Sila,Sila,48.40721,17.97146,161,161
95124,SK0233500640,Nové Sady,414920,Ceroviny,Ceroviny,48.42691,17.94142,36,36
95125,SK0233500313,Hruboňovo,403751,Výčapky,Vycapky,48.45252,18.02558,134,134
95125,SK0233500313,Hruboňovo,414931,Suľany,Sulany,48.44136,18.02468,178,178
95126,SK0233500780,Šurianky,414906,Perkovce,Perkovce,48.40003,18.02758,23,23
95131,SK0235500739,Močenok,414918,Gorazdov,Gorazdov,48.19060,17.95673,4,4
95134,SK0233500046,Báb,400804,Malý Báb,Maly Bab,48.30739,17.86661,316,316
95134,SK0233500046,Báb,400816,Veľký Báb,Velky Bab,48.31220,17.87538,180,180
95134,SK0233500046,Báb,414943,Alexandrov Dvor,Alexandrov Dvor,48.29854,17.89401,60,60
95141,SK0233500011,Nitra,406648,Mlynárce,Mlynarce,48.32392,18.04007,14,28
95142,SK0233500950,Zbehy,400798,Andač,Andac,48.37484,17.97487,99,99
95142,SK0233500950,Zbehy,414876,Holotka,Holotka,48.36021,18.02119,44,44
95146,SK0233500674,Podhorany,407641,Mechenice,Mechenice,48.37588,18.12249,238,238
95146,SK0233500674,Podhorany,407653,Sokolníky,Sokolniky,48.38425,18.11131,285,285
95171,SK0237500747,Sľažany,408803,Dolné Sľažany,Dolne Slazany,48.38501,18.32460,455,455
95171,SK0237500747,Sľažany,408815,Horné Sľažany,Horne Slazany,48.39603,18.32631,224,224
95175,SK0237500062,Beladice,401160,Pustý Chotár,Pusty Chotar,48.34422,18.27942,226,226
95175,SK0237500062,Beladice,418419,Malé Chrašťany,Male Chrastany,48.32157,18.30518,75,75
95175,SK0237500062,Beladice,418421,Veľké Chrašťany,Velke Chrastany,48.33835,18.30066,347,347
95176,SK0237500810,Tesárske Mlyňany,409613,Mlyňany,Mlynany,48.33145,18.35415,290,290
95176,SK0237500810,Tesárske Mlyňany,409625,Tesáre nad Žitavou,Tesare nad Zitavou,48.34277,18.36027,405,405
95187,SK0237500925,Volkovce,410720,Závada,Zavada,48.33731,18.45073,72,72
95187,SK0237500925,Volkovce,414888,Olichov,Olichov,48.35631,18.47552,65,65
95188,SK0233500470,Lúčnica nad Žitavou,405656,Martinová,Martinova,48.20059,18.28145,115,115
95188,SK0233500470,Lúčnica nad Žitavou,405668,Vajka nad Žitavou,Vajka nad Zitavou,48.21576,18.28364,431,431
95201,SK0233500933,Vráble,402941,Dyčka,Dycka,48.23757,18.28996,283,566
95201,SK0233500933,Vráble,403556,Horný Ohaj,Horny Ohaj,48.25980,18.31225,421,842
95301,SK0237500968,Zlaté Moravce,411231,Prílepy,Prilepy,48.36106,18.42324,10,20
95301,SK0237500968,Zlaté Moravce,414864,Chyzerovce,Chyzerovce,48.37016,18.38370,422,844
95305,SK0237500968,Zlaté Moravce,411231,Prílepy,Prilepy,48.36143,18.41856,203,406
95501,SK0236504998,Topoľčany,405814,Malé Bedzany,Male Bedzany,48.59095,18.17777,130,260
95501,SK0236504998,Topoľčany,410251,Veľké Bedzany,Velke Bedzany,48.60699,18.15230,310,620
95501,SK0236505773,Závada,412946,Záhrada,Zahrada,48.63037,18.05437,54,54
95601,SK0236542717,Bojná,401391,Malé Dvorany,Male Dvorany,48.56628,18.06664,140,140
95602,SK0236505641,Urmince,412958,Kľačany,Klacany,48.53137,18.11442,36,36
95605,SK0236505421,Radošina,401833,Bzince,Bzince,48.52616,17.92462,113,113
95607,SK0236505714,Veľké Ripňany,401111,Behynce,Behynce,48.52162,17.96998,200,200
95608,SK0236542938,Horné Obdokovce,407071,Obsolovce,Obsolovce,48.50194,18.01493,151,151
95608,SK0236542938,Horné Obdokovce,412995,Bodok,Bodok,48.50550,18.06029,29,29
95611,SK0236505048,Ludanice,406454,Mýtna Nová Ves,Mytna Nova Ves,48.48241,18.10431,202,202
95618,SK0225542733,Bošany,401481,Baštín,Bastin,48.55913,18.23780,55,55
95631,SK0236556149,Krušovce,404858,Dolné Chlebany,Dolne Chlebany,48.60054,18.21811,138,138
95634,SK0225505307,Ostratice,407290,Malé Ostratice,Male Ostratice,48.65046,18.27320,163,163
95634,SK0225505307,Ostratice,407306,Veľké Ostratice,Velke Ostratice,48.64477,18.27869,157,157
95641,SK0221505625,Uhrovec,410044,Látkovce,Latkovce,48.70379,18.35683,16,16
95641,SK0221505811,Žitná-Radiša,411449,Radiša,Radisa,48.77345,18.34505,83,83
95641,SK0221505811,Žitná-Radiša,411451,Žitná,Zitna,48.76640,18.34841,164,164
95641,SK0221543136,Kšinná,411061,Závada pod Čiernym vrchom,Zavada pod Ciernym vrchom,48.82353,18.35812,112,112
95641,SK0221543136,Kšinná,412971,Rakovec,Rakovec,48.79284,18.36663,15,15
95654,SK0221505072,Malá Hradná,412960,Kochnáč,Kochnac,48.75415,18.17138,59,59
95654,SK0221545651,Veľké Držkovce,402163,Čuklasovce,Cuklasovce,48.73919,18.14031,97,97
95654,SK0221545651,Veľké Držkovce,402485,Dolné Držkovce,Dolne Drzkovce,48.73214,18.17822,148,148
95654,SK0221545651,Veľké Držkovce,403477,Horné Držkovce,Horne Drzkovce,48.73690,18.16654,73,73
95701,SK0221505625,Uhrovec,410044,Látkovce,Latkovce,48.70691,18.35623,45,45
95701,SK0221542652,Bánovce nad Bebravou,401251,Biskupice,Biskupice,48.70924,18.24349,150,300
95701,SK0221542652,Bánovce nad Bebravou,403519,Horné Ozorovce,Horne Ozorovce,48.73651,18.23475,52,104
95701,SK0221542652,Bánovce nad Bebravou,405840,Malé Chlievany,Male Chlievany,48.72208,18.24058,163,326
95701,SK0221542652,Bánovce nad Bebravou,413008,Dolné Ozorovce,Dolne Ozorovce,48.72481,18.24357,309,618
95701,SK0221542741,Brezolupy,400014,Jerichov,Jerichov,48.69408,18.32365,51,51
95703,SK0221542652,Bánovce nad Bebravou,403519,Horné Ozorovce,Horne Ozorovce,48.73661,18.23519,192,384
95703,SK0221542822,Dežerice,402280,Vlčkovo,Vlckovo,48.76315,18.20691,140,140
95801,SK0225505315,Partizánske,405826,Malé Bielice,Male Bielice,48.62995,18.33497,249,498
95801,SK0225505315,Partizánske,406510,Návojovce,Navojovce,48.65096,18.36364,56,112
95801,SK0225505315,Partizánske,410263,Veľké Bielice,Velke Bielice,48.63316,18.35699,105,210
95801,SK0229505820,Trenčín,407173,Opatová,Opatova,48.90173,18.12219,1,2
95801,SK0229505820,Trenčín,411267,Zlatovce,Zlatovce,48.89737,18.02112,1,2
95803,SK0225505315,Partizánske,410263,Veľké Bielice,Velke Bielice,48.63688,18.35809,2,4
95804,SK0225505315,Partizánske,405826,Malé Bielice,Male Bielice,48.62918,18.33475,12,24
95804,SK0225505315,Partizánske,406510,Návojovce,Navojovce,48.64746,18.36459,156,312
95804,SK0225505315,Partizánske,410263,Veľké Bielice,Velke Bielice,48.63169,18.35283,795,1590
95806,SK0229505820,Trenčín,410925,Záblatie,Zablatie,48.90660,17.98863,1,2
95841,SK0225505315,Partizánske,410263,Veľké Bielice,Velke Bielice,48.63253,18.35559,2,4
95841,SK0226512842,Považská Bystrica,407938,Považská Teplá,Povazska Tepla,49.14417,18.48177,1,2
95844,SK0225543047,Klátova Nová Ves,404056,Janova Ves,Janova Ves,48.56046,18.31953,153,153
95844,SK0225543047,Klátova Nová Ves,412983,Sádok,Sadok,48.55917,18.26316,31,31
95845,SK0225505731,Veľký Klíž,410482,Klíž,Kliz,48.55108,18.36648,260,260
95845,SK0225505731,Veľký Klíž,410494,Klížske Hradište,Klizske Hradiste,48.55751,18.37069,241,241
96001,SK032B518158,Zvolen,404688,Kráľová,Kralova,48.50495,19.17756,94,188
96001,SK032B518158,Zvolen,405681,Lukové,Lukove,48.60316,19.19438,5,10
96001,SK032B518158,Zvolen,411281,Zolná,Zolna,48.59675,19.22145,1,2
96001,SK032B518158,Zvolen,411309,Môťová,Motova,48.56102,19.15073,2705,5410
96001,SK032B518158,Zvolen,412284,Neresnica,Neresnica,48.56382,19.13197,128,256
96201,SK032B518972,Zvolenská Slatina,411311,Slatinka,Slatinka,48.55667,19.21151,77,77
96202,SK0324518921,Vígľaš,411942,Pstruša,Pstrusa,48.55046,19.31411,44,44
96204,SK0324580520,Korytárky,400154,Zlatnô,Zlatno,48.55208,19.45764,58,58
96205,SK0324518271,Detvianska Huta,412168,Žabica,Zabica,48.57245,19.61452,53,53
96205,SK0324518271,Detvianska Huta,412170,Vrchdobroč,Vrchdobroc,48.54675,19.57338,69,69
96205,SK0324518271,Detvianska Huta,412181,Komárno,Komarno,48.58001,19.59382,89,89
96205,SK0324518271,Detvianska Huta,412193,Bratkovica,Bratkovica,48.59167,19.62427,120,120
96205,SK0324518468,Hriňová,403647,Horná Hriňová,Horna Hrinova,48.59375,19.53523,54,108
96205,SK0324518468,Hriňová,412041,Vrchslatina,Vrchslatina,48.64239,19.60428,9,18
96205,SK0324518468,Hriňová,412053,Štoliansko,Stoliansko,48.56948,19.57341,60,120
96205,SK0324518468,Hriňová,412065,Snohy,Snohy,48.62836,19.54801,73,146
96205,SK0324518468,Hriňová,412077,Slanec,Slanec,48.56669,19.52207,348,696
96205,SK0324518468,Hriňová,412089,Mangútovo,Mangutovo,48.55658,19.55753,41,82
96205,SK0324518468,Hriňová,412119,Jasenovo,Jasenovo,48.56693,19.51553,71,142
96205,SK0324518468,Hriňová,412121,Biele Vody,Biele Vody,48.62330,19.62328,26,52
96205,SK0324518468,Hriňová,418596,Blato,Blato,48.57388,19.46578,96,192
96205,SK0324518468,Hriňová,418602,Krivec,Krivec,48.57167,19.48984,926,1852
96205,SK0324518468,Hriňová,418614,Pivnička,Pivnicka,48.59113,19.50023,126,252
96205,SK0324518468,Hriňová,418626,Priehalina,Priehalina,48.59893,19.51867,186,372
96205,SK0324518468,Hriňová,418638,Riečka,Riecka,48.58336,19.50763,188,376
96205,SK0324518468,Hriňová,418640,Zánemecká,Zanemecka,48.58588,19.47300,120,240
96212,SK0324518263,Detva,402254,Detva-sídlisko,Detva-sidlisko,48.54272,19.40994,1617,3234
96212,SK0324518263,Detva,412200,Zapriechody,Zapriechody,48.56716,19.38253,19,38
96212,SK0324518263,Detva,412211,Skliarovo,Skliarovo,48.57887,19.44433,491,982
96212,SK0324518263,Detva,412223,Piešť II,Piest II,48.50383,19.42535,376,752
96212,SK0324518263,Detva,412235,Piešť I,Piest I,48.51669,19.40580,394,788
96212,SK0324518263,Detva,412247,Krné,Krne,48.53579,19.39005,167,334
96212,SK0324518263,Detva,412259,Kostolná,Kostolna,48.58736,19.40597,275,550
96212,SK0324518379,Dúbravy,412144,Želobudza,Zelobudza,48.59103,19.33807,45,45
96212,SK0324518379,Dúbravy,412156,Iviny,Iviny,48.61364,19.39537,139,139
96212,SK0324518921,Vígľaš,411942,Pstruša,Pstrusa,48.54769,19.31663,226,226
96221,SK032B518158,Zvolen,405681,Lukové,Lukove,48.60344,19.19401,91,182
96221,SK032B518158,Zvolen,411281,Zolná,Zolna,48.60023,19.22216,175,350
96225,SK0324518492,Klokoč,412028,Jašov Vrch,Jasov Vrch,48.50246,19.35237,55,55
96225,SK0324518816,Stará Huta,411954,Sliačska Podpoľana,Sliacska Podpolana,48.49063,19.36815,37,37
96225,SK0324518930,Vígľašská Huta-Kalinka,410561,Kalinka,Kalinka,48.49392,19.27816,163,163
96225,SK0324518930,Vígľašská Huta-Kalinka,410573,Vígľašská Huta,Viglasska Huta,48.48425,19.26846,167,167
96231,SK032B518808,Sliač,408554,Sampor,Sampor,48.62919,19.20039,93,186
96231,SK032B518808,Sliač,408827,Hájniky,Hajniky,48.61562,19.13562,462,924
96231,SK032B518808,Sliač,408839,Rybáre,Rybare,48.61365,19.14818,1055,2110
96231,SK032B518808,Sliač,411966,Sliač-kúpele,Sliac-kupele,48.61021,19.16191,20,40
96234,SK032B518875,Tŕnie,409807,Budička,Budicka,48.59938,19.02105,44,44
96234,SK032B518875,Tŕnie,409819,Kašova Lehôtka,Kasova Lehotka,48.61702,19.03481,32,32
96237,SK032B518808,Sliač,408827,Hájniky,Hajniky,48.60840,19.10605,34,68
96241,SK0325518484,Jalšovík,404007,Dolný Jalšovík,Dolny Jalsovik,48.31042,19.10266,89,89
96241,SK0325518484,Jalšovík,412030,Horný Jalšovík,Horny Jalsovik,48.31931,19.10556,100,100
96252,SK0325518239,Cerovo,412261,Duchenec,Duchenec,48.25532,19.19320,26,26
96255,SK0325518701,Rykynčice,408505,Dolné Rykynčice,Dolne Rykyncice,48.19752,18.97053,360,360
96255,SK0325518701,Rykynčice,408517,Horné Rykynčice,Horne Rykyncice,48.20931,18.97262,118,118
96261,SK032B518191,Breziny,401584,Dolné Breziny,Dolne Breziny,48.51673,19.08247,37,37
96261,SK032B518191,Breziny,412272,Horné Breziny,Horne Breziny,48.51121,19.08579,112,112
96263,SK032B518581,Lešť (vojenský obvod),405231,Lešť,Lest,48.39414,19.24602,3,3
96263,SK032B518581,Lešť (vojenský obvod),405255,Podjavorie,Podjavorie,48.39527,19.24109,2,2
96263,SK032B518581,Lešť (vojenský obvod),405267,Vidov Vrch,Vidov Vrch,48.38795,19.23072,8,8
96263,SK032B518689,Pliešovce,410998,Zaježová,Zajezova,48.45765,19.21582,205,205
96263,SK032B518689,Pliešovce,411978,Polomy,Polomy,48.45301,19.22725,39,39
96263,SK032B518689,Pliešovce,411980,Podjavorie,Podjavorie,48.42971,19.22781,67,67
96263,SK032B518689,Pliešovce,412004,Lonec,Lonec,48.41989,19.20864,61,61
96263,SK032B518689,Pliešovce,412016,Dolinky,Dolinky,48.46655,19.22408,24,24
96265,SK0325518417,Hontianske Nemce,403362,Rakovec,Rakovec,48.29069,19.00569,131,131
96265,SK0325518417,Hontianske Nemce,408712,Sitnianska Lehôtka,Sitnianska Lehotka,48.32184,18.95578,42,42
96265,SK0325518531,Kráľovce-Krnišov,404706,Kráľovce,Kralovce,48.34883,18.97754,56,56
96265,SK0325518531,Kráľovce-Krnišov,404718,Krnišov,Krnisov,48.35254,18.97329,82,82
96268,SK0325518425,Hontianske Tesáre,400830,Báčovce,Bacovce,48.23730,18.91608,53,53
96268,SK0325518425,Hontianske Tesáre,402930,Dvorníky,Dvorniky,48.19878,18.92511,199,199
96268,SK0325518425,Hontianske Tesáre,412132,Šipice,Sipice,48.22440,18.92827,103,103
96271,SK0325518387,Dudince,402849,Merovce,Merovce,48.16584,18.89550,212,424
96271,SK0325518409,Hontianske Moravce,403337,Kostolné Moravce,Kostolne Moravce,48.18713,18.85176,224,224
96271,SK0325518409,Hontianske Moravce,403349,Opatové Moravce,Opatove Moravce,48.18700,18.84572,156,156
96275,SK0324518450,Horný Tisovník,402643,Dolný Tisovník,Dolny Tisovnik,48.39009,19.37627,37,37
96501,SK032D516589,Žiar nad Hronom,409364,Šášovské Podhradie,Sasovske Podhradie,48.57788,18.89778,148,296
96501,SK032D599328,Ladomerská Vieska,405073,Ladomer,Ladomer,48.57725,18.87709,206,206
96501,SK032D599328,Ladomerská Vieska,411474,Vieska,Vieska,48.57497,18.87393,296,296
96601,SK032D516708,Bzenica,401717,Bukovina,Bukovina,48.53625,18.73182,98,98
96601,SK032D517186,Prestavlky,403453,Horná Trnávka,Horna Trnavka,48.57930,18.75875,116,116
96611,SK032D517313,Trnavá Hora,403994,Jalná,Jalna,48.58532,18.95488,77,77
96611,SK032D517313,Trnavá Hora,404251,Kľačany,Klacany,48.61235,18.95831,83,83
96623,SK032D517038,Lovčica-Trubín,405498,Lovčica,Lovcica,48.61899,18.79398,372,372
96623,SK032D517038,Lovčica-Trubín,409893,Trubín,Trubin,48.61682,18.78439,316,316
96653,SK032C516830,Hronský Beňadik,408128,Psiare,Psiare,48.32904,18.55165,212,212
96661,SK032C516759,Hodruša-Hámre,401006,Banská Hodruša,Banska Hodrusa,48.45927,18.81659,124,124
96661,SK032C516759,Hodruša-Hámre,402497,Dolné Hámre,Dolne Hamre,48.46000,18.75723,517,517
96661,SK032C516759,Hodruša-Hámre,404494,Kopanice,Kopanice,48.43144,18.80811,207,207
96663,SK032C516759,Hodruša-Hámre,401006,Banská Hodruša,Banska Hodrusa,48.46044,18.81415,428,428
96681,SK032C516759,Hodruša-Hámre,402497,Dolné Hámre,Dolne Hamre,48.47015,18.72748,2,2
96681,SK032C517381,Žarnovica,408359,Revištské Podzámčie,Revistske Podzamcie,48.51291,18.71856,93,186
96681,SK032C517381,Žarnovica,411334,Žarnovická Huta,Zarnovicka Huta,48.49317,18.69066,125,250
96681,SK032C517381,Žarnovica,411840,Lukavica,Lukavica,48.48231,18.74652,145,290
96681,SK032D516708,Bzenica,411905,Záhorčie,Zahorcie,48.49311,18.74123,32,32
96801,SK032C516805,Horné Hámre,411899,Kostivrch,Kostivrch,48.47974,18.65620,47,47
96801,SK032C517097,Nová Baňa,401705,Bukovina,Bukovina,48.41675,18.57592,161,322
96801,SK032C517097,Nová Baňa,411863,Štále,Stale,48.45196,18.62632,950,1900
96801,SK032C517097,Nová Baňa,411875,Stará Huta,Stara Huta,48.42400,18.57770,92,184
96801,SK032C517097,Nová Baňa,411887,Chotár,Chotar,48.44339,18.57397,157,314
96901,SK0322516601,Baďan,404263,Klastava,Klastava,48.32489,18.86180,42,42
96901,SK0322516643,Banská Štiavnica,411917,Štefultov,Stefultov,48.43913,18.89434,604,1208
96901,SK0322516643,Banská Štiavnica,411929,Sitnianska,Sitnianska,48.43304,18.89568,130,260
96901,SK0322516643,Banská Štiavnica,411931,Počúvadlianske Jazero,Pocuvadlianske Jazero,48.40219,18.85548,259,518
96901,SK0322516643,Banská Štiavnica,418251,Banky,Banky,48.48351,18.85902,124,248
96982,SK0322517143,Podhorie,407665,Teplá,Tepla,48.49917,18.91909,113,113
96982,SK0322517143,Podhorie,407677,Žakýl,Zakyl,48.49715,18.92664,118,118
97101,SK0227513881,Prievidza,413926,Prievidza V. Štvrte,Prievidza V. Stvrte,48.75764,18.67157,925,1850
97101,SK0227513881,Prievidza,413938,Prievidza IV. Kopanice,Prievidza IV. Kopanice,48.77865,18.64222,956,1912
97101,SK0227513881,Prievidza,413940,Prievidza III. Necpaly,Prievidza III. Necpaly,48.78223,18.62859,1561,3122
97101,SK0227513881,Prievidza,413951,Prievidza II. Píly,Prievidza II. Pily,48.77273,18.60405,2643,5286
97101,SK0227513881,Prievidza,413963,Prievidza I. Staré Mesto,Prievidza I. Stare Mesto,48.76796,18.62624,3097,6194
97101,SK0227513903,Bojnice,413902,Kúty,Kuty,48.79331,18.62067,30,60
97201,SK0227513903,Bojnice,401419,Dubnica,Dubnica,48.79282,18.58725,512,1024
97201,SK0227513903,Bojnice,413902,Kúty,Kuty,48.79013,18.61914,1,2
97201,SK0227513903,Bojnice,413914,Bojnice-kúpele,Bojnice-kupele,48.76967,18.57652,91,182
97212,SK0227514209,Nedožery-Brezany,406533,Brezany,Brezany,48.81725,18.65040,435,435
97212,SK0227514209,Nedožery-Brezany,406545,Nedožery,Nedozery,48.82070,18.64389,390,390
97213,SK0227514187,Malinová,418871,Pri Háji,Pri Haji,48.85807,18.62196,28,28
97213,SK0227514225,Nitrianske Pravno,406673,Solka,Solka,48.86637,18.65434,96,96
97213,SK0227514225,Nitrianske Pravno,406685,Vyšehradné,Vysehradne,48.88696,18.67007,116,116
97222,SK0227514250,Nitrica,406703,Dvorníky nad Nitricou,Dvorniky nad Nitricou,48.70284,18.44505,209,209
97222,SK0227514250,Nitrica,406715,Račice,Racice,48.70624,18.45551,359,359
97224,SK0227513954,Diviacka Nová Ves,402310,Vrbany,Vrbany,48.74946,18.50322,170,170
97225,SK0227513962,Diviaky nad Nitricou,400877,Banky,Banky,48.78156,18.49538,120,120
97225,SK0227513962,Diviaky nad Nitricou,404135,Ješkova Ves nad Nitricou,Jeskova Ves nad Nitricou,48.77842,18.49005,134,134
97225,SK0227513962,Diviaky nad Nitricou,405700,Mačov,Macov,48.77135,18.50184,131,131
97225,SK0227513962,Diviaky nad Nitricou,413872,Somorova Ves,Somorova Ves,48.75851,18.49192,56,56
97226,SK0227514233,Nitrianske Rudno,418365,Priehrada,Priehrada,48.80987,18.47752,251,251
97227,SK0227514144,Liešťany,405309,Dobročná,Dobrocna,48.83210,18.48070,135,135
97227,SK0227514144,Liešťany,405322,Lomnica,Lomnica,48.83359,18.47624,121,121
97228,SK0227514420,Valaská Belá,413721,Škrípov,Skripov,48.91694,18.38436,155,155
97228,SK0227514420,Valaská Belá,413732,Studenec,Studenec,48.89532,18.42838,143,143
97228,SK0227514420,Valaská Belá,413744,Stanáková,Stanakova,48.89980,18.36285,274,274
97228,SK0227514420,Valaská Belá,413756,Matušíková,Matusikova,48.87699,18.43648,130,130
97228,SK0227514420,Valaská Belá,413768,Gápel,Gapel,48.91364,18.49068,50,50
97229,SK0227513938,Čavoj,413896,Biela Voda,Biela Voda,48.88984,18.48767,61,61
97231,SK0227513997,Handlová,406338,Morovno,Morovno,48.75523,18.73995,118,236
97231,SK0227514357,Ráztočno,413770,Remeta,Remeta,48.75346,18.79987,25,25
97232,SK0227514021,Chrenovec-Brusno,403880,Brusno,Brusno,48.77358,18.72635,282,282
97232,SK0227514021,Chrenovec-Brusno,403891,Chrenovec,Chrenovec,48.77900,18.72610,238,238
97241,SK0227514110,Koš,413859,Šajby,Sajby,48.72013,18.61354,2,2
97242,SK0227514136,Lehota pod Vtáčnikom,405206,Malá Lehota,Mala Lehota,48.69854,18.61353,417,417
97242,SK0227514136,Lehota pod Vtáčnikom,413847,Veľká Lehota,Velka Lehota,48.69417,18.60108,885,885
97243,SK0227514454,Zemianske Kostoľany,413719,Dolné Lelovce,Dolne Lelovce,48.69149,18.51496,62,62
97245,SK0227513911,Bystričany,401742,Chalmová,Chalmova,48.66192,18.48388,68,68
97245,SK0227513911,Bystričany,401754,Vieska,Vieska,48.67151,18.51430,79,79
97246,SK0227513946,Čereňany,413884,Fančová,Fancova,48.63415,18.51497,39,39
97247,SK0227514292,Oslany,413811,Ľubianka,Lubianka,48.61027,18.50537,110,110
97248,SK0227514004,Horná Ves,413861,Rudica,Rudica,48.60156,18.51144,38,38
97248,SK0227514349,Radobica,413781,Štiefleje,Stiefleje,48.56906,18.50842,19,19
97248,SK0227514349,Radobica,413793,Cerová,Cerova,48.56811,18.52144,44,44
97248,SK0227514349,Radobica,413800,Banská,Banska,48.56417,18.52337,12,12
97251,SK0227513997,Handlová,406338,Morovno,Morovno,48.75532,18.73899,24,48
97251,SK0227513997,Handlová,406867,Nová Lehota,Nova Lehota,48.67413,18.73260,195,390
97251,SK0227514357,Ráztočno,413770,Remeta,Remeta,48.75363,18.79989,157,157
97271,SK0227514268,Nováky,413823,Laskár,Laskar,48.72764,18.57307,2,4
97271,SK0227514268,Nováky,413835,Horné Lelovce,Horne Lelovce,48.72230,18.53076,236,472
97401,SK0321508438,Banská Bystrica,400932,Sásová,Sasova,48.74824,19.15493,1,2
97401,SK0321508438,Banská Bystrica,400944,Radvaň,Radvan,48.72871,19.06157,7,14
97401,SK0321508438,Banská Bystrica,400970,Šalková,Salkova,48.73889,19.21639,435,870
97401,SK0321508438,Banská Bystrica,400981,Senica,Senica,48.74843,19.18918,191,382
97401,SK0321508438,Banská Bystrica,400993,Kostiviarska,Kostiviarska,48.75772,19.14211,184,368
97401,SK0321508438,Banská Bystrica,410070,Uľanka,Ulanka,48.78634,19.11074,188,376
97401,SK0321508438,Banská Bystrica,418092,Rudlová,Rudlova,48.75170,19.15853,126,252
97401,SK0321508438,Banská Bystrica,418111,Majer,Majer,48.73565,19.17810,254,508
97401,SK0321508438,Banská Bystrica,418134,Jakub,Jakub,48.76980,19.13483,282,564
97401,SK0321508438,Banská Bystrica,418924,Fončorda,Foncorda,48.73506,19.12568,3,6
97401,SK0321508438,Banská Bystrica,418948,Uhlisko,Uhlisko,48.72963,19.15633,512,1024
97401,SK0321508519,Čerín,401936,Čačín,Cacin,48.66700,19.25480,76,76
97401,SK0321508781,Môlča,417841,Prostredná Môlča,Prostredna Molca,48.71039,19.23163,55,55
97401,SK0321508781,Môlča,417853,Horná Môlča,Horna Molca,48.70738,19.23710,26,26
97401,SK0321508781,Môlča,417865,Dolná Môlča,Dolna Molca,48.72068,19.22310,63,63
97401,SK0321508977,Sebedín-Bečov,408580,Bečov,Becov,48.64951,19.24269,59,59
97401,SK0321508977,Sebedín-Bečov,408591,Sebedín,Sebedin,48.63510,19.23938,93,93
97404,SK0321508438,Banská Bystrica,400944,Radvaň,Radvan,48.72827,19.10698,14,28
97404,SK0321508438,Banská Bystrica,400956,Podlavice,Podlavice,48.73593,19.11133,2,4
97404,SK0321508438,Banská Bystrica,418081,Skubín,Skubin,48.73887,19.10898,1,2
97404,SK0321508438,Banská Bystrica,418924,Fončorda,Foncorda,48.73026,19.12024,1108,2216
97404,SK0321508438,Banská Bystrica,418948,Uhlisko,Uhlisko,48.72815,19.16368,1,2
97405,SK0321508438,Banská Bystrica,400932,Sásová,Sasova,48.75482,19.15246,5,10
97405,SK0321508438,Banská Bystrica,400944,Radvaň,Radvan,48.71980,19.12266,922,1844
97405,SK0321508438,Banská Bystrica,400956,Podlavice,Podlavice,48.74176,19.10437,22,44
97405,SK0321508438,Banská Bystrica,400968,Kremnička,Kremnicka,48.69636,19.12807,339,678
97405,SK0321508438,Banská Bystrica,400981,Senica,Senica,48.74858,19.18809,1,2
97405,SK0321508438,Banská Bystrica,400993,Kostiviarska,Kostiviarska,48.76506,19.13176,1,2
97405,SK0321508438,Banská Bystrica,418092,Rudlová,Rudlova,48.75037,19.15874,10,20
97405,SK0321508438,Banská Bystrica,418109,Rakytovce,Rakytovce,48.67918,19.12725,316,632
97405,SK0321508438,Banská Bystrica,418122,Kráľová,Kralova,48.71093,19.13353,859,1718
97405,SK0321508438,Banská Bystrica,418134,Jakub,Jakub,48.77890,19.12301,1,2
97405,SK0321508438,Banská Bystrica,418146,Iliaš,Ilias,48.69892,19.14309,124,248
97405,SK0321508438,Banská Bystrica,418924,Fončorda,Foncorda,48.72531,19.13282,7,14
97405,SK0321508438,Banská Bystrica,418936,Pršianska Terasa,Prsianska Terasa,48.71133,19.11615,281,562
97409,SK0321508438,Banská Bystrica,400956,Podlavice,Podlavice,48.74289,19.10717,538,1076
97409,SK0321508438,Banská Bystrica,418081,Skubín,Skubin,48.73860,19.10374,465,930
97411,SK0321508438,Banská Bystrica,400932,Sásová,Sasova,48.75748,19.15913,970,1940
97411,SK0321508438,Banská Bystrica,418092,Rudlová,Rudlova,48.75241,19.16325,472,944
97602,SK0321508802,Motyčky,417828,Štubne,Stubne,48.86143,19.17702,28,28
97602,SK0321508802,Motyčky,417830,Jergaly,Jergaly,48.86434,19.19040,25,25
97602,SK0321509019,Staré Hory,417671,Valentová,Valentova,48.86669,19.13485,17,17
97602,SK0321509019,Staré Hory,417683,Polkanová,Polkanova,48.81362,19.09903,31,31
97602,SK0321509019,Staré Hory,417695,Horný Jelenec,Horny Jelenec,48.86479,19.14363,54,54
97602,SK0321509019,Staré Hory,417701,Dolný Jelenec,Dolny Jelenec,48.85197,19.15303,51,51
97633,SK0321508918,Poniky,417713,Ponická Lehôtka,Ponicka Lehotka,48.72100,19.29795,139,139
97633,SK0321508918,Poniky,417725,Ponická Huta,Ponicka Huta,48.69094,19.30102,174,174
97634,SK0321508438,Banská Bystrica,400944,Radvaň,Radvan,48.73943,19.02881,24,48
97634,SK0321509060,Tajov,417658,Jabriková,Jabrikova,48.74412,19.07080,85,85
97652,SK0323508527,Čierny Balog,417919,Pusté,Puste,48.73525,19.68456,138,138
97652,SK0323508527,Čierny Balog,417921,Medveďov,Medvedov,48.74887,19.62340,216,216
97652,SK0323508527,Čierny Balog,417932,Krám,Kram,48.75416,19.63192,279,279
97652,SK0323508527,Čierny Balog,417944,Komov,Komov,48.74144,19.68477,147,147
97652,SK0323508527,Čierny Balog,417956,Jánošovka,Janosovka,48.74315,19.67032,283,283
97652,SK0323508527,Čierny Balog,417968,Fajtov,Fajtov,48.74449,19.67667,128,128
97652,SK0323508527,Čierny Balog,417970,Dobroč,Dobroc,48.73235,19.70001,430,430
97653,SK0323508578,Drábsko,417891,Kysuca,Kysuca,48.65520,19.68425,3,3
97653,SK0323508730,Lom nad Rimavicou,417877,Javorina,Javorina,48.64396,19.70741,24,24
97653,SK0324518468,Hriňová,412041,Vrchslatina,Vrchslatina,48.64166,19.60394,54,108
97653,SK0324518468,Hriňová,412121,Biele Vody,Biele Vody,48.62350,19.62321,77,154
97662,SK0321508675,Brusno,417981,Ondrej nad Hronom,Ondrej nad Hronom,48.79405,19.38106,392,392
97662,SK0321508675,Brusno,417993,Brusno-kúpele,Brusno-kupele,48.78559,19.39642,8,8
97664,SK0323508462,Beňuš,418055,Pôbišovo,Pobisovo,48.82768,19.75913,46,46
97664,SK0323508462,Beňuš,418067,Gašparovo,Gasparovo,48.82628,19.74010,127,127
97664,SK0323508462,Beňuš,418079,Filipovo,Filipovo,48.82166,19.73165,116,116
97664,SK0323508489,Braväcovo,418043,Podholie,Podholie,48.84258,19.74980,41,41
97666,SK0323508900,Polomka,417737,Hámor,Hamor,48.85020,19.88978,36,36
97669,SK0323508870,Pohorelá,417749,Pohorelská Maša,Pohorelska Masa,48.84477,20.03532,94,94
97669,SK0323509094,Vaľkovňa,417611,Zlatno,Zlatno,48.82818,20.08495,50,50
97669,SK0323509094,Vaľkovňa,417622,Švábolka,Svabolka,48.83478,20.06041,33,33
97669,SK0323509094,Vaľkovňa,417634,Nová Maša,Nova Masa,48.83493,20.04946,27,27
97671,SK0323509043,Šumiac,417660,Červená Skala,Cervena Skala,48.82045,20.13570,92,92
97681,SK0323508624,Horná Lehota,417889,Bruchačka,Bruchacka,48.82436,19.54739,34,34
97681,SK0323508853,Podbrezová,417762,Štiavnička,Stiavnicka,48.80515,19.55248,244,244
97681,SK0323508853,Podbrezová,417774,Skalica,Skalica,48.81157,19.51582,67,67
97681,SK0323508853,Podbrezová,417786,Lopej,Lopej,48.81290,19.50063,3,3
97681,SK0323508853,Podbrezová,417798,Chvatimech,Chvatimech,48.80283,19.55728,9,9
97681,SK0323509086,Valaská,417646,Piesok,Piesok,48.81447,19.55948,250,250
97697,SK0323508829,Nemecká,417804,Zámostie,Zamostie,48.81560,19.43910,141,141
97697,SK0323508829,Nemecká,417816,Dubová,Dubova,48.81355,19.43257,255,255
97698,SK0323508853,Podbrezová,417751,Vajsková,Vajskova,48.82478,19.49633,24,24
97698,SK0323508853,Podbrezová,417786,Lopej,Lopej,48.81621,19.50127,402,402
97701,SK0323508497,Brezno,418006,Zadné Halny,Zadne Halny,48.82051,19.66720,249,498
97701,SK0323508497,Brezno,418018,Predné Halny,Predne Halny,48.81319,19.65357,115,230
97701,SK0323508497,Brezno,418020,Mazorníkovo,Mazornikovo,48.79800,19.62168,491,982
97701,SK0323508497,Brezno,418031,Bujakovo,Bujakovo,48.81912,19.68018,183,366
97703,SK0323508497,Brezno,418020,Mazorníkovo,Mazornikovo,48.78544,19.63989,766,1532
97901,SK0329514462,Rimavská Sobota,400865,Bakta,Bakta,48.39092,20.09566,147,294
97901,SK0329514462,Rimavská Sobota,402904,Dúžava,Duzava,48.35100,19.98991,157,314
97901,SK0329514462,Rimavská Sobota,406272,Mojín,Mojin,48.34449,19.97433,110,220
97901,SK0329514462,Rimavská Sobota,406739,Nižná Pokoradz,Nizna Pokoradz,48.40706,20.02765,220,440
97901,SK0329514462,Rimavská Sobota,410161,Včelinec,Vcelinec,48.36781,20.01831,335,670
97901,SK0329514462,Rimavská Sobota,410846,Vyšná Pokoradz,Vysna Pokoradz,48.41857,20.01924,124,248
97901,SK0329514462,Rimavská Sobota,413677,Vinice,Vinice,48.38791,20.06401,345,690
97901,SK0329514462,Rimavská Sobota,413689,Sobôtka,Sobotka,48.38761,19.99041,375,750
97901,SK0329514462,Rimavská Sobota,413691,Sabová,Sabova,48.36787,20.04410,58,116
97901,SK0329514462,Rimavská Sobota,413707,Kurinec,Kurinec,48.34758,20.01777,188,376
98013,SK0327514900,Hrnčiarska Ves,403672,Pondelok,Pondelok,48.43186,19.85561,140,140
98013,SK0327514900,Hrnčiarska Ves,403684,Veľká Suchá,Velka Sucha,48.43200,19.86042,144,144
98023,SK0329514659,Drienčany,402722,Papča,Papca,48.46821,20.06447,19,19
98025,SK0329514926,Hrušovo,403775,Ostrany,Ostrany,48.49379,20.04774,6,6
98025,SK0329514926,Hrušovo,403787,Striežovce,Striezovce,48.52807,20.02902,49,49
98026,SK0329514926,Hrušovo,403775,Ostrany,Ostrany,48.49472,20.04728,24,24
98043,SK0329514624,Číž,413665,Číž-kúpele,Ciz-kupele,48.31385,20.28006,24,24
98051,SK0329515736,Veľké Teriakovce,410354,Malé Teriakovce,Male Teriakovce,48.43867,19.97498,58,58
98051,SK0329515736,Veľké Teriakovce,410378,Vrbovce nad Rimavou,Vrbovce nad Rimavou,48.45332,19.95602,1,1
98051,SK0329515736,Veľké Teriakovce,413586,Krásna,Krasna,48.42105,19.96489,42,42
98052,SK0329514888,Hrachovo,413628,Svetlá,Svetla,48.45024,19.90754,43,43
98052,SK0329515736,Veľké Teriakovce,410378,Vrbovce nad Rimavou,Vrbovce nad Rimavou,48.45136,19.95864,69,69
98061,SK0329515680,Tisovec,408396,Rimavská Píla,Rimavska Pila,48.64934,19.94387,200,400
98101,SK0329514829,Hnúšťa,401535,Brádno,Bradno,48.56663,20.01567,7,14
98101,SK0329514829,Hnúšťa,403090,Hačava,Hacava,48.62362,19.95343,107,214
98101,SK0329514829,Hnúšťa,407756,Polom,Polom,48.60445,19.99183,73,146
98101,SK0329514829,Hnúšťa,413630,Likier,Likier,48.56463,19.95521,388,776
98201,SK0328515612,Tornaľa,401122,Behynce,Behynce,48.42273,20.29401,145,290
98201,SK0328515612,Tornaľa,409080,Starňa,Starna,48.43931,20.33236,276,552
98201,SK0328515612,Tornaľa,413598,Králik,Kralik,48.40751,20.31777,234,468
98252,SK0329515027,Kaloša,404196,Nižná Kaloša,Nizna Kalosa,48.42025,20.22247,124,124
98252,SK0329515027,Kaloša,413604,Vyšná Kaloša,Vysna Kalosa,48.42470,20.21803,41,41
98252,SK0329557901,Vyšné Valice,418328,Gregorovce,Gregorovce,48.45239,20.18904,25,25
98262,SK0328514756,Gemerská Ves,413641,Šankovce,Sankovce,48.48454,20.27594,140,140
98262,SK0328514756,Gemerská Ves,413653,Hrkáč,Hrkac,48.47753,20.27406,103,103
98265,SK0328515370,Ratková,408281,Repištia,Repistia,48.59061,20.10512,64,64
98265,SK0328515507,Rybník,408487,Brusník,Brusnik,48.53719,20.15250,20,20
98266,SK0328515400,Ratkovské Bystré,408293,Filier,Filier,48.65032,20.05766,115,115
98267,SK0329514829,Hnúšťa,401535,Brádno,Bradno,48.56707,20.01685,23,46
98267,SK0329515485,Rovné,408414,Ratkovská Zdychava,Ratkovska Zdychava,48.60419,20.02156,32,32
98401,SK0326511218,Lučenec,405621,Opatová,Opatova,48.34165,19.67749,695,1390
98401,SK0326511218,Lučenec,415649,Malá Ves,Mala Ves,48.33297,19.68470,281,562
98501,SK0327511471,Kalinovo,404159,Hrabovo,Hrabovo,48.39053,19.71733,133,133
98501,SK0327511471,Kalinovo,415443,Petrovec,Petrovec,48.39473,19.75757,27,27
98502,SK0327511269,Breznička,415637,Červeň,Cerven,48.40466,19.74609,30,30
98503,SK0327511340,České Brezovo,410147,Vaľkovo,Valkovo,48.46855,19.82411,55,55
98503,SK0327511340,České Brezovo,415546,Salajka,Salajka,48.54520,19.75341,16,16
98507,SK0327511889,Šoltýska,415273,Ľubienka,Lubienka,48.58082,19.74723,8,8
98513,SK0326511226,Ábelová,405711,Madačka,Madacka,48.42863,19.39195,114,114
98513,SK0326511226,Ábelová,406521,Nedelište,Nedeliste,48.38765,19.41774,66,66
98522,SK0327511315,Cinobaňa,409972,Turíčky,Turicky,48.45157,19.66950,90,90
98522,SK0327511315,Cinobaňa,415558,Žihľava,Zihlava,48.53558,19.59881,3,3
98522,SK0327511315,Cinobaňa,415560,Maša,Masa,48.45635,19.64175,54,54
98522,SK0327511315,Cinobaňa,415571,Katarínska Huta,Katarinska Huta,48.46251,19.63543,121,121
98522,SK0327511315,Cinobaňa,415583,Hrnčiarky,Hrnciarky,48.50985,19.61298,99,99
98524,SK0327511684,Ozdín,401766,Bystrička,Bystricka,48.46683,19.70006,70,70
98526,SK0327511595,Málinec,415352,Vlčovo,Vlcovo,48.57881,19.72138,10,10
98526,SK0327511595,Málinec,415364,Ipeľ,Ipel,48.56673,19.71098,15,15
98526,SK0327511595,Málinec,415376,Chladná Studňa,Chladna Studna,48.55569,19.72356,2,2
98526,SK0327511595,Málinec,415388,Dobrý Potok,Dobry Potok,48.55623,19.69066,54,54
98531,SK0326511927,Trebeľovce,406405,Muľka,Mulka,48.27955,19.70078,78,78
98532,SK0326511994,Veľká nad Ipľom,415250,Veľké Dálovce,Velke Dalovce,48.25055,19.60731,13,13
98532,SK0326557340,Trenč,415261,Šára,Sara,48.24718,19.57600,14,14
98541,SK0326511293,Buzitka,415595,Nový Sad,Novy Sad,48.32723,19.81670,18,18
98541,SK0326511293,Buzitka,415601,Krásna,Krasna,48.31907,19.81192,18,18
98541,SK0326511293,Buzitka,415613,Ipeľka,Ipelka,48.33391,19.81487,11,11
98541,SK0326511293,Buzitka,415625,Dora,Dora,48.34575,19.80163,23,23
98545,SK0324511510,Látky,415390,Polianky,Polianky,48.60882,19.68376,138,138
98545,SK0324511510,Látky,415406,Paseky,Paseky,48.57725,19.64859,69,69
98545,SK0324511510,Látky,415418,Nový Svet,Novy Svet,48.56084,19.62055,81,81
98545,SK0324511510,Látky,415420,Mláky,Mlaky,48.59895,19.66302,87,87
98545,SK0324511510,Látky,415431,Čechánky,Cechanky,48.54685,19.59574,124,124
98545,SK0327511315,Cinobaňa,415558,Žihľava,Zihlava,48.52917,19.59894,11,11
98545,SK0327511315,Cinobaňa,415583,Hrnčiarky,Hrnciarky,48.50404,19.63629,1,1
98551,SK0324511731,Podkriváň,400105,Bukovinka,Bukovinka,48.49311,19.43197,60,60
98551,SK0324511731,Podkriváň,415327,Ivanišovo,Ivanisovo,48.52885,19.48951,61,61
98551,SK0324511731,Podkriváň,415339,Dolná Bzová,Dolna Bzova,48.52025,19.49960,52,52
98552,SK0326511358,Divín,415522,Divínske Lazy,Divinske Lazy,48.47802,19.48051,21,21
98553,SK0326511366,Dobroč,415479,Veľká Dolina,Velka Dolina,48.51918,19.56408,17,17
98553,SK0326511366,Dobroč,415481,Malá Dolina,Mala Dolina,48.50080,19.56202,7,7
98553,SK0326511366,Dobroč,415492,Herman,Herman,48.51061,19.54119,12,12
98553,SK0326511366,Dobroč,415509,Diel,Diel,48.52885,19.54017,3,3
98553,SK0326511366,Dobroč,415511,Brestina,Brestina,48.53906,19.55436,48,48
98554,SK0326511552,Lovinobaňa,410021,Uderiná,Uderina,48.42127,19.60843,123,123
98558,SK0326511790,Radzovce,415285,Obručná,Obrucna,48.18993,19.87731,48,48
98601,SK0326511404,Fiľakovské Kováče,415455,Kurtáň,Kurtan,48.28662,19.79550,96,96
98601,SK0326511404,Fiľakovské Kováče,415467,Fiľakovské Kľačany,Filakovske Klacany,48.29122,19.75315,55,55
98701,SK0327511765,Poltár,407781,Slaná Lehota,Slana Lehota,48.45589,19.80212,73,146
98701,SK0327511765,Poltár,407793,Zelené,Zelene,48.43148,19.77629,144,288
98701,SK0327511765,Poltár,415297,Prievrana,Prievrana,48.40612,19.80753,45,90
98701,SK0327511765,Poltár,415303,Hájiky-Maky,Hajiky-Maky,48.41515,19.77763,31,62
98701,SK0327514900,Hrnčiarska Ves,413616,Maštinec,Mastinec,48.41278,19.82655,77,77
99101,SK032A516368,Senné,400210,Príboj,Priboj,48.33167,19.41368,19,19
99102,SK032A515965,Dolná Strehová,412417,Prieloh,Prieloh,48.22570,19.53614,82,82
99102,SK032A515965,Dolná Strehová,412429,Dúbrava,Dubrava,48.27583,19.49875,30,30
99102,SK032A515965,Dolná Strehová,412431,Bukovec,Bukovec,48.23577,19.48208,81,81
99102,SK032A516163,Ľuboriečka,412387,Osušie,Osusie,48.27162,19.54975,22,22
99102,SK032A516163,Ľuboriečka,412399,Drnava,Drnava,48.24622,19.54288,15,15
99103,SK032A515981,Dolné Strháre,400026,Selce,Selce,48.23184,19.37638,4,4
99103,SK032A516295,Pôtor,407884,Žihľava,Zihlava,48.22382,19.43180,148,148
99106,SK032A516147,Kováčovce,412405,Peťov,Petov,48.10496,19.48188,56,56
99106,SK032A516546,Záhorce,412338,Selešťany,Selestany,48.09125,19.33829,99,99
99107,SK032A516384,Slovenské Ďarmoty,412340,Iliašov,Iliasov,48.09654,19.26751,6,6
99121,SK032A516309,Pravica,412363,Imrov Kopec,Imrov Kopec,48.32927,19.43422,16,16
99122,SK032A515914,Čeláre,412442,Kirť,Kirt,48.12165,19.48065,53,53
99122,SK032A516261,Olováry,412375,Potôčik,Potocik,48.16648,19.43866,6,6
99125,SK032A516317,Príbelce,408049,Dolné Príbelce,Dolne Pribelce,48.19557,19.26197,182,182
99125,SK032A516317,Príbelce,408051,Horné Príbelce,Horne Pribelce,48.19593,19.25113,136,136
99125,SK032A516317,Príbelce,412351,Škriavnik,Skriavnik,48.18005,19.29175,31,31
99201,SK032B518581,Lešť (vojenský obvod),411486,Kamenný Vrch,Kamenny Vrch,48.30479,19.29818,5,5
