municipality_code,municipality_name,municipality_name_ascii,municipality_status,city_name,district_code,district_name,region_code,region_name,latitude,longitude,address_points,weight,postal_codes
SK0101528595,Bratislava-Staré Mesto,Bratislava-Stare Mesto,city_district,Bratislava,SK0101,Bratislava I,SK010,Bratislavský,48.15144,17.09946,7601,15202,81101|81102|81103|81104|81105|81106|81107|81108|81109|82108|82109|84107
SK0102529311,Bratislava-Podunajské Biskupice,Bratislava-Podunajske Biskupice,city_district,Bratislava,SK0102,Bratislava II,SK010,Bratislavský,48.12876,17.20968,4888,9776,82106|82107
SK0102529320,Bratislava-Ružinov,Bratislava-Ruzinov,city_district,Bratislava,SK0102,Bratislava II,SK010,Bratislavský,48.15593,17.16141,11200,22400,81104|81107|81109|82101|82102|82103|82104|82105|82106|82107|82108|82109|83104
SK0102529338,Bratislava-Vrakuňa,Bratislava-Vrakuna,city_district,Bratislava,SK0102,Bratislava II,SK010,Bratislavský,48.14755,17.20202,4060,8120,81102|82106|82107
SK0103529346,Bratislava-Nové Mesto,Bratislava-Nove Mesto,city_district,Bratislava,SK0103,Bratislava III,SK010,Bratislavský,48.17055,17.11909,6547,13094,83000|83007|83101|83102|83103|83104|83106|83152|84103
SK0103529354,Bratislava-Rača,Bratislava-Raca,city_district,Bratislava,SK0103,Bratislava III,SK010,Bratislavský,48.20741,17.15115,4325,8650,83005|83102|83104|83106|83151|83152|83153|83154
SK0103529362,Bratislava-Vajnory,Bratislava-Vajnory,city_district,Bratislava,SK0103,Bratislava III,SK010,Bratislavský,48.20202,17.20644,2304,4608,83104|83106|83107
SK0104529371,Bratislava-Devínska Nová Ves,Bratislava-Devinska Nova Ves,city_district,Bratislava,SK0104,Bratislava IV,SK010,Bratislavský,48.21156,16.97893,2988,5976,82106|84107|84108|84110
SK0104529389,Bratislava-Dúbravka,Bratislava-Dubravka,city_district,Bratislava,SK0104,Bratislava IV,SK010,Bratislavský,48.18712,17.03227,2613,5226,84101|84102|84107
SK0104529397,Bratislava-Karlova Ves,Bratislava-Karlova Ves,city_district,Bratislava,SK0104,Bratislava IV,SK010,Bratislavský,48.15659,17.05374,3125,6250,84103|84104|84105|84107|84110
SK0104529401,Bratislava-Devín,Bratislava-Devin,city_district,Bratislava,SK0104,Bratislava IV,SK010,Bratislavský,48.17391,16.98861,1288,2576,84104|84105|84107|84110
SK0104529419,Bratislava-Lamač,Bratislava-Lamac,city_district,Bratislava,SK0104,Bratislava IV,SK010,Bratislavský,48.19081,17.05305,1206,2412,84002|84103|84104|84107
SK0104529427,Bratislava-Záhorská Bystrica,Bratislava-Zahorska Bystrica,city_district,Bratislava,SK0104,Bratislava IV,SK010,Bratislavský,48.23553,17.04288,2806,5612,81108|82106|84002|84008|84103|84106|84107
SK0105529435,Bratislava-Čunovo,Bratislava-Cunovo,city_district,Bratislava,SK0105,Bratislava V,SK010,Bratislavský,48.03013,17.19676,808,1616,85110
SK0105529443,Bratislava-Jarovce,Bratislava-Jarovce,city_district,Bratislava,SK0105,Bratislava V,SK010,Bratislavský,48.06643,17.11537,1172,2344,85110
SK0105529460,Bratislava-Petržalka,Bratislava-Petrzalka,city_district,Bratislava,SK0105,Bratislava V,SK010,Bratislavský,48.11639,17.10780,2852,5704,85000|85101|85102|85103|85104|85105|85106|85107|85110
SK0105529494,Bratislava-Rusovce,Bratislava-Rusovce,city_district,Bratislava,SK0105,Bratislava V,SK010,Bratislavský,48.05100,17.14999,1586,3172,85009|85110
SK0106500267,Záhorie,Zahorie,military_district,,SK0106,Malacky,SK010,Bratislavský,48.52554,17.26453,52,52,90101|90501
SK0106504556,Malé Leváre,Male Levare,municipality,,SK0106,Malacky,SK010,Bratislavský,48.50247,16.96903,838,838,90874
SK0106504629,Plavecké Podhradie,Plavecke Podhradie,municipality,,SK0106,Malacky,SK010,Bratislavský,48.48246,17.26190,398,398,90636
SK0106504637,Plavecký Mikuláš,Plavecky Mikulas,municipality,,SK0106,Malacky,SK010,Bratislavský,48.51018,17.30405,468,468,90635
SK0106504769,Rohožník,Rohoznik,municipality,,SK0106,Malacky,SK010,Bratislavský,48.45875,17.16689,800,800,90638
SK0106504858,Sološnica,Solosnica,municipality,,SK0106,Malacky,SK010,Bratislavský,48.46403,17.23213,694,694,90637
SK0106504874,Studienka,Studienka,municipality,,SK0106,Malacky,SK010,Bratislavský,48.52740,17.13819,808,808,90875
SK0106504947,Veľké Leváre,Velke Levare,municipality,,SK0106,Malacky,SK010,Bratislavský,48.50420,17.00152,1444,1444,90873
SK0106504980,Závod,Zavod,municipality,,SK0106,Malacky,SK010,Bratislavský,48.54494,17.03109,1183,1183,90872
SK0106507831,Borinka,Borinka,municipality,,SK0106,Malacky,SK010,Bratislavský,48.26310,17.08493,533,533,90032
SK0106507890,Gajary,Gajary,municipality,,SK0106,Malacky,SK010,Bratislavský,48.46800,16.92559,1323,1323,90061
SK0106507954,Jablonové,Jablonove,municipality,,SK0106,Malacky,SK010,Bratislavský,48.34785,17.09888,649,649,90054
SK0106507962,Jakubov,Jakubov,municipality,,SK0106,Malacky,SK010,Bratislavský,48.41420,16.92255,882,882,90063
SK0106508012,Kostolište,Kostoliste,municipality,,SK0106,Malacky,SK010,Bratislavský,48.44651,16.98195,964,964,90062
SK0106508021,Kuchyňa,Kuchyna,municipality,,SK0106,Malacky,SK010,Bratislavský,48.40608,17.15816,812,812,90052
SK0106508039,Láb,Lab,municipality,,SK0106,Malacky,SK010,Bratislavský,48.36418,16.97459,1050,1050,90067
SK0106508055,Lozorno,Lozorno,municipality,,SK0106,Malacky,SK010,Bratislavský,48.33466,17.04203,1324,1324,90055
SK0106508063,Malacky,Malacky,city,,SK0106,Malacky,SK010,Bratislavský,48.43685,17.02123,4783,9566,90101
SK0106508080,Marianka,Marianka,municipality,,SK0106,Malacky,SK010,Bratislavský,48.24830,17.05559,1230,1230,90033
SK0106508161,Pernek,Pernek,municipality,,SK0106,Malacky,SK010,Bratislavský,48.36721,17.14646,419,419,90053
SK0106508195,Plavecký Štvrtok,Plavecky Stvrtok,municipality,,SK0106,Malacky,SK010,Bratislavský,48.37707,17.00266,1195,1195,90068
SK0106508233,Stupava,Stupava,city,,SK0106,Malacky,SK010,Bratislavský,48.27305,17.03224,5141,10282,90031
SK0106508241,Suchohrad,Suchohrad,municipality,,SK0106,Malacky,SK010,Bratislavský,48.40641,16.85802,331,331,90064
SK0106508349,Vysoká pri Morave,Vysoka pri Morave,municipality,,SK0106,Malacky,SK010,Bratislavský,48.32892,16.91304,1024,1024,90066
SK0106508365,Záhorská Ves,Zahorska Ves,municipality,,SK0106,Malacky,SK010,Bratislavský,48.38162,16.85067,707,707,90065
SK0106508381,Zohor,Zohor,municipality,,SK0106,Malacky,SK010,Bratislavský,48.31916,16.98221,1371,1371,90051
SK0107507806,Báhoň,Bahon,municipality,,SK0107,Pezinok,SK010,Bratislavský,48.30988,17.44480,684,684,90084
SK0107507849,Budmerice,Budmerice,municipality,,SK0107,Pezinok,SK010,Bratislavský,48.35829,17.40546,1284,1284,90086
SK0107507857,Častá,Casta,municipality,,SK0107,Pezinok,SK010,Bratislavský,48.39813,17.35859,953,953,90089
SK0107507873,Doľany,Dolany,municipality,,SK0107,Pezinok,SK010,Bratislavský,48.41616,17.37671,504,504,90088
SK0107507881,Dubová,Dubova,municipality,,SK0107,Pezinok,SK010,Bratislavský,48.36613,17.33921,462,462,90090
SK0107507946,Jablonec,Jablonec,municipality,,SK0107,Pezinok,SK010,Bratislavský,48.33480,17.44610,415,415,90086
SK0107507989,Svätý Jur,Svaty Jur,city,,SK0107,Pezinok,SK010,Bratislavský,48.25301,17.21339,2063,4126,90021
SK0107508047,Limbach,Limbach,municipality,,SK0107,Pezinok,SK010,Bratislavský,48.28909,17.22226,993,993,90091
SK0107508101,Modra,Modra,city,,SK0107,Pezinok,SK010,Bratislavský,48.34103,17.31028,3729,7458,82102|90001
SK0107508179,Pezinok,Pezinok,city,,SK0107,Pezinok,SK010,Bratislavský,48.29040,17.26389,5321,10642,82101|82109|83101|83107|84106|84107|84110|85110|90091|90201|90203
SK0107508187,Píla,Pila,municipality,,SK0107,Pezinok,SK010,Bratislavský,48.39088,17.33161,218,218,90089
SK0107508225,Slovenský Grob,Slovensky Grob,municipality,,SK0107,Pezinok,SK010,Bratislavský,48.24550,17.27125,2383,2383,90026
SK0107508250,Šenkvice,Senkvice,municipality,,SK0107,Pezinok,SK010,Bratislavský,48.29902,17.34749,1874,1874,90081
SK0107508268,Štefanová,Stefanova,municipality,,SK0107,Pezinok,SK010,Bratislavský,48.38473,17.39770,186,186,90086
SK0107508306,Viničné,Vinicne,municipality,,SK0107,Pezinok,SK010,Bratislavský,48.27152,17.30329,1075,1075,90023
SK0107508314,Vinosady,Vinosady,municipality,,SK0107,Pezinok,SK010,Bratislavský,48.31148,17.29058,648,648,90201
SK0107508322,Vištuk,Vistuk,municipality,,SK0107,Pezinok,SK010,Bratislavský,48.33443,17.39340,539,539,90085
SK0108503681,Boldog,Boldog,municipality,,SK0108,Senec,SK010,Bratislavský,48.23772,17.43141,292,292,92526
SK0108503797,Hrubá Borša,Hruba Borsa,municipality,,SK0108,Senec,SK010,Bratislavský,48.18013,17.49046,987,987,90050
SK0108503801,Hrubý Šúr,Hruby Sur,municipality,,SK0108,Senec,SK010,Bratislavský,48.17013,17.42010,513,513,90301
SK0108503819,Hurbanova Ves,Hurbanova Ves,municipality,,SK0108,Senec,SK010,Bratislavský,48.15304,17.43899,334,334,90301
SK0108503851,Kostolná pri Dunaji,Kostolna pri Dunaji,municipality,,SK0108,Senec,SK010,Bratislavský,48.18326,17.43417,461,461,90301
SK0108503894,Kráľová pri Senci,Kralova pri Senci,municipality,,SK0108,Senec,SK010,Bratislavský,48.19796,17.44823,973,973,81106|82101|90050|90301
SK0108503983,Reca,Reca,municipality,,SK0108,Senec,SK010,Bratislavský,48.23127,17.45391,746,746,90301|92526
SK0108507814,Bernolákovo,Bernolakovo,municipality,,SK0108,Senec,SK010,Bratislavský,48.19650,17.30237,4337,4337,90027
SK0108507822,Blatné,Blatne,municipality,,SK0108,Senec,SK010,Bratislavský,48.26574,17.41863,737,737,90082
SK0108507865,Čataj,Cataj,municipality,,SK0108,Senec,SK010,Bratislavský,48.27123,17.47763,502,502,90083
SK0108507903,Hamuliakovo,Hamuliakovo,municipality,,SK0108,Senec,SK010,Bratislavský,48.04009,17.25377,1293,1293,90043
SK0108507911,Chorvátsky Grob,Chorvatsky Grob,municipality,,SK0108,Senec,SK010,Bratislavský,48.22799,17.24508,3487,3487,90025
SK0108507938,Ivanka pri Dunaji,Ivanka pri Dunaji,municipality,,SK0108,Senec,SK010,Bratislavský,48.18631,17.25659,2939,2939,90028
SK0108507997,Kalinkovo,Kalinkovo,municipality,,SK0108,Senec,SK010,Bratislavský,48.05721,17.25158,756,756,90043
SK0108508071,Malinovo,Malinovo,municipality,,SK0108,Senec,SK010,Bratislavský,48.15303,17.29750,1757,1757,90045
SK0108508098,Miloslavov,Miloslavov,municipality,,SK0108,Senec,SK010,Bratislavský,48.09598,17.31324,3582,3582,90042
SK0108508110,Most pri Bratislave,Most pri Bratislave,municipality,,SK0108,Senec,SK010,Bratislavský,48.13871,17.27969,1986,1986,90046
SK0108508136,Nová Dedinka,Nova Dedinka,municipality,,SK0108,Senec,SK010,Bratislavský,48.18238,17.35385,1478,1478,90029
SK0108508209,Rovinka,Rovinka,municipality,,SK0108,Senec,SK010,Bratislavský,48.09729,17.24098,3275,3275,90041
SK0108508217,Senec,Senec,city,,SK0108,Senec,SK010,Bratislavský,48.21785,17.39993,6484,12968,90043|90301
SK0108508276,Tomášov,Tomasov,municipality,,SK0108,Senec,SK010,Bratislavský,48.14291,17.33367,1479,1479,90044
SK0108508284,Tureň,Turen,municipality,,SK0108,Senec,SK010,Bratislavský,48.19042,17.38862,560,560,90301
SK0108508292,Veľký Biel,Velky Biel,municipality,,SK0108,Senec,SK010,Bratislavský,48.21520,17.36000,1662,1662,90024
SK0108508331,Vlky,Vlky,municipality,,SK0108,Senec,SK010,Bratislavský,48.15802,17.36543,241,241,90044
SK0108545333,Dunajská Lužná,Dunajska Luzna,municipality,,SK0108,Senec,SK010,Bratislavský,48.08401,17.26699,3297,3297,90042
SK0108555487,Igram,Igram,municipality,,SK0108,Senec,SK010,Bratislavský,48.28368,17.46398,241,241,90084
SK0108555495,Kaplna,Kaplna,municipality,,SK0108,Senec,SK010,Bratislavský,48.29545,17.45568,344,344,90084
SK0108555509,Zálesie,Zalesie,municipality,,SK0108,Senec,SK010,Bratislavský,48.16652,17.27361,1145,1145,90028
SK0108582549,Nový Svet,Novy Svet,municipality,,SK0108,Senec,SK010,Bratislavský,48.21404,17.47794,75,75,90301
SK0211501433,Dunajská Streda,Dunajska Streda,city,,SK0211,Dunajská Streda,SK021,Trnavský,47.99746,17.61420,8435,16870,92901|93021
SK0211501441,Báč,Bac,municipality,,SK0211,Dunajská Streda,SK021,Trnavský,48.00398,17.37681,384,384,93030
SK0211501450,Baka,Baka,municipality,,SK0211,Dunajská Streda,SK021,Trnavský,47.90594,17.52556,784,784,93004
SK0211501468,Baloň,Balon,municipality,,SK0211,Dunajská Streda,SK021,Trnavský,47.82914,17.67359,439,439,93008
SK0211501484,Blahová,Blahova,municipality,,SK0211,Dunajská Streda,SK021,Trnavský,48.08572,17.54056,415,415,93052
SK0211501492,Blatná na Ostrove,Blatna na Ostrove,municipality,,SK0211,Dunajská Streda,SK021,Trnavský,48.00418,17.44085,597,597,93032
SK0211501506,Boheľov,Bohelov,municipality,,SK0211,Dunajská Streda,SK021,Trnavský,47.91866,17.69316,307,307,92901
SK0211501514,Čakany,Cakany,municipality,,SK0211,Dunajská Streda,SK021,Trnavský,48.11655,17.36285,426,426,93040
SK0211501522,Veľký Meder,Velky Meder,city,,SK0211,Dunajská Streda,SK021,Trnavský,47.85661,17.76867,5133,10266,93201
SK0211501531,Čiližská Radvaň,Cilizska Radvan,municipality,,SK0211,Dunajská Streda,SK021,Trnavský,47.83214,17.69533,747,747,93008
SK0211501549,Dobrohošť,Dobrohost,municipality,,SK0211,Dunajská Streda,SK021,Trnavský,47.98319,17.36360,670,670,93031
SK0211501557,Dolný Bar,Dolny Bar,municipality,,SK0211,Dunajská Streda,SK021,Trnavský,47.96496,17.68176,563,563,93014
SK0211501573,Gabčíkovo,Gabcikovo,city,,SK0211,Dunajská Streda,SK021,Trnavský,47.89244,17.57865,2572,5144,93005
SK0211501581,Holice,Holice,municipality,,SK0211,Dunajská Streda,SK021,Trnavský,47.99048,17.47795,1560,1560,93034
SK0211501590,Horná Potôň,Horna Poton,municipality,,SK0211,Dunajská Streda,SK021,Trnavský,48.03857,17.49617,1599,1599,93036
SK0211501603,Horný Bar,Horny Bar,municipality,,SK0211,Dunajská Streda,SK021,Trnavský,47.94738,17.45492,982,982,93033
SK0211501611,Dolný Štál,Dolny Stal,municipality,,SK0211,Dunajská Streda,SK021,Trnavský,47.93580,17.71387,1421,1421,93010
SK0211501620,Hubice,Hubice,municipality,,SK0211,Dunajská Streda,SK021,Trnavský,48.09638,17.39901,416,416,93039
SK0211501638,Hviezdoslavov,Hviezdoslavov,municipality,,SK0211,Dunajská Streda,SK021,Trnavský,48.06341,17.35716,2191,2191,93041
SK0211501654,Jahodná,Jahodna,municipality,,SK0211,Dunajská Streda,SK021,Trnavský,48.04912,17.70639,1084,1084,93021
SK0211501662,Janíky,Janiky,municipality,,SK0211,Dunajská Streda,SK021,Trnavský,48.13887,17.39885,608,608,93039
SK0211501671,Jurová,Jurova,municipality,,SK0211,Dunajská Streda,SK021,Trnavský,47.93385,17.52293,369,369,93004
SK0211501689,Kľúčovec,Klucovec,municipality,,SK0211,Dunajská Streda,SK021,Trnavský,47.79456,17.72145,358,358,93007
SK0211501697,Kostolné Kračany,Kostolne Kracany,municipality,,SK0211,Dunajská Streda,SK021,Trnavský,47.97140,17.57244,1028,1028,93003
SK0211501701,Kráľovičove Kračany,Kralovicove Kracany,municipality,,SK0211,Dunajská Streda,SK021,Trnavský,47.98686,17.55130,920,920,93003
SK0211501719,Kútniky,Kutniky,municipality,,SK0211,Dunajská Streda,SK021,Trnavský,47.97944,17.65724,1007,1007,92901
SK0211501727,Kvetoslavov,Kvetoslavov,municipality,,SK0211,Dunajská Streda,SK021,Trnavský,48.05389,17.34829,1241,1241,93041
SK0211501735,Lehnice,Lehnice,municipality,,SK0211,Dunajská Streda,SK021,Trnavský,48.05103,17.45466,1798,1798,93036|93037
SK0211501743,Lúč na Ostrove,Luc na Ostrove,municipality,,SK0211,Dunajská Streda,SK021,Trnavský,47.97496,17.51575,731,731,93003
SK0211501760,Medveďov,Medvedov,municipality,,SK0211,Dunajská Streda,SK021,Trnavský,47.80061,17.66219,413,413,93007
SK0211501778,Mierovo,Mierovo,municipality,,SK0211,Dunajská Streda,SK021,Trnavský,48.07029,17.38511,284,284,93041
SK0211501786,Michal na Ostrove,Michal na Ostrove,municipality,,SK0211,Dunajská Streda,SK021,Trnavský,48.02525,17.51484,518,518,93035
SK0211501808,Nový Život,Novy Zivot,municipality,,SK0211,Dunajská Streda,SK021,Trnavský,48.11423,17.46286,1361,1361,93038
SK0211501816,Ohrady,Ohrady,municipality,,SK0211,Dunajská Streda,SK021,Trnavský,47.99182,17.69964,1060,1060,92901|93012|93021
SK0211501824,Okoč,Okoc,municipality,,SK0211,Dunajská Streda,SK021,Trnavský,47.89267,17.80772,2185,2185,93010|93028
SK0211501832,Oľdza,Oldza,municipality,,SK0211,Dunajská Streda,SK021,Trnavský,48.08655,17.42336,397,397,93039
SK0211501859,Orechová Potôň,Orechova Poton,municipality,,SK0211,Dunajská Streda,SK021,Trnavský,48.01781,17.53565,886,886,93002|93052
SK0211501867,Padáň,Padan,municipality,,SK0211,Dunajská Streda,SK021,Trnavský,47.92715,17.68149,665,665,92901
SK0211501875,Sap,Sap,municipality,,SK0211,Dunajská Streda,SK021,Trnavský,47.82159,17.61767,439,439,93006
SK0211501883,Pataš,Patas,municipality,,SK0211,Dunajská Streda,SK021,Trnavský,47.87539,17.65327,569,569,92901
SK0211501891,Rohovce,Rohovce,municipality,,SK0211,Dunajská Streda,SK021,Trnavský,47.98941,17.41475,760,760,93030|93031
SK0211501905,Šamorín,Samorin,city,,SK0211,Dunajská Streda,SK021,Trnavský,48.02652,17.31376,4744,9488,93101
SK0211501913,Štvrtok na Ostrove,Stvrtok na Ostrove,municipality,,SK0211,Dunajská Streda,SK021,Trnavský,48.09776,17.35298,998,998,93040
SK0211501921,Topoľníky,Topolniky,municipality,,SK0211,Dunajská Streda,SK021,Trnavský,47.96714,17.78566,2274,2274,93011
SK0211501930,Ňárad,Narad,municipality,,SK0211,Dunajská Streda,SK021,Trnavský,47.83706,17.61327,593,593,93006
SK0211501956,Trnávka,Trnavka,municipality,,SK0211,Dunajská Streda,SK021,Trnavský,48.01161,17.40397,392,392,93032
SK0211501964,Trstená na Ostrove,Trstena na Ostrove,municipality,,SK0211,Dunajská Streda,SK021,Trnavský,47.91893,17.49935,450,450,93004
SK0211501972,Veľká Paka,Velka Paka,municipality,,SK0211,Dunajská Streda,SK021,Trnavský,48.04157,17.40023,659,659,93051
SK0211501981,Veľké Blahovo,Velke Blahovo,municipality,,SK0211,Dunajská Streda,SK021,Trnavský,48.01056,17.57696,917,917,93001
SK0211501999,Vojka nad Dunajom,Vojka nad Dunajom,municipality,,SK0211,Dunajská Streda,SK021,Trnavský,47.97077,17.38820,624,624,93031
SK0211502006,Vrakúň,Vrakun,municipality,,SK0211,Dunajská Streda,SK021,Trnavský,47.94058,17.60248,1870,1870,93025
SK0211502014,Vydrany,Vydrany,municipality,,SK0211,Dunajská Streda,SK021,Trnavský,48.01834,17.58762,1079,1079,93016
SK0211502022,Zlaté Klasy,Zlate Klasy,municipality,,SK0211,Dunajská Streda,SK021,Trnavský,48.12017,17.41964,1077,1077,93039
SK0211503461,Bodíky,Bodiky,municipality,,SK0211,Dunajská Streda,SK021,Trnavský,47.92658,17.45221,626,626,93031
SK0211555517,Bellova Ves,Bellova Ves,municipality,,SK0211,Dunajská Streda,SK021,Trnavský,48.08852,17.50899,315,315,93052
SK0211555541,Dunajský Klátov,Dunajsky Klatov,municipality,,SK0211,Dunajská Streda,SK021,Trnavský,48.03150,17.68953,539,539,93021
SK0211555568,Horné Mýto,Horne Myto,municipality,,SK0211,Dunajská Streda,SK021,Trnavský,48.01086,17.75136,510,510,93013
SK0211555576,Trhová Hradská,Trhova Hradska,municipality,,SK0211,Dunajská Streda,SK021,Trnavský,47.98944,17.74966,1346,1346,93013
SK0211555606,Macov,Macov,municipality,,SK0211,Dunajská Streda,SK021,Trnavský,48.02197,17.43116,386,386,93032
SK0211555649,Mad,Mad,municipality,,SK0211,Dunajská Streda,SK021,Trnavský,47.95332,17.65957,407,407,93014
SK0211555665,Malé Dvorníky,Male Dvorniky,municipality,,SK0211,Dunajská Streda,SK021,Trnavský,48.01129,17.64163,814,814,92901
SK0211555673,Veľké Dvorníky,Velke Dvorniky,municipality,,SK0211,Dunajská Streda,SK021,Trnavský,47.99900,17.65350,831,831,92901
SK0211555720,Povoda,Povoda,municipality,,SK0211,Dunajská Streda,SK021,Trnavský,47.97338,17.63645,679,679,92901
SK0211555746,Vieska,Vieska,municipality,,SK0211,Dunajská Streda,SK021,Trnavský,48.00372,17.52846,323,323,93002
SK0211580554,Čenkovce,Cenkovce,municipality,,SK0211,Dunajská Streda,SK021,Trnavský,48.10360,17.43837,559,559,93039
SK0211580597,Kyselica,Kyselica,municipality,,SK0211,Dunajská Streda,SK021,Trnavský,47.98745,17.38803,277,277,93030|93031
SK0211582522,Potônske Lúky,Potonske Luky,municipality,,SK0211,Dunajská Streda,SK021,Trnavský,48.09189,17.59143,247,247,93052
SK0212503665,Galanta,Galanta,city,,SK0212,Galanta,SK021,Trnavský,48.19613,17.73112,4100,8200,92401|92501
SK0212503673,Abrahám,Abraham,municipality,,SK0212,Galanta,SK021,Trnavský,48.24895,17.61648,488,488,92545
SK0212503690,Čierna Voda,Cierna Voda,municipality,,SK0212,Galanta,SK021,Trnavský,48.12663,17.65059,545,545,92506
SK0212503703,Čierny Brod,Cierny Brod,municipality,,SK0212,Galanta,SK021,Trnavský,48.15133,17.65865,585,585,92508
SK0212503746,Dolné Saliby,Dolne Saliby,municipality,,SK0212,Galanta,SK021,Trnavský,48.10646,17.78200,891,891,92502
SK0212503754,Dolný Chotár,Dolny Chotar,municipality,,SK0212,Galanta,SK021,Trnavský,48.00073,17.86342,160,160,92541
SK0212503762,Gáň,Gan,municipality,,SK0212,Galanta,SK021,Trnavský,48.23074,17.71926,367,367,92401
SK0212503771,Horné Saliby,Horne Saliby,municipality,,SK0212,Galanta,SK021,Trnavský,48.12369,17.75103,1324,1324,92502|92503
SK0212503789,Hoste,Hoste,municipality,,SK0212,Galanta,SK021,Trnavský,48.26108,17.63867,192,192,92545
SK0212503827,Jánovce,Janovce,municipality,,SK0212,Galanta,SK021,Trnavský,48.17775,17.53102,251,251,92522
SK0212503835,Jelka,Jelka,municipality,,SK0212,Galanta,SK021,Trnavský,48.14499,17.50727,1595,1595,92523
SK0212503843,Kajal,Kajal,municipality,,SK0212,Galanta,SK021,Trnavský,48.18522,17.78630,614,614,92401|92592
SK0212503860,Košúty,Kosuty,municipality,,SK0212,Galanta,SK021,Trnavský,48.17290,17.65675,819,819,92508|92509
SK0212503878,Kráľov Brod,Kralov Brod,municipality,,SK0212,Galanta,SK021,Trnavský,48.05862,17.82648,418,418,92541
SK0212503924,Mostová,Mostova,municipality,,SK0212,Galanta,SK021,Trnavský,48.14009,17.67642,669,669,92507
SK0212503959,Pata,Pata,municipality,,SK0212,Galanta,SK021,Trnavský,48.27724,17.82360,1213,1213,92553
SK0212503967,Pusté Sady,Puste Sady,municipality,,SK0212,Galanta,SK021,Trnavský,48.31179,17.82862,233,233,92554
SK0212503975,Pusté Úľany,Puste Ulany,municipality,,SK0212,Galanta,SK021,Trnavský,48.23105,17.57395,744,744,92528
SK0212504009,Sereď,Sered,city,,SK0212,Galanta,SK021,Trnavský,48.29019,17.73410,4584,9168,92601
SK0212504017,Sládkovičovo,Sladkovicovo,city,,SK0212,Galanta,SK021,Trnavský,48.20177,17.63615,1824,3648,92521
SK0212504033,Šalgočka,Salgocka,municipality,,SK0212,Galanta,SK021,Trnavský,48.33533,17.81542,184,184,92554
SK0212504041,Šintava,Sintava,municipality,,SK0212,Galanta,SK021,Trnavský,48.28274,17.75732,737,737,92551
SK0212504050,Šoporňa,Soporna,municipality,,SK0212,Galanta,SK021,Trnavský,48.25350,17.81756,1648,1648,92552
SK0212504076,Tomášikovo,Tomasikovo,municipality,,SK0212,Galanta,SK021,Trnavský,48.08288,17.69169,558,558,92504
SK0212504084,Topoľnica,Topolnica,municipality,,SK0212,Galanta,SK021,Trnavský,48.16989,17.79222,464,464,92592
SK0212504106,Trstice,Trstice,municipality,,SK0212,Galanta,SK021,Trnavský,48.01636,17.80468,1446,1446,92542
SK0212504114,Váhovce,Vahovce,municipality,,SK0212,Galanta,SK021,Trnavský,48.25010,17.78284,813,813,92562
SK0212504122,Veľká Mača,Velka Maca,municipality,,SK0212,Galanta,SK021,Trnavský,48.24237,17.68863,1032,1032,92532
SK0212504131,Veľké Úľany,Velke Ulany,municipality,,SK0212,Galanta,SK021,Trnavský,48.16316,17.57039,2162,2162,92522
SK0212504149,Veľký Grob,Velky Grob,municipality,,SK0212,Galanta,SK021,Trnavský,48.25039,17.49419,623,623,92527
SK0212504157,Vinohrady nad Váhom,Vinohrady nad Vahom,municipality,,SK0212,Galanta,SK021,Trnavský,48.31828,17.76016,738,738,92555
SK0212504173,Vozokany,Vozokany,municipality,,SK0212,Galanta,SK021,Trnavský,48.10502,17.68700,399,399,92505
SK0212504181,Zemianske Sady,Zemianske Sady,municipality,,SK0212,Galanta,SK021,Trnavský,48.32903,17.82112,363,363,92554
SK0212555754,Matúškovo,Matuskovo,municipality,,SK0212,Galanta,SK021,Trnavský,48.16814,17.73228,969,969,92501
SK0212555789,Dolná Streda,Dolna Streda,municipality,,SK0212,Galanta,SK021,Trnavský,48.26762,17.75086,759,759,92563
SK0212582638,Malá Mača,Mala Maca,municipality,,SK0212,Galanta,SK021,Trnavský,48.22306,17.64064,253,253,92521
SK0213506800,Bojničky,Bojnicky,municipality,,SK0213,Hlohovec,SK021,Trnavský,48.39070,17.79761,476,476,92055
SK0213506885,Červeník,Cervenik,municipality,,SK0213,Hlohovec,SK021,Trnavský,48.45886,17.75636,654,654,92042
SK0213506958,Dolné Otrokovce,Dolne Otrokovce,municipality,,SK0213,Hlohovec,SK021,Trnavský,48.46567,17.91148,192,192,92061
SK0213506966,Dolné Trhovište,Dolne Trhoviste,municipality,,SK0213,Hlohovec,SK021,Trnavský,48.44181,17.89329,242,242,92061
SK0213507024,Dvorníky,Dvorniky,municipality,,SK0213,Hlohovec,SK021,Trnavský,48.35475,17.79466,783,783,92056
SK0213507032,Hlohovec,Hlohovec,city,,SK0213,Hlohovec,SK021,Trnavský,48.43067,17.79772,5332,10664,92001|92003|92509
SK0213507075,Horné Otrokovce,Horne Otrokovce,municipality,,SK0213,Hlohovec,SK021,Trnavský,48.49173,17.87928,340,340,92062
SK0213507130,Jalšové,Jalsove,municipality,,SK0213,Hlohovec,SK021,Trnavský,48.50773,17.82999,198,198,92231
SK0213507172,Kľačany,Klacany,municipality,,SK0213,Hlohovec,SK021,Trnavský,48.39002,17.87299,432,432,92064
SK0213507202,Koplotovce,Koplotovce,municipality,,SK0213,Hlohovec,SK021,Trnavský,48.47714,17.80779,338,338,92001
SK0213507253,Leopoldov,Leopoldov,city,,SK0213,Hlohovec,SK021,Trnavský,48.44484,17.76460,1670,3340,92041
SK0213507288,Madunice,Madunice,municipality,,SK0213,Hlohovec,SK021,Trnavský,48.47731,17.78042,801,801,92242
SK0213507326,Merašice,Merasice,municipality,,SK0213,Hlohovec,SK021,Trnavský,48.46205,17.94627,185,185,92061
SK0213507415,Pastuchov,Pastuchov,municipality,,SK0213,Hlohovec,SK021,Trnavský,48.42474,17.87768,393,393,92063
SK0213507521,Sasinkovo,Sasinkovo,municipality,,SK0213,Hlohovec,SK021,Trnavský,48.37093,17.85052,359,359,92065
SK0213507539,Siladice,Siladice,municipality,,SK0213,Hlohovec,SK021,Trnavský,48.35917,17.74444,306,306,92052
SK0213507661,Trakovice,Trakovice,municipality,,SK0213,Hlohovec,SK021,Trnavský,48.43865,17.71020,518,518,91933
SK0213507792,Žlkovce,Zlkovce,municipality,,SK0213,Hlohovec,SK021,Trnavský,48.45996,17.71737,220,220,92042
SK0213518620,Ratkovce,Ratkovce,municipality,,SK0213,Hlohovec,SK021,Trnavský,48.46745,17.72120,142,142,92042
SK0213556521,Dolné Zelenice,Dolne Zelenice,municipality,,SK0213,Hlohovec,SK021,Trnavský,48.37675,17.74668,266,266,92052
SK0213556530,Horné Zelenice,Horne Zelenice,municipality,,SK0213,Hlohovec,SK021,Trnavský,48.38514,17.75946,296,296,92052
SK0213556602,Horné Trhovište,Horne Trhoviste,municipality,,SK0213,Hlohovec,SK021,Trnavský,48.46778,17.86721,234,234,92066
SK0213556611,Tekolďany,Tekoldany,municipality,,SK0213,Hlohovec,SK021,Trnavský,48.49222,17.90466,79,79,92062
SK0213556645,Tepličky,Teplicky,municipality,,SK0213,Hlohovec,SK021,Trnavský,48.46510,17.85344,150,150,92066
SK0214506834,Borovce,Borovce,municipality,,SK0214,Piešťany,SK021,Trnavský,48.57271,17.74376,479,479,92209
SK0214506982,Dolný Lopašov,Dolny Lopasov,municipality,,SK0214,Piešťany,SK021,Trnavský,48.57513,17.64699,418,418,92204
SK0214506991,Drahovce,Drahovce,municipality,,SK0214,Piešťany,SK021,Trnavský,48.51710,17.80173,1199,1199,92241
SK0214507008,Dubovany,Dubovany,municipality,,SK0214,Piešťany,SK021,Trnavský,48.52604,17.73265,391,391,92208
SK0214507121,Chtelnica,Chtelnica,municipality,,SK0214,Piešťany,SK021,Trnavský,48.57040,17.62198,1010,1010,92205
SK0214507199,Kočín-Lančár,Kocin-Lancar,municipality,,SK0214,Piešťany,SK021,Trnavský,48.59993,17.65370,243,243,92204
SK0214507229,Krakovany,Krakovany,municipality,,SK0214,Piešťany,SK021,Trnavský,48.61019,17.75431,647,647,92202
SK0214507342,Moravany nad Váhom,Moravany nad Vahom,municipality,,SK0214,Piešťany,SK021,Trnavský,48.60104,17.86157,1039,1039,92221
SK0214507369,Nižná,Nizna,municipality,,SK0214,Piešťany,SK021,Trnavský,48.53246,17.65319,210,210,92206
SK0214507385,Ostrov,Ostrov,municipality,,SK0214,Piešťany,SK021,Trnavský,48.62848,17.76988,499,499,92201
SK0214507431,Pečeňady,Pecenady,municipality,,SK0214,Piešťany,SK021,Trnavský,48.48361,17.71944,188,188,92207
SK0214507440,Piešťany,Piestany,city,,SK0214,Piešťany,SK021,Trnavský,48.59294,17.82520,7451,14902,92101
SK0214507466,Prašník,Prasnik,municipality,,SK0214,Piešťany,SK021,Trnavský,48.64786,17.67297,518,518,92211
SK0214507482,Rakovice,Rakovice,municipality,,SK0214,Piešťany,SK021,Trnavský,48.56016,17.73637,249,249,92208
SK0214507491,Ratnovce,Ratnovce,municipality,,SK0214,Piešťany,SK021,Trnavský,48.55966,17.84221,495,495,92231
SK0214507563,Sokolovce,Sokolovce,municipality,,SK0214,Piešťany,SK021,Trnavský,48.53622,17.84275,594,594,92231
SK0214507679,Trebatice,Trebatice,municipality,,SK0214,Piešťany,SK021,Trnavský,48.59636,17.75181,517,517,92210
SK0214507709,Veľké Kostoľany,Velke Kostolany,municipality,,SK0214,Piešťany,SK021,Trnavský,48.50912,17.72094,1050,1050,92207
SK0214507725,Veselé,Vesele,municipality,,SK0214,Piešťany,SK021,Trnavský,48.54495,17.73542,499,499,92208
SK0214507750,Vrbové,Vrbove,city,,SK0214,Piešťany,SK021,Trnavský,48.62010,17.72385,1914,3828,92203
SK0214556548,Šterusy,Sterusy,municipality,,SK0214,Piešťany,SK021,Trnavský,48.60093,17.67916,197,197,92203
SK0214556572,Veľké Orvište,Velke Orviste,municipality,,SK0214,Piešťany,SK021,Trnavský,48.61861,17.79348,464,464,92201
SK0214556581,Hubina,Hubina,municipality,,SK0214,Piešťany,SK021,Trnavský,48.61675,17.88855,381,381,92221
SK0214558338,Ducové,Ducove,municipality,,SK0214,Piešťany,SK021,Trnavský,48.62710,17.86664,198,198,92221
SK0214558354,Bašovce,Basovce,municipality,,SK0214,Piešťany,SK021,Trnavský,48.63275,17.79714,164,164,92201
SK0214558397,Šípkové,Sipkove,municipality,,SK0214,Piešťany,SK021,Trnavský,48.65699,17.71798,183,183,92203
SK0214581399,Banka,Banka,municipality,,SK0214,Piešťany,SK021,Trnavský,48.58469,17.85402,954,954,92101
SK0215504203,Senica,Senica,city,,SK0215,Senica,SK021,Trnavský,48.67972,17.36331,5072,10144,90501|90631
SK0215504211,Bílkove Humence,Bilkove Humence,municipality,,SK0215,Senica,SK021,Trnavský,48.58591,17.23843,198,198,90877
SK0215504220,Borský Svätý Jur,Borsky Svaty Jur,municipality,,SK0215,Senica,SK021,Trnavský,48.60998,17.05023,1078,1078,90879
SK0215504238,Borský Mikuláš,Borsky Mikulas,municipality,,SK0215,Senica,SK021,Trnavský,48.63050,17.21343,1934,1934,90877
SK0215504297,Cerová,Cerova,municipality,,SK0215,Senica,SK021,Trnavský,48.58055,17.38971,723,723,90633
SK0215504319,Čáry,Cary,municipality,,SK0215,Senica,SK021,Trnavský,48.65517,17.09170,494,494,90843
SK0215504327,Častkov,Castkov,municipality,,SK0215,Senica,SK021,Trnavský,48.74791,17.35311,234,234,90604
SK0215504335,Dojč,Dojc,municipality,,SK0215,Senica,SK021,Trnavský,48.67889,17.25197,576,576,90602
SK0215504360,Hlboké,Hlboke,municipality,,SK0215,Senica,SK021,Trnavský,48.65882,17.40785,487,487,90631
SK0215504386,Hradište pod Vrátnom,Hradiste pod Vratnom,municipality,,SK0215,Senica,SK021,Trnavský,48.62661,17.48759,355,355,90612
SK0215504416,Jablonica,Jablonica,municipality,,SK0215,Senica,SK021,Trnavský,48.60636,17.42132,962,962,90632
SK0215504475,Koválov,Kovalov,municipality,,SK0215,Senica,SK021,Trnavský,48.70540,17.28237,289,289,90603
SK0215504491,Kuklov,Kuklov,municipality,,SK0215,Senica,SK021,Trnavský,48.64064,17.06786,304,304,90878
SK0215504513,Kúty,Kuty,municipality,,SK0215,Senica,SK021,Trnavský,48.65926,17.02257,1466,1466,90801
SK0215504521,Lakšárska Nová Ves,Laksarska Nova Ves,municipality,,SK0215,Senica,SK021,Trnavský,48.57714,17.18049,668,668,90876
SK0215504572,Moravský Svätý Ján,Moravsky Svaty Jan,municipality,,SK0215,Senica,SK021,Trnavský,48.58768,17.00128,982,982,90871
SK0215504602,Osuské,Osuske,municipality,,SK0215,Senica,SK021,Trnavský,48.62910,17.43927,398,398,90612
SK0215504645,Plavecký Peter,Plavecky Peter,municipality,,SK0215,Senica,SK021,Trnavský,48.53613,17.32890,333,333,90635
SK0215504653,Podbranč,Podbranc,municipality,,SK0215,Senica,SK021,Trnavský,48.72956,17.44957,390,390,90605
SK0215504700,Prietrž,Prietrz,municipality,,SK0215,Senica,SK021,Trnavský,48.67968,17.44616,439,439,90611
SK0215504726,Prievaly,Prievaly,municipality,,SK0215,Senica,SK021,Trnavský,48.55800,17.34789,446,446,90634
SK0215504777,Rovensko,Rovensko,municipality,,SK0215,Senica,SK021,Trnavský,48.71166,17.37726,175,175,90501
SK0215504823,Smolinské,Smolinske,municipality,,SK0215,Senica,SK021,Trnavský,48.67632,17.12800,438,438,90842
SK0215504831,Smrdáky,Smrdaky,municipality,,SK0215,Senica,SK021,Trnavský,48.72280,17.30163,203,203,90603
SK0215504840,Sobotište,Sobotiste,municipality,,SK0215,Senica,SK021,Trnavský,48.74183,17.40818,755,755,90605
SK0215504882,Šajdíkove Humence,Sajdikove Humence,municipality,,SK0215,Senica,SK021,Trnavský,48.65583,17.28206,773,773,90607
SK0215504891,Šaštín-Stráže,Sastin-Straze,city,,SK0215,Senica,SK021,Trnavský,48.64029,17.14589,1738,3476,90841
SK0215504904,Štefanov,Stefanov,municipality,,SK0215,Senica,SK021,Trnavský,48.67751,17.20270,498,498,90645
SK0215556114,Sekule,Sekule,municipality,,SK0215,Senica,SK021,Trnavský,48.60173,16.99742,857,857,90880
SK0215556122,Rohov,Rohov,municipality,,SK0215,Senica,SK021,Trnavský,48.72698,17.34585,109,109,90604
SK0215556131,Rybky,Rybky,municipality,,SK0215,Senica,SK021,Trnavský,48.70773,17.33815,166,166,90604
SK0216504271,Brodské,Brodske,municipality,,SK0216,Skalica,SK021,Trnavský,48.69056,17.01341,1044,1044,90885
SK0216504343,Dubovce,Dubovce,municipality,,SK0216,Skalica,SK021,Trnavský,48.77338,17.24612,251,251,90862
SK0216504351,Gbely,Gbely,city,,SK0216,Skalica,SK021,Trnavský,48.71743,17.11565,2211,4422,90845
SK0216504378,Holíč,Holic,city,,SK0216,Skalica,SK021,Trnavský,48.81242,17.16155,3300,6600,90851
SK0216504394,Chropov,Chropov,municipality,,SK0216,Skalica,SK021,Trnavský,48.77459,17.31960,175,175,90864
SK0216504432,Kátov,Katov,municipality,,SK0216,Skalica,SK021,Trnavský,48.83220,17.17203,246,246,90849
SK0216504459,Kopčany,Kopcany,municipality,,SK0216,Skalica,SK021,Trnavský,48.78781,17.11537,1048,1048,90848
SK0216504483,Koválovec,Kovalovec,municipality,,SK0216,Skalica,SK021,Trnavský,48.78421,17.30296,114,114,90863
SK0216504530,Letničie,Letnicie,municipality,,SK0216,Skalica,SK021,Trnavský,48.71101,17.17913,211,211,90844
SK0216504548,Lopašov,Lopasov,municipality,,SK0216,Skalica,SK021,Trnavský,48.75098,17.33069,110,110,90863
SK0216504564,Mokrý Háj,Mokry Haj,municipality,,SK0216,Skalica,SK021,Trnavský,48.81296,17.24454,273,273,90865
SK0216504599,Oreské,Oreske,municipality,,SK0216,Skalica,SK021,Trnavský,48.74451,17.30597,153,153,90863
SK0216504611,Petrova Ves,Petrova Ves,municipality,,SK0216,Skalica,SK021,Trnavský,48.72045,17.16211,400,400,90844
SK0216504670,Popudinské Močidľany,Popudinske Mocidlany,municipality,,SK0216,Skalica,SK021,Trnavský,48.78540,17.22133,370,370,90861
SK0216504718,Prietržka,Prietrzka,municipality,,SK0216,Skalica,SK021,Trnavský,48.80565,17.19642,238,238,90849
SK0216504734,Radimov,Radimov,municipality,,SK0216,Skalica,SK021,Trnavský,48.75047,17.19944,222,222,90847
SK0216504742,Radošovce,Radosovce,municipality,,SK0216,Skalica,SK021,Trnavský,48.77479,17.28296,782,782,90863
SK0216504815,Skalica,Skalica,city,,SK0216,Skalica,SK021,Trnavský,48.84185,17.23027,5347,10694,90901
SK0216504912,Trnovec,Trnovec,municipality,,SK0216,Skalica,SK021,Trnavský,48.79951,17.18933,119,119,90851
SK0216504939,Unín,Unin,municipality,,SK0216,Skalica,SK021,Trnavský,48.72610,17.21580,491,491,90846
SK0216504963,Vrádište,Vradiste,municipality,,SK0216,Skalica,SK021,Trnavský,48.82301,17.19243,345,345,90849
SK0217506745,Trnava,Trnava,city,,SK0217,Trnava,SK021,Trnavský,48.37517,17.58561,10370,20740,91701|91702|91705|91708|91934|91961|92509
SK0217506788,Bíňovce,Binovce,municipality,,SK0217,Trnava,SK021,Trnavský,48.50373,17.48069,277,277,91907
SK0217506796,Bohdanovce nad Trnavou,Bohdanovce nad Trnavou,municipality,,SK0217,Trnava,SK021,Trnavský,48.43100,17.54252,584,584,91909
SK0217506818,Boleráz,Boleraz,municipality,,SK0217,Trnava,SK021,Trnavský,48.46318,17.49620,848,848,91908
SK0217506826,Borová,Borova,municipality,,SK0217,Trnava,SK021,Trnavský,48.38666,17.44567,180,180,91961
SK0217506842,Brestovany,Brestovany,municipality,,SK0217,Trnava,SK021,Trnavský,48.38407,17.68553,792,792,91927
SK0217506851,Bučany,Bucany,municipality,,SK0217,Trnava,SK021,Trnavský,48.41625,17.69907,816,816,91928
SK0217506869,Buková,Bukova,municipality,,SK0217,Trnava,SK021,Trnavský,48.54278,17.40114,497,497,91910
SK0217506877,Cífer,Cifer,municipality,,SK0217,Trnava,SK021,Trnavský,48.31696,17.48971,1880,1880,91943
SK0217506893,Dechtice,Dechtice,municipality,,SK0217,Trnava,SK021,Trnavský,48.54734,17.59056,679,679,91953
SK0217506915,Dobrá Voda,Dobra Voda,municipality,,SK0217,Trnava,SK021,Trnavský,48.59763,17.53768,507,507,91954
SK0217506923,Dolná Krupá,Dolna Krupa,municipality,,SK0217,Trnava,SK021,Trnavský,48.48134,17.55199,940,940,91965
SK0217506931,Dolné Dubové,Dolne Dubove,municipality,,SK0217,Trnava,SK021,Trnavský,48.49220,17.60759,301,301,91952
SK0217506940,Dolné Orešany,Dolne Oresany,municipality,,SK0217,Trnava,SK021,Trnavský,48.43959,17.42914,639,639,91902
SK0217507041,Horná Krupá,Horna Krupa,municipality,,SK0217,Trnava,SK021,Trnavský,48.51541,17.52518,213,213,91965
SK0217507059,Horné Dubové,Horne Dubove,municipality,,SK0217,Trnava,SK021,Trnavský,48.51925,17.56399,155,155,91965
SK0217507067,Horné Orešany,Horne Oresany,municipality,,SK0217,Trnava,SK021,Trnavský,48.46511,17.43855,887,887,91903
SK0217507156,Jaslovské Bohunice,Jaslovske Bohunice,municipality,,SK0217,Trnava,SK021,Trnavský,48.47760,17.64350,822,822,91930
SK0217507164,Kátlovce,Katlovce,municipality,,SK0217,Trnava,SK021,Trnavský,48.52473,17.60965,381,381,91955
SK0217507211,Košolná,Kosolna,municipality,,SK0217,Trnava,SK021,Trnavský,48.42483,17.46258,294,294,91901
SK0217507296,Majcichov,Majcichov,municipality,,SK0217,Trnava,SK021,Trnavský,48.28568,17.62902,794,794,91922
SK0217507318,Malženice,Malzenice,municipality,,SK0217,Trnava,SK021,Trnavský,48.44974,17.67442,524,524,91929
SK0217507351,Naháč,Nahac,municipality,,SK0217,Trnava,SK021,Trnavský,48.53398,17.53543,192,192,91965
SK0217507512,Ružindol,Ruzindol,municipality,,SK0217,Trnava,SK021,Trnavský,48.37222,17.49313,617,617,91961
SK0217507555,Smolenice,Smolenice,municipality,,SK0217,Trnava,SK021,Trnavský,48.50292,17.42890,1441,1441,91904
SK0217507571,Suchá nad Parnou,Sucha nad Parnou,municipality,,SK0217,Trnava,SK021,Trnavský,48.41046,17.48856,996,996,91901
SK0217507601,Špačince,Spacince,municipality,,SK0217,Trnava,SK021,Trnavský,48.43776,17.60759,1160,1160,91951
SK0217507636,Šúrovce,Surovce,municipality,,SK0217,Trnava,SK021,Trnavský,48.33196,17.72274,896,896,91925
SK0217507687,Trstín,Trstin,municipality,,SK0217,Trnava,SK021,Trnavský,48.52732,17.46345,667,667,91905
SK0217507741,Voderady,Voderady,municipality,,SK0217,Trnava,SK021,Trnavský,48.27817,17.55931,609,609,91942
SK0217507768,Zavar,Zavar,municipality,,SK0217,Trnava,SK021,Trnavský,48.35050,17.67052,824,824,91701|91926
SK0217507776,Zeleneč,Zelenec,municipality,,SK0217,Trnava,SK021,Trnavský,48.33006,17.59311,878,878,91921
SK0217556483,Križovany nad Dudváhom,Krizovany nad Dudvahom,municipality,,SK0217,Trnava,SK021,Trnavský,48.32325,17.65440,709,709,91924
SK0217556491,Opoj,Opoj,municipality,,SK0217,Trnava,SK021,Trnavský,48.30195,17.64318,409,409,91932
SK0217556513,Vlčkovce,Vlckovce,municipality,,SK0217,Trnava,SK021,Trnavský,48.31014,17.65382,474,474,91923
SK0217556556,Pavlice,Pavlice,municipality,,SK0217,Trnava,SK021,Trnavský,48.25926,17.57688,203,203,91942
SK0217556564,Slovenská Nová Ves,Slovenska Nova Ves,municipality,,SK0217,Trnava,SK021,Trnavský,48.29213,17.53364,252,252,91942
SK0217556599,Dlhá,Dlha,municipality,,SK0217,Trnava,SK021,Trnavský,48.41316,17.42845,168,168,91901
SK0217556653,Radošovce,Radosovce,municipality,,SK0217,Trnava,SK021,Trnavský,48.49657,17.63518,140,140,91930
SK0217556661,Dolné Lovčice,Dolne Lovcice,municipality,,SK0217,Trnava,SK021,Trnavský,48.36598,17.67465,311,311,91927
SK0217556670,Šelpice,Selpice,municipality,,SK0217,Trnava,SK021,Trnavský,48.43210,17.52924,321,321,91909
SK0217556688,Lošonec,Losonec,municipality,,SK0217,Trnava,SK021,Trnavský,48.48505,17.39605,612,612,91904
SK0217580473,Biely Kostol,Biely Kostol,municipality,,SK0217,Trnava,SK021,Trnavský,48.36938,17.53287,980,980,91934
SK0217581020,Hrnčiarovce nad Parnou,Hrnciarovce nad Parnou,municipality,,SK0217,Trnava,SK021,Trnavský,48.34232,17.56813,826,826,91935
SK0217581488,Zvončín,Zvoncin,municipality,,SK0217,Trnava,SK021,Trnavský,48.40195,17.50653,387,387,91901
SK0221505056,Ľutov,Lutov,municipality,,SK0221,Bánovce nad Bebravou,SK022,Trenčiansky,48.77599,18.28120,86,86,95703
SK0221505072,Malá Hradná,Mala Hradna,municipality,,SK0221,Bánovce nad Bebravou,SK022,Trenčiansky,48.75903,18.16448,223,223,95654
SK0221505102,Malé Hoste,Male Hoste,municipality,,SK0221,Bánovce nad Bebravou,SK022,Trenčiansky,48.69850,18.13688,204,204,95637
SK0221505153,Miezgovce,Miezgovce,municipality,,SK0221,Bánovce nad Bebravou,SK022,Trenčiansky,48.72008,18.31290,135,135,95701
SK0221505200,Nedašovce,Nedasovce,municipality,,SK0221,Bánovce nad Bebravou,SK022,Trenčiansky,48.66901,18.31265,208,208,95635
SK0221505277,Omastiná,Omastina,municipality,,SK0221,Bánovce nad Bebravou,SK022,Trenčiansky,48.77780,18.38916,84,84,95641
SK0221505331,Pečeňany,Pecenany,municipality,,SK0221,Bánovce nad Bebravou,SK022,Trenčiansky,48.67503,18.22686,242,242,95636
SK0221505358,Podlužany,Podluzany,municipality,,SK0221,Bánovce nad Bebravou,SK022,Trenčiansky,48.76976,18.24023,470,470,95652
SK0221505382,Pravotice,Pravotice,municipality,,SK0221,Bánovce nad Bebravou,SK022,Trenčiansky,48.68241,18.29219,174,174,95635
SK0221505412,Prusy,Prusy,municipality,,SK0221,Bánovce nad Bebravou,SK022,Trenčiansky,48.75917,18.26137,276,276,95703
SK0221505447,Ruskovce,Ruskovce,municipality,,SK0221,Bánovce nad Bebravou,SK022,Trenčiansky,48.74385,18.19130,227,227,95654
SK0221505455,Rybany,Rybany,municipality,,SK0221,Bánovce nad Bebravou,SK022,Trenčiansky,48.66727,18.25808,512,512,95636
SK0221505471,Slatina nad Bebravou,Slatina nad Bebravou,municipality,,SK0221,Bánovce nad Bebravou,SK022,Trenčiansky,48.83620,18.26401,227,227,95653
SK0221505480,Slatinka nad Bebravou,Slatinka nad Bebravou,municipality,,SK0221,Bánovce nad Bebravou,SK022,Trenčiansky,48.84543,18.24208,145,145,95653
SK0221505544,Šípkov,Sipkov,municipality,,SK0221,Bánovce nad Bebravou,SK022,Trenčiansky,48.85206,18.29473,195,195,95653
SK0221505552,Šišov,Sisov,municipality,,SK0221,Bánovce nad Bebravou,SK022,Trenčiansky,48.65658,18.18244,234,234,95638
SK0221505579,Timoradza,Timoradza,municipality,,SK0221,Bánovce nad Bebravou,SK022,Trenčiansky,48.81102,18.23575,233,233,95652
SK0221505595,Trebichava,Trebichava,municipality,,SK0221,Bánovce nad Bebravou,SK022,Trenčiansky,48.82189,18.30107,113,113,95653
SK0221505625,Uhrovec,Uhrovec,municipality,,SK0221,Bánovce nad Bebravou,SK022,Trenčiansky,48.74388,18.33890,568,568,95641|95701
SK0221505633,Uhrovské Podhradie,Uhrovske Podhradie,municipality,,SK0221,Bánovce nad Bebravou,SK022,Trenčiansky,48.76360,18.37986,92,92,95641
SK0221505684,Veľké Hoste,Velke Hoste,municipality,,SK0221,Bánovce nad Bebravou,SK022,Trenčiansky,48.68020,18.15746,217,217,95638
SK0221505692,Veľké Chlievany,Velke Chlievany,municipality,,SK0221,Bánovce nad Bebravou,SK022,Trenčiansky,48.70355,18.22443,224,224,95655
SK0221505765,Vysočany,Vysocany,municipality,,SK0221,Bánovce nad Bebravou,SK022,Trenčiansky,48.68121,18.31743,111,111,95635
SK0221505790,Zlatníky,Zlatniky,municipality,,SK0221,Bánovce nad Bebravou,SK022,Trenčiansky,48.71254,18.12006,367,367,95637
SK0221505811,Žitná-Radiša,Zitna-Radisa,municipality,,SK0221,Bánovce nad Bebravou,SK022,Trenčiansky,48.76770,18.34632,247,247,95641
SK0221542652,Bánovce nad Bebravou,Banovce nad Bebravou,city,,SK0221,Bánovce nad Bebravou,SK022,Trenčiansky,48.72287,18.25319,2448,4896,95701|95703|95704
SK0221542741,Brezolupy,Brezolupy,municipality,,SK0221,Bánovce nad Bebravou,SK022,Trenčiansky,48.69983,18.30374,230,230,95701
SK0221542776,Cimenná,Cimenna,municipality,,SK0221,Bánovce nad Bebravou,SK022,Trenčiansky,48.72794,18.14165,37,37,95637
SK0221542806,Čierna Lehota,Cierna Lehota,municipality,,SK0221,Bánovce nad Bebravou,SK022,Trenčiansky,48.86677,18.33325,170,170,95653
SK0221542822,Dežerice,Dezerice,municipality,,SK0221,Bánovce nad Bebravou,SK022,Trenčiansky,48.76332,18.21342,517,517,95703
SK0221542849,Dolné Naštice,Dolne Nastice,municipality,,SK0221,Bánovce nad Bebravou,SK022,Trenčiansky,48.69297,18.25012,200,200,95701
SK0221542857,Dubnička,Dubnicka,municipality,,SK0221,Bánovce nad Bebravou,SK022,Trenčiansky,48.76819,18.30455,73,73,95703
SK0221542873,Dvorec,Dvorec,municipality,,SK0221,Bánovce nad Bebravou,SK022,Trenčiansky,48.71237,18.21321,233,233,95655
SK0221542890,Haláčovce,Halacovce,municipality,,SK0221,Bánovce nad Bebravou,SK022,Trenčiansky,48.70255,18.19511,137,137,95655
SK0221542920,Horné Naštice,Horne Nastice,municipality,,SK0221,Bánovce nad Bebravou,SK022,Trenčiansky,48.73497,18.29719,291,291,95641
SK0221543080,Krásna Ves,Krasna Ves,municipality,,SK0221,Bánovce nad Bebravou,SK022,Trenčiansky,48.83470,18.23230,301,301,95653
SK0221543136,Kšinná,Ksinna,municipality,,SK0221,Bánovce nad Bebravou,SK022,Trenčiansky,48.81146,18.35469,452,452,95641
SK0221545651,Veľké Držkovce,Velke Drzkovce,municipality,,SK0221,Bánovce nad Bebravou,SK022,Trenčiansky,48.73490,18.16668,318,318,95654
SK0221556289,Otrhánky,Otrhanky,municipality,,SK0221,Bánovce nad Bebravou,SK022,Trenčiansky,48.69359,18.20501,154,154,95655
SK0221556360,Libichava,Libichava,municipality,,SK0221,Bánovce nad Bebravou,SK022,Trenčiansky,48.67100,18.16992,71,71,95638
SK0221556408,Chudá Lehota,Chuda Lehota,municipality,,SK0221,Bánovce nad Bebravou,SK022,Trenčiansky,48.64785,18.19717,101,101,95638
SK0221556742,Pochabany,Pochabany,municipality,,SK0221,Bánovce nad Bebravou,SK022,Trenčiansky,48.69064,18.14587,117,117,95638
SK0221556793,Borčany,Borcany,municipality,,SK0221,Bánovce nad Bebravou,SK022,Trenčiansky,48.65794,18.21845,116,116,95636
SK0222512885,Bolešov,Bolesov,municipality,,SK0222,Ilava,SK022,Trenčiansky,48.98731,18.15462,576,576,01853
SK0222512931,Červený Kameň,Cerveny Kamen,municipality,,SK0222,Ilava,SK022,Trenčiansky,49.08823,18.18048,361,361,01856
SK0222513016,Dubnica nad Váhom,Dubnica nad Vahom,city,,SK0222,Ilava,SK022,Trenčiansky,48.95827,18.16997,4336,8672,01841
SK0222513024,Dulov,Dulov,municipality,,SK0222,Ilava,SK022,Trenčiansky,49.03754,18.25092,344,344,01852
SK0222513091,Horná Poruba,Horna Poruba,municipality,,SK0222,Ilava,SK022,Trenčiansky,48.94239,18.30408,471,471,01835
SK0222513156,Ilava,Ilava,city,,SK0222,Ilava,SK022,Trenčiansky,48.99408,18.23313,2341,4682,01901
SK0222513253,Košeca,Koseca,municipality,,SK0222,Ilava,SK022,Trenčiansky,49.00736,18.26055,1126,1126,01864
SK0222513296,Ladce,Ladce,municipality,,SK0222,Ilava,SK022,Trenčiansky,49.03503,18.28797,1030,1030,01863
SK0222513351,Košecké Podhradie,Kosecke Podhradie,municipality,,SK0222,Ilava,SK022,Trenčiansky,48.97740,18.31118,626,626,01831
SK0222513385,Mikušovce,Mikusovce,municipality,,SK0222,Ilava,SK022,Trenčiansky,49.06363,18.20627,364,364,01857
SK0222513440,Nová Dubnica,Nova Dubnica,city,,SK0222,Ilava,SK022,Trenčiansky,48.93681,18.14660,3168,6336,01851
SK0222513598,Pruské,Pruske,municipality,,SK0222,Ilava,SK022,Trenčiansky,49.02547,18.21465,917,917,01852
SK0222513725,Tuchyňa,Tuchyna,municipality,,SK0222,Ilava,SK022,Trenčiansky,49.04047,18.21930,329,329,01855
SK0222513865,Zliechov,Zliechov,municipality,,SK0222,Ilava,SK022,Trenčiansky,48.95156,18.42640,551,551,01832
SK0222557391,Borčice,Borcice,municipality,,SK0222,Ilava,SK022,Trenčiansky,48.97818,18.13655,348,348,01853
SK0222557404,Kameničany,Kamenicany,municipality,,SK0222,Ilava,SK022,Trenčiansky,48.99194,18.17006,254,254,01854
SK0222557412,Sedmerovec,Sedmerovec,municipality,,SK0222,Ilava,SK022,Trenčiansky,49.01361,18.17494,166,166,01854
SK0222557421,Slavnica,Slavnica,municipality,,SK0222,Ilava,SK022,Trenčiansky,49.00164,18.17660,300,300,01854
SK0222557617,Krivoklát,Krivoklat,municipality,,SK0222,Ilava,SK022,Trenčiansky,49.04501,18.16384,139,139,01852
SK0222557625,Vršatské Podhradie,Vrsatske Podhradie,municipality,,SK0222,Ilava,SK022,Trenčiansky,49.06528,18.15436,103,103,01852
SK0222582301,Bohunice,Bohunice,municipality,,SK0222,Ilava,SK022,Trenčiansky,49.01925,18.19831,320,320,01852
SK0223504254,Brestovec,Brestovec,municipality,,SK0223,Myjava,SK022,Trenčiansky,48.79158,17.55597,560,560,90606|90701
SK0223504262,Brezová pod Bradlom,Brezova pod Bradlom,city,,SK0223,Myjava,SK022,Trenčiansky,48.66455,17.53931,1536,3072,90613
SK0223504289,Bukovec,Bukovec,municipality,,SK0223,Myjava,SK022,Trenčiansky,48.69967,17.49618,258,258,90614
SK0223504408,Chvojnica,Chvojnica,municipality,,SK0223,Myjava,SK022,Trenčiansky,48.79951,17.41011,223,223,90606
SK0223504424,Jablonka,Jablonka,municipality,,SK0223,Myjava,SK022,Trenčiansky,48.72701,17.61753,324,324,90621
SK0223504467,Košariská,Kosariska,municipality,,SK0223,Myjava,SK022,Trenčiansky,48.67120,17.59949,309,309,90615
SK0223504581,Myjava,Myjava,city,,SK0223,Myjava,SK022,Trenčiansky,48.75194,17.55886,2897,5794,90701|90703
SK0223504661,Polianka,Polianka,municipality,,SK0223,Myjava,SK022,Trenčiansky,48.72266,17.58291,223,223,90701
SK0223504688,Poriadie,Poriadie,municipality,,SK0223,Myjava,SK022,Trenčiansky,48.77711,17.60679,351,351,90622
SK0223504696,Priepasné,Priepasne,municipality,,SK0223,Myjava,SK022,Trenčiansky,48.69605,17.58650,252,252,90615
SK0223504793,Rudník,Rudnik,municipality,,SK0223,Myjava,SK022,Trenčiansky,48.76034,17.62987,422,422,90623
SK0223504866,Stará Myjava,Stara Myjava,municipality,,SK0223,Myjava,SK022,Trenčiansky,48.79220,17.58893,462,462,90701
SK0223504971,Vrbovce,Vrbovce,municipality,,SK0223,Myjava,SK022,Trenčiansky,48.79803,17.47334,914,914,90606|90703
SK0223506079,Hrašné,Hrasne,municipality,,SK0223,Myjava,SK022,Trenčiansky,48.75197,17.66581,295,295,91614
SK0223506141,Kostolné,Kostolne,municipality,,SK0223,Myjava,SK022,Trenčiansky,48.73731,17.69888,391,391,91613
SK0223506150,Krajné,Krajne,municipality,,SK0223,Myjava,SK022,Trenčiansky,48.70161,17.66865,929,929,91616|91622
SK0223506419,Podkylava,Podkylava,municipality,,SK0223,Myjava,SK022,Trenčiansky,48.67605,17.65831,233,233,91616
SK0224505846,Beckov,Beckov,municipality,,SK0224,Nové Mesto nad Váhom,SK022,Trenčiansky,48.78971,17.89608,597,597,91501|91638
SK0224505871,Bošáca,Bosaca,municipality,,SK0224,Nové Mesto nad Váhom,SK022,Trenčiansky,48.83406,17.83823,666,666,91307
SK0224505889,Brunovce,Brunovce,municipality,,SK0224,Nové Mesto nad Váhom,SK022,Trenčiansky,48.67369,17.85350,279,279,91625
SK0224505897,Bzince pod Javorinou,Bzince pod Javorinou,municipality,,SK0224,Nové Mesto nad Váhom,SK022,Trenčiansky,48.80865,17.75255,1039,1039,91611
SK0224505901,Čachtice,Cachtice,municipality,,SK0224,Nové Mesto nad Váhom,SK022,Trenčiansky,48.71217,17.78851,1273,1273,91621
SK0224505919,Častkovce,Castkovce,municipality,,SK0224,Nové Mesto nad Váhom,SK022,Trenčiansky,48.69103,17.78199,529,529,91627
SK0224505951,Dolné Srnie,Dolne Srnie,municipality,,SK0224,Nové Mesto nad Váhom,SK022,Trenčiansky,48.80147,17.81785,441,441,91641
SK0224505994,Hôrka nad Váhom,Horka nad Vahom,municipality,,SK0224,Nové Mesto nad Váhom,SK022,Trenčiansky,48.71735,17.89016,344,344,91632
SK0224506001,Horná Streda,Horna Streda,municipality,,SK0224,Nové Mesto nad Váhom,SK022,Trenčiansky,48.65603,17.84445,691,691,91624|91625
SK0224506052,Hrádok,Hradok,municipality,,SK0224,Nové Mesto nad Váhom,SK022,Trenčiansky,48.69733,17.88588,426,426,91633
SK0224506061,Hrachovište,Hrachoviste,municipality,,SK0224,Nové Mesto nad Váhom,SK022,Trenčiansky,48.71350,17.72673,377,377,91616
SK0224506109,Kálnica,Kalnica,municipality,,SK0224,Nové Mesto nad Váhom,SK022,Trenčiansky,48.76322,17.92158,565,565,91637
SK0224506125,Kočovce,Kocovce,municipality,,SK0224,Nové Mesto nad Váhom,SK022,Trenčiansky,48.75329,17.88650,761,761,91631
SK0224506184,Lubina,Lubina,municipality,,SK0224,Nové Mesto nad Váhom,SK022,Trenčiansky,48.80223,17.71756,965,965,91612
SK0224506206,Lúka,Luka,municipality,,SK0224,Nové Mesto nad Váhom,SK022,Trenčiansky,48.65841,17.88006,325,325,91633
SK0224506249,Modrová,Modrova,municipality,,SK0224,Nové Mesto nad Váhom,SK022,Trenčiansky,48.64033,17.90338,290,290,91635
SK0224506257,Modrovka,Modrovka,municipality,,SK0224,Nové Mesto nad Váhom,SK022,Trenčiansky,48.64937,17.88110,121,121,91635
SK0224506265,Moravské Lieskové,Moravske Lieskove,municipality,,SK0224,Nové Mesto nad Váhom,SK022,Trenčiansky,48.83356,17.77734,1371,1371,91642
SK0224506303,Nová Bošáca,Nova Bosaca,municipality,,SK0224,Nové Mesto nad Váhom,SK022,Trenčiansky,48.89075,17.79675,684,684,91308
SK0224506311,Nová Lehota,Nova Lehota,municipality,,SK0224,Nové Mesto nad Váhom,SK022,Trenčiansky,48.65532,17.98291,266,266,91635
SK0224506338,Nové Mesto nad Váhom,Nove Mesto nad Vahom,city,,SK0224,Nové Mesto nad Váhom,SK022,Trenčiansky,48.75797,17.82875,5488,10976,91501
SK0224506346,Očkov,Ockov,municipality,,SK0224,Nové Mesto nad Váhom,SK022,Trenčiansky,48.65266,17.76469,210,210,91622
SK0224506401,Pobedim,Pobedim,municipality,,SK0224,Nové Mesto nad Váhom,SK022,Trenčiansky,48.64981,17.80104,457,457,91623
SK0224506427,Podolie,Podolie,municipality,,SK0224,Nové Mesto nad Váhom,SK022,Trenčiansky,48.67182,17.77326,908,908,91622
SK0224506435,Potvorice,Potvorice,municipality,,SK0224,Nové Mesto nad Váhom,SK022,Trenčiansky,48.68870,17.85266,268,268,91625
SK0224506443,Považany,Povazany,municipality,,SK0224,Nové Mesto nad Váhom,SK022,Trenčiansky,48.70805,17.84751,509,509,91626
SK0224506516,Stará Lehota,Stara Lehota,municipality,,SK0224,Nové Mesto nad Váhom,SK022,Trenčiansky,48.65345,17.95461,224,224,91635
SK0224506524,Stará Turá,Stara Tura,city,,SK0224,Nové Mesto nad Váhom,SK022,Trenčiansky,48.78319,17.67517,2728,5456,91601
SK0224506583,Trenčianske Bohuslavice,Trencianske Bohuslavice,municipality,,SK0224,Nové Mesto nad Váhom,SK022,Trenčiansky,48.80021,17.86160,361,361,91307
SK0224506630,Vaďovce,Vadovce,municipality,,SK0224,Nové Mesto nad Váhom,SK022,Trenčiansky,48.74044,17.72240,345,345,91613
SK0224506672,Višňové,Visnove,municipality,,SK0224,Nové Mesto nad Váhom,SK022,Trenčiansky,48.72611,17.75289,105,105,91616
SK0224556424,Haluzice,Haluzice,municipality,,SK0224,Nové Mesto nad Váhom,SK022,Trenčiansky,48.82306,17.86752,77,77,91307
SK0224556441,Zemianske Podhradie,Zemianske Podhradie,municipality,,SK0224,Nové Mesto nad Váhom,SK022,Trenčiansky,48.84187,17.83179,328,328,91307
SK0224556459,Nová Ves nad Váhom,Nova Ves nad Vahom,municipality,,SK0224,Nové Mesto nad Váhom,SK022,Trenčiansky,48.73341,17.88780,273,273,91631
SK0225505129,Malé Kršteňany,Male Krstenany,municipality,,SK0225,Partizánske,SK022,Trenčiansky,48.63865,18.42529,260,260,95803
SK0225505170,Nadlice,Nadlice,municipality,,SK0225,Partizánske,SK022,Trenčiansky,48.62157,18.24909,264,264,95632
SK0225505196,Nedanovce,Nedanovce,municipality,,SK0225,Partizánske,SK022,Trenčiansky,48.59379,18.29590,259,259,95843
SK0225505307,Ostratice,Ostratice,municipality,,SK0225,Partizánske,SK022,Trenčiansky,48.64741,18.27620,320,320,95634
SK0225505315,Partizánske,Partizanske,city,,SK0225,Partizánske,SK022,Trenčiansky,48.62818,18.37285,4122,8244,05801|95618|95633|95701|95801|95803|95804|95806|95841
SK0225505323,Pažiť,Pazit,municipality,,SK0225,Partizánske,SK022,Trenčiansky,48.63165,18.43391,208,208,95801|95803
SK0225505463,Skačany,Skacany,municipality,,SK0225,Partizánske,SK022,Trenčiansky,48.66261,18.37823,513,513,95853
SK0225505706,Veľké Kršteňany,Velke Krstenany,municipality,,SK0225,Partizánske,SK022,Trenčiansky,48.64531,18.41289,216,216,95803
SK0225505722,Veľké Uherce,Velke Uherce,municipality,,SK0225,Partizánske,SK022,Trenčiansky,48.60308,18.44260,1007,1007,95841
SK0225505731,Veľký Klíž,Velky Kliz,municipality,,SK0225,Partizánske,SK022,Trenčiansky,48.55408,18.36803,501,501,95845
SK0225505803,Žabokreky nad Nitrou,Zabokreky nad Nitrou,municipality,,SK0225,Partizánske,SK022,Trenčiansky,48.62331,18.30062,657,657,95852
SK0225542733,Bošany,Bosany,municipality,,SK0225,Partizánske,SK022,Trenčiansky,48.58020,18.24906,1155,1155,95618
SK0225542962,Hradište,Hradiste,municipality,,SK0225,Partizánske,SK022,Trenčiansky,48.68386,18.37465,376,376,95854
SK0225543004,Chynorany,Chynorany,municipality,,SK0225,Partizánske,SK022,Trenčiansky,48.60915,18.27267,1043,1043,95633
SK0225543047,Klátova Nová Ves,Klatova Nova Ves,municipality,,SK0225,Partizánske,SK022,Trenčiansky,48.56358,18.30933,719,719,95844
SK0225543055,Kolačno,Kolacno,municipality,,SK0225,Partizánske,SK022,Trenčiansky,48.59296,18.42563,406,406,95841
SK0225556173,Livina,Livina,municipality,,SK0225,Partizánske,SK022,Trenčiansky,48.64850,18.25107,56,56,95632
SK0225556190,Livinské Opatovce,Livinske Opatovce,municipality,,SK0225,Partizánske,SK022,Trenčiansky,48.64901,18.23194,113,113,95632
SK0225556246,Krásno,Krasno,municipality,,SK0225,Partizánske,SK022,Trenčiansky,48.59665,18.30912,185,185,95843
SK0225556271,Turčianky,Turcianky,municipality,,SK0225,Partizánske,SK022,Trenčiansky,48.58176,18.32125,65,65,95844
SK0225556416,Ješkova Ves,Jeskova Ves,municipality,,SK0225,Partizánske,SK022,Trenčiansky,48.54867,18.34462,237,237,95845
SK0225580449,Brodzany,Brodzany,municipality,,SK0225,Partizánske,SK022,Trenčiansky,48.60848,18.34234,423,423,95842
SK0225580953,Malé Uherce,Male Uherce,municipality,,SK0225,Partizánske,SK022,Trenčiansky,48.62073,18.40199,486,486,95803
SK0226512842,Považská Bystrica,Povazska Bystrica,city,,SK0226,Považská Bystrica,SK022,Trenčiansky,49.11687,18.45404,7415,14830,01701|01704|01705|01706|01707|95841
SK0226512915,Brvnište,Brvniste,municipality,,SK0226,Považská Bystrica,SK022,Trenčiansky,49.21386,18.42550,618,618,01812
SK0226512966,Dolná Mariková,Dolna Marikova,municipality,,SK0226,Považská Bystrica,SK022,Trenčiansky,49.20727,18.35744,799,799,01802
SK0226513008,Domaniža,Domaniza,municipality,,SK0226,Považská Bystrica,SK022,Trenčiansky,49.04480,18.55562,580,580,01816
SK0226513083,Horná Mariková,Horna Marikova,municipality,,SK0226,Považská Bystrica,SK022,Trenčiansky,49.25151,18.30864,912,912,01803
SK0226513172,Jasenica,Jasenica,municipality,,SK0226,Považská Bystrica,SK022,Trenčiansky,49.17890,18.45089,460,460,01817
SK0226513245,Kostolec,Kostolec,municipality,,SK0226,Považská Bystrica,SK022,Trenčiansky,49.12942,18.53435,110,110,01705
SK0226513466,Papradno,Papradno,municipality,,SK0226,Považská Bystrica,SK022,Trenčiansky,49.24144,18.39703,2110,2110,01813
SK0226513474,Plevník-Drienové,Plevnik-Drienove,municipality,,SK0226,Považská Bystrica,SK022,Trenčiansky,49.16844,18.49705,618,618,01826
SK0226513563,Prečín,Precin,municipality,,SK0226,Považská Bystrica,SK022,Trenčiansky,49.08107,18.51632,598,598,01815
SK0226513601,Pružina,Pruzina,municipality,,SK0226,Považská Bystrica,SK022,Trenčiansky,49.01467,18.47671,1163,1163,01822
SK0226513687,Stupné,Stupne,municipality,,SK0226,Považská Bystrica,SK022,Trenčiansky,49.19396,18.43917,319,319,01812
SK0226513741,Udiča,Udica,municipality,,SK0226,Považská Bystrica,SK022,Trenčiansky,49.16805,18.40000,1091,1091,01801
SK0226513784,Vrchteplá,Vrchtepla,municipality,,SK0226,Považská Bystrica,SK022,Trenčiansky,49.12986,18.56304,154,154,01705
SK0226513822,Záskalie,Zaskalie,municipality,,SK0226,Považská Bystrica,SK022,Trenčiansky,49.13747,18.51667,123,123,01705
SK0226518913,Sverepec,Sverepec,municipality,,SK0226,Považská Bystrica,SK022,Trenčiansky,49.08073,18.40652,560,560,01701
SK0226546640,Dolný Lieskov,Dolny Lieskov,municipality,,SK0226,Považská Bystrica,SK022,Trenčiansky,49.04810,18.42514,387,387,01821|01822
SK0226557480,Slopná,Slopna,municipality,,SK0226,Považská Bystrica,SK022,Trenčiansky,49.05016,18.40655,218,218,01821
SK0226557510,Hatné,Hatne,municipality,,SK0226,Považská Bystrica,SK022,Trenčiansky,49.18938,18.38079,220,220,01802
SK0226557552,Klieština,Kliestina,municipality,,SK0226,Považská Bystrica,SK022,Trenčiansky,49.18269,18.35580,181,181,01802
SK0226557561,Čelkova Lehota,Celkova Lehota,municipality,,SK0226,Považská Bystrica,SK022,Trenčiansky,49.01698,18.52634,67,67,01816
SK0226557579,Malé Lednice,Male Lednice,municipality,,SK0226,Považská Bystrica,SK022,Trenčiansky,49.06864,18.57268,231,231,01816
SK0226557595,Sádočné,Sadocne,municipality,,SK0226,Považská Bystrica,SK022,Trenčiansky,49.01830,18.54520,80,80,01816
SK0226557609,Ďurďové,Durdove,municipality,,SK0226,Považská Bystrica,SK022,Trenčiansky,49.02722,18.49866,93,93,01822
SK0226557633,Bodiná,Bodina,municipality,,SK0226,Považská Bystrica,SK022,Trenčiansky,49.10819,18.56153,226,226,01815
SK0226558222,Počarová,Pocarova,municipality,,SK0226,Považská Bystrica,SK022,Trenčiansky,49.06911,18.51252,78,78,01815
SK0226580856,Horný Lieskov,Horny Lieskov,municipality,,SK0226,Považská Bystrica,SK022,Trenčiansky,49.06337,18.43082,235,235,01821
SK0226580864,Podskalie,Podskalie,municipality,,SK0226,Považská Bystrica,SK022,Trenčiansky,49.04383,18.45577,134,134,01822
SK0227513881,Prievidza,Prievidza,city,,SK0227,Prievidza,SK022,Trenčiansky,48.77333,18.62213,9182,18364,97101
SK0227513903,Bojnice,Bojnice,city,,SK0227,Prievidza,SK022,Trenčiansky,48.78483,18.58431,2029,4058,97101|97201
SK0227513911,Bystričany,Bystricany,municipality,,SK0227,Prievidza,SK022,Trenčiansky,48.65909,18.51447,806,806,97245
SK0227513920,Cigeľ,Cigel,municipality,,SK0227,Prievidza,SK022,Trenčiansky,48.71374,18.64155,438,438,97101
SK0227513938,Čavoj,Cavoj,municipality,,SK0227,Prievidza,SK022,Trenčiansky,48.88562,18.48842,471,471,97229
SK0227513946,Čereňany,Cerenany,municipality,,SK0227,Prievidza,SK022,Trenčiansky,48.64433,18.48632,783,783,97246
SK0227513954,Diviacka Nová Ves,Diviacka Nova Ves,municipality,,SK0227,Prievidza,SK022,Trenčiansky,48.74856,18.49698,671,671,97224
SK0227513962,Diviaky nad Nitricou,Diviaky nad Nitricou,municipality,,SK0227,Prievidza,SK022,Trenčiansky,48.76890,18.49304,795,795,97225
SK0227513971,Dlžín,Dlzin,municipality,,SK0227,Prievidza,SK022,Trenčiansky,48.81039,18.51243,123,123,97226
SK0227513989,Dolné Vestenice,Dolne Vestenice,municipality,,SK0227,Prievidza,SK022,Trenčiansky,48.70401,18.39899,494,494,97223
SK0227513997,Handlová,Handlova,city,,SK0227,Prievidza,SK022,Trenčiansky,48.72411,18.75465,2720,5440,97231|97251
SK0227514004,Horná Ves,Horna Ves,municipality,,SK0227,Prievidza,SK022,Trenčiansky,48.60429,18.49666,506,506,97248
SK0227514012,Horné Vestenice,Horne Vestenice,municipality,,SK0227,Prievidza,SK022,Trenčiansky,48.71185,18.43073,269,269,97222
SK0227514021,Chrenovec-Brusno,Chrenovec-Brusno,municipality,,SK0227,Prievidza,SK022,Trenčiansky,48.77590,18.72629,520,520,97232
SK0227514039,Chvojnica,Chvojnica,municipality,,SK0227,Prievidza,SK022,Trenčiansky,48.88410,18.55664,241,241,97213
SK0227514063,Kamenec pod Vtáčnikom,Kamenec pod Vtacnikom,municipality,,SK0227,Prievidza,SK022,Trenčiansky,48.67205,18.54996,791,791,97244
SK0227514071,Kanianka,Kanianka,municipality,,SK0227,Prievidza,SK022,Trenčiansky,48.81606,18.58530,897,897,97217
SK0227514080,Kľačno,Klacno,municipality,,SK0227,Prievidza,SK022,Trenčiansky,48.90984,18.65619,491,491,97215
SK0227514098,Kocurany,Kocurany,municipality,,SK0227,Prievidza,SK022,Trenčiansky,48.77067,18.54353,189,189,97202
SK0227514101,Kostolná Ves,Kostolna Ves,municipality,,SK0227,Prievidza,SK022,Trenčiansky,48.80699,18.48941,298,298,97226
SK0227514110,Koš,Kos,municipality,,SK0227,Prievidza,SK022,Trenčiansky,48.73669,18.60278,313,313,97241
SK0227514128,Lazany,Lazany,municipality,,SK0227,Prievidza,SK022,Trenčiansky,48.82046,18.62020,754,754,97211
SK0227514136,Lehota pod Vtáčnikom,Lehota pod Vtacnikom,municipality,,SK0227,Prievidza,SK022,Trenčiansky,48.69563,18.60524,1302,1302,97242
SK0227514144,Liešťany,Liestany,municipality,,SK0227,Prievidza,SK022,Trenčiansky,48.82837,18.47864,487,487,97227
SK0227514179,Malá Čausa,Mala Causa,municipality,,SK0227,Prievidza,SK022,Trenčiansky,48.79853,18.70128,325,325,97101
SK0227514187,Malinová,Malinova,municipality,,SK0227,Prievidza,SK022,Trenčiansky,48.85464,18.61361,413,413,97213
SK0227514209,Nedožery-Brezany,Nedozery-Brezany,municipality,,SK0227,Prievidza,SK022,Trenčiansky,48.81877,18.64709,825,825,97212
SK0227514217,Nevidzany,Nevidzany,municipality,,SK0227,Prievidza,SK022,Trenčiansky,48.84265,18.48659,155,155,97227
SK0227514225,Nitrianske Pravno,Nitrianske Pravno,municipality,,SK0227,Prievidza,SK022,Trenčiansky,48.87310,18.63792,1173,1173,97213
SK0227514233,Nitrianske Rudno,Nitrianske Rudno,municipality,,SK0227,Prievidza,SK022,Trenčiansky,48.79616,18.47558,964,964,97226
SK0227514241,Nitrianske Sučany,Nitrianske Sucany,municipality,,SK0227,Prievidza,SK022,Trenčiansky,48.73230,18.46832,519,519,97221
SK0227514250,Nitrica,Nitrica,municipality,,SK0227,Prievidza,SK022,Trenčiansky,48.70525,18.45125,568,568,97222
SK0227514268,Nováky,Novaky,city,,SK0227,Prievidza,SK022,Trenčiansky,48.71812,18.53919,1672,3344,97271
SK0227514284,Opatovce nad Nitrou,Opatovce nad Nitrou,municipality,,SK0227,Prievidza,SK022,Trenčiansky,48.76269,18.57091,611,611,97202
SK0227514292,Oslany,Oslany,municipality,,SK0227,Prievidza,SK022,Trenčiansky,48.63038,18.47145,1023,1023,97247
SK0227514306,Podhradie,Podhradie,municipality,,SK0227,Prievidza,SK022,Trenčiansky,48.68485,18.63285,223,223,97242
SK0227514314,Poluvsie,Poluvsie,municipality,,SK0227,Prievidza,SK022,Trenčiansky,48.84423,18.63853,243,243,97216
SK0227514322,Poruba,Poruba,municipality,,SK0227,Prievidza,SK022,Trenčiansky,48.83126,18.59211,512,512,97211
SK0227514331,Pravenec,Pravenec,municipality,,SK0227,Prievidza,SK022,Trenčiansky,48.85063,18.64836,464,464,97216
SK0227514349,Radobica,Radobica,municipality,,SK0227,Prievidza,SK022,Trenčiansky,48.57893,18.50309,334,334,97248
SK0227514357,Ráztočno,Raztocno,municipality,,SK0227,Prievidza,SK022,Trenčiansky,48.76952,18.75789,701,701,97231|97251
SK0227514365,Rudnianska Lehota,Rudnianska Lehota,municipality,,SK0227,Prievidza,SK022,Trenčiansky,48.80710,18.46330,291,291,97226
SK0227514373,Sebedražie,Sebedrazie,municipality,,SK0227,Prievidza,SK022,Trenčiansky,48.72984,18.62444,619,619,97205
SK0227514381,Seč,Sec,municipality,,SK0227,Prievidza,SK022,Trenčiansky,48.82081,18.50228,170,170,97226
SK0227514390,Šútovce,Sutovce,municipality,,SK0227,Prievidza,SK022,Trenčiansky,48.80093,18.53676,195,195,97201
SK0227514403,Temeš,Temes,municipality,,SK0227,Prievidza,SK022,Trenčiansky,48.86809,18.47732,145,145,97229
SK0227514411,Tužina,Tuzina,municipality,,SK0227,Prievidza,SK022,Trenčiansky,48.89574,18.61482,567,567,97214
SK0227514420,Valaská Belá,Valaska Bela,municipality,,SK0227,Prievidza,SK022,Trenčiansky,48.89086,18.39524,1524,1524,01706|97228
SK0227514438,Veľká Čausa,Velka Causa,municipality,,SK0227,Prievidza,SK022,Trenčiansky,48.77722,18.69778,230,230,97101
SK0227514454,Zemianske Kostoľany,Zemianske Kostolany,municipality,,SK0227,Prievidza,SK022,Trenčiansky,48.68411,18.52662,810,810,97243
SK0227557706,Lipník,Lipnik,municipality,,SK0227,Prievidza,SK022,Trenčiansky,48.78044,18.71114,235,235,97232
SK0227557714,Jalovec,Jalovec,municipality,,SK0227,Prievidza,SK022,Trenčiansky,48.77222,18.74410,259,259,97231
SK0228500348,Zubák,Zubak,municipality,,SK0228,Púchov,SK022,Trenčiansky,49.14950,18.21001,453,453,02064
SK0228512851,Beluša,Belusa,municipality,,SK0228,Púchov,SK022,Trenčiansky,49.05796,18.32640,2575,2575,01861
SK0228512940,Dohňany,Dohnany,municipality,,SK0228,Púchov,SK022,Trenčiansky,49.15767,18.28466,989,989,02051
SK0228512958,Dolná Breznica,Dolna Breznica,municipality,,SK0228,Púchov,SK022,Trenčiansky,49.07999,18.26167,463,463,02061
SK0228513121,Horovce,Horovce,municipality,,SK0228,Púchov,SK022,Trenčiansky,49.04576,18.25747,393,393,02062
SK0228513300,Lazy pod Makytou,Lazy pod Makytou,municipality,,SK0228,Púchov,SK022,Trenčiansky,49.23706,18.21740,1224,1224,02055
SK0228513318,Lednica,Lednica,municipality,,SK0228,Púchov,SK022,Trenčiansky,49.10741,18.21460,447,447,02063
SK0228513326,Lednické Rovne,Lednicke Rovne,municipality,,SK0228,Púchov,SK022,Trenčiansky,49.06981,18.28670,1541,1541,02061
SK0228513334,Lúky,Luky,municipality,,SK0228,Púchov,SK022,Trenčiansky,49.19145,18.22466,448,448,02053
SK0228513342,Lysá pod Makytou,Lysa pod Makytou,municipality,,SK0228,Púchov,SK022,Trenčiansky,49.19604,18.17855,1016,1016,02054
SK0228513377,Mestečko,Mestecko,municipality,,SK0228,Púchov,SK022,Trenčiansky,49.17464,18.26028,228,228,02052
SK0228513407,Mojtín,Mojtin,municipality,,SK0228,Púchov,SK022,Trenčiansky,48.98480,18.40572,466,466,02072
SK0228513610,Púchov,Puchov,city,,SK0228,Púchov,SK022,Trenčiansky,49.12287,18.32417,4298,8596,02001
SK0228513776,Visolaje,Visolaje,municipality,,SK0228,Púchov,SK022,Trenčiansky,49.06767,18.36345,428,428,01861
SK0228513814,Záriečie,Zariecie,municipality,,SK0228,Púchov,SK022,Trenčiansky,49.17965,18.24912,326,326,02052
SK0228557439,Dolné Kočkovce,Dolne Kockovce,municipality,,SK0228,Púchov,SK022,Trenčiansky,49.09491,18.32569,448,448,02001
SK0228557447,Nimnica,Nimnica,municipality,,SK0228,Púchov,SK022,Trenčiansky,49.14056,18.35591,418,418,02071
SK0228557471,Streženice,Strezenice,municipality,,SK0228,Púchov,SK022,Trenčiansky,49.10941,18.30240,528,528,02001
SK0228557498,Vydrná,Vydrna,municipality,,SK0228,Púchov,SK022,Trenčiansky,49.20451,18.25205,205,205,02053
SK0228557501,Kvašov,Kvasov,municipality,,SK0228,Púchov,SK022,Trenčiansky,49.07007,18.22721,257,257,02062
SK0228557692,Horná Breznica,Horna Breznica,municipality,,SK0228,Púchov,SK022,Trenčiansky,49.11023,18.25067,236,236,02061
SK0229505820,Trenčín,Trencin,city,,SK0229,Trenčín,SK022,Trenčiansky,48.89318,18.03589,9173,18346,01701|01705|01707|91101|91105|91106|91108|91321|91338|95801|95806|97228
SK0229505838,Adamovské Kochanovce,Adamovske Kochanovce,municipality,,SK0229,Trenčín,SK022,Trenčiansky,48.85262,17.93067,333,333,91305
SK0229505854,Bobot,Bobot,municipality,,SK0229,Trenčín,SK022,Trenčiansky,48.80520,18.19164,336,336,91325
SK0229505935,Dolná Poruba,Dolna Poruba,municipality,,SK0229,Trenčín,SK022,Trenčiansky,48.90649,18.29240,426,426,91443
SK0229505943,Dolná Súča,Dolna Suca,municipality,,SK0229,Trenčín,SK022,Trenčiansky,48.95910,18.03238,1112,1112,91332|91333
SK0229505960,Drietoma,Drietoma,municipality,,SK0229,Trenčín,SK022,Trenčiansky,48.90369,17.95159,949,949,91303
SK0229505978,Dubodiel,Dubodiel,municipality,,SK0229,Trenčín,SK022,Trenčiansky,48.76232,18.10628,466,466,91323
SK0229506010,Horná Súča,Horna Suca,municipality,,SK0229,Trenčín,SK022,Trenčiansky,48.97757,17.96851,1410,1410,91333
SK0229506028,Horňany,Hornany,municipality,,SK0229,Trenčín,SK022,Trenčiansky,48.77883,18.19703,182,182,91324
SK0229506036,Horné Srnie,Horne Srnie,municipality,,SK0229,Trenčín,SK022,Trenčiansky,48.99224,18.09866,958,958,91442
SK0229506044,Hrabovka,Hrabovka,municipality,,SK0229,Trenčín,SK022,Trenčiansky,48.93463,18.03954,185,185,91332
SK0229506087,Chocholná-Velčice,Chocholna-Velcice,municipality,,SK0229,Trenčín,SK022,Trenčiansky,48.86642,17.94364,827,827,91304
SK0229506095,Ivanovce,Ivanovce,municipality,,SK0229,Trenčín,SK022,Trenčiansky,48.83002,17.90544,409,409,91305
SK0229506133,Kostolná-Záriečie,Kostolna-Zariecie,municipality,,SK0229,Trenčín,SK022,Trenčiansky,48.87869,17.96918,249,249,91304
SK0229506168,Krivosúd-Bodovka,Krivosud-Bodovka,municipality,,SK0229,Trenčín,SK022,Trenčiansky,48.81931,17.94322,158,158,91311
SK0229506231,Mníchova Lehota,Mnichova Lehota,municipality,,SK0229,Trenčín,SK022,Trenčiansky,48.82866,18.06506,658,658,91321
SK0229506273,Motešice,Motesice,municipality,,SK0229,Trenčín,SK022,Trenčiansky,48.83175,18.17905,422,422,91326
SK0229506281,Nemšová,Nemsova,city,,SK0229,Trenčín,SK022,Trenčiansky,48.96342,18.10765,1712,3424,91441
SK0229506290,Neporadza,Neporadza,municipality,,SK0229,Trenčín,SK022,Trenčiansky,48.82030,18.15226,327,327,91326
SK0229506354,Omšenie,Omsenie,municipality,,SK0229,Trenčín,SK022,Trenčiansky,48.90065,18.22436,843,843,91443
SK0229506371,Opatovce,Opatovce,municipality,,SK0229,Trenčín,SK022,Trenčiansky,48.85946,17.97617,207,207,91311
SK0229506478,Selec,Selec,municipality,,SK0229,Trenčín,SK022,Trenčiansky,48.78583,17.99055,352,352,91336
SK0229506508,Soblahov,Soblahov,municipality,,SK0229,Trenčín,SK022,Trenčiansky,48.86239,18.07402,825,825,91338
SK0229506532,Svinná,Svinna,municipality,,SK0229,Trenčín,SK022,Trenčiansky,48.78727,18.16308,631,631,91324
SK0229506541,Štvrtok,Stvrtok,municipality,,SK0229,Trenčín,SK022,Trenčiansky,48.81944,17.88095,202,202,91305
SK0229506559,Trenčianska Teplá,Trencianska Tepla,municipality,,SK0229,Trenčín,SK022,Trenčiansky,48.93236,18.11968,1682,1682,91401
SK0229506567,Trenčianska Turná,Trencianska Turna,municipality,,SK0229,Trenčín,SK022,Trenčiansky,48.85038,18.01972,1401,1401,91321
SK0229506591,Trenčianske Jastrabie,Trencianske Jastrabie,municipality,,SK0229,Trenčín,SK022,Trenčiansky,48.79959,18.11005,589,589,91322
SK0229506605,Trenčianske Mitice,Trencianske Mitice,municipality,,SK0229,Trenčín,SK022,Trenčiansky,48.81598,18.11773,439,439,91322
SK0229506613,Trenčianske Teplice,Trencianske Teplice,city,,SK0229,Trenčín,SK022,Trenčiansky,48.91157,18.16269,1160,2320,91451
SK0229506648,Veľká Hradná,Velka Hradna,municipality,,SK0229,Trenčín,SK022,Trenčiansky,48.76950,18.13888,323,323,91324
SK0229506656,Veľké Bierovce,Velke Bierovce,municipality,,SK0229,Trenčín,SK022,Trenčiansky,48.85319,17.98379,289,289,91311
SK0229545686,Melčice-Lieskové,Melcice-Lieskove,municipality,,SK0229,Trenčín,SK022,Trenčiansky,48.84635,17.90951,643,643,91305
SK0229545741,Trenčianske Stankovce,Trencianske Stankovce,municipality,,SK0229,Trenčín,SK022,Trenčiansky,48.84120,17.98750,1128,1128,91311
SK0229546682,Skalka nad Váhom,Skalka nad Vahom,municipality,,SK0229,Trenčín,SK022,Trenčiansky,48.93137,18.07240,495,495,91331
SK0229556475,Zamarovce,Zamarovce,municipality,,SK0229,Trenčín,SK022,Trenčiansky,48.90902,18.04969,587,587,91105
SK0229581348,Petrova Lehota,Petrova Lehota,municipality,,SK0229,Trenčín,SK022,Trenčiansky,48.87052,18.17321,135,135,91326
SK0231501026,Komárno,Komarno,city,,SK0231,Komárno,SK023,Nitriansky,47.76942,18.11169,9367,18734,94501|94504|94505
SK0231501034,Bajč,Bajc,municipality,,SK0231,Komárno,SK023,Nitriansky,47.92224,18.20967,388,388,94654
SK0231501042,Bodza,Bodza,municipality,,SK0231,Komárno,SK023,Nitriansky,47.83334,17.83022,245,245,94616
SK0231501069,Brestovec,Brestovec,municipality,,SK0231,Komárno,SK023,Nitriansky,47.86217,17.82243,437,437,94617
SK0231501077,Búč,Buc,municipality,,SK0231,Komárno,SK023,Nitriansky,47.80742,18.44687,906,906,94635
SK0231501085,Čalovec,Calovec,municipality,,SK0231,Komárno,SK023,Nitriansky,47.81869,17.98598,701,701,94602
SK0231501093,Číčov,Cicov,municipality,,SK0231,Komárno,SK023,Nitriansky,47.76992,17.77028,898,898,94619
SK0231501107,Dedina Mládeže,Dedina Mladeze,municipality,,SK0231,Komárno,SK023,Nitriansky,47.95452,18.00270,359,359,94603
SK0231501115,Svätý Peter,Svaty Peter,municipality,,SK0231,Komárno,SK023,Nitriansky,47.84413,18.25983,1976,1976,94657
SK0231501123,Dulovce,Dulovce,municipality,,SK0231,Komárno,SK023,Nitriansky,47.86912,18.27175,878,878,94656
SK0231501140,Hurbanovo,Hurbanovo,city,,SK0231,Komárno,SK023,Nitriansky,47.87637,18.19507,4189,8378,94654|94701|94703
SK0231501158,Chotín,Chotin,municipality,,SK0231,Komárno,SK023,Nitriansky,47.80642,18.23146,1201,1201,94631
SK0231501166,Imeľ,Imel,municipality,,SK0231,Komárno,SK023,Nitriansky,47.90329,18.14291,1063,1063,94652
SK0231501174,Iža,Iza,municipality,,SK0231,Komárno,SK023,Nitriansky,47.75230,18.22796,1044,1044,94639
SK0231501182,Kameničná,Kamenicna,municipality,,SK0231,Komárno,SK023,Nitriansky,47.81772,18.03955,990,990,94601
SK0231501191,Klížska Nemá,Klizska Nema,municipality,,SK0231,Komárno,SK023,Nitriansky,47.75193,17.81844,325,325,94619
SK0231501204,Kolárovo,Kolarovo,city,,SK0231,Komárno,SK023,Nitriansky,47.91539,17.99370,4694,9388,94603
SK0231501212,Kravany nad Dunajom,Kravany nad Dunajom,municipality,,SK0231,Komárno,SK023,Nitriansky,47.76378,18.48187,455,455,94636
SK0231501221,Lipové,Lipove,municipality,,SK0231,Komárno,SK023,Nitriansky,47.83887,17.85606,231,231,94614
SK0231501239,Marcelová,Marcelova,municipality,,SK0231,Komárno,SK023,Nitriansky,47.78926,18.28282,2207,2207,94632
SK0231501247,Martovce,Martovce,municipality,,SK0231,Komárno,SK023,Nitriansky,47.85557,18.12678,439,439,94701
SK0231501255,Moča,Moca,municipality,,SK0231,Komárno,SK023,Nitriansky,47.76104,18.40739,910,910,94637
SK0231501263,Modrany,Modrany,municipality,,SK0231,Komárno,SK023,Nitriansky,47.82390,18.35125,760,760,94633
SK0231501271,Mudroňovo,Mudronovo,municipality,,SK0231,Komárno,SK023,Nitriansky,47.83196,18.32063,111,111,94632
SK0231501280,Nesvady,Nesvady,city,,SK0231,Komárno,SK023,Nitriansky,47.92700,18.12624,2794,5588,94651
SK0231501301,Okoličná na Ostrove,Okolicna na Ostrove,municipality,,SK0231,Komárno,SK023,Nitriansky,47.80218,17.91865,905,905,94613
SK0231501310,Patince,Patince,municipality,,SK0231,Komárno,SK023,Nitriansky,47.74185,18.29097,490,490,94639
SK0231501328,Pribeta,Pribeta,municipality,,SK0231,Komárno,SK023,Nitriansky,47.90042,18.31394,1756,1756,94135|94655
SK0231501336,Radvaň nad Dunajom,Radvan nad Dunajom,municipality,,SK0231,Komárno,SK023,Nitriansky,47.74836,18.36768,679,679,94638
SK0231501344,Sokolce,Sokolce,municipality,,SK0231,Komárno,SK023,Nitriansky,47.85215,17.82809,880,880,94614|94617
SK0231501352,Šrobárová,Srobarova,municipality,,SK0231,Komárno,SK023,Nitriansky,47.80459,18.32289,202,202,94632
SK0231501361,Tôň,Ton,municipality,,SK0231,Komárno,SK023,Nitriansky,47.80440,17.83667,548,548,94615
SK0231501379,Trávnik,Travnik,municipality,,SK0231,Komárno,SK023,Nitriansky,47.77549,17.79427,447,447,94619
SK0231501387,Veľké Kosihy,Velke Kosihy,municipality,,SK0231,Komárno,SK023,Nitriansky,47.75799,17.88188,714,714,94621
SK0231501395,Bátorove Kosihy,Batorove Kosihy,municipality,,SK0231,Komárno,SK023,Nitriansky,47.82971,18.41314,1974,1974,94634
SK0231501409,Vrbová nad Váhom,Vrbova nad Vahom,municipality,,SK0231,Komárno,SK023,Nitriansky,47.84870,18.06067,320,320,94501
SK0231501417,Zemianska Olča,Zemianska Olca,municipality,,SK0231,Komárno,SK023,Nitriansky,47.80914,17.86757,1381,1381,94614
SK0231501425,Zlatná na Ostrove,Zlatna na Ostrove,municipality,,SK0231,Komárno,SK023,Nitriansky,47.77122,17.97446,1269,1269,94612
SK0231555819,Bodzianske Lúky,Bodzianske Luky,municipality,,SK0231,Komárno,SK023,Nitriansky,47.88967,17.89969,147,147,94614
SK0231555827,Virt,Virt,municipality,,SK0231,Komárno,SK023,Nitriansky,47.75127,18.32288,376,376,94638
SK0231580911,Holiare,Holiare,municipality,,SK0231,Komárno,SK023,Nitriansky,47.82663,17.81587,414,414,94616
SK0232502031,Levice,Levice,city,,SK0232,Levice,SK023,Nitriansky,48.21325,18.61012,8484,16968,93401|93405|93551
SK0232502049,Bajka,Bajka,municipality,,SK0232,Levice,SK023,Nitriansky,48.15153,18.51862,92,92,93551
SK0232502057,Bátovce,Batovce,municipality,,SK0232,Levice,SK023,Nitriansky,48.28798,18.75322,863,863,93503
SK0232502065,Beša,Besa,municipality,,SK0232,Levice,SK023,Nitriansky,48.14219,18.40135,335,335,93536
SK0232502073,Bielovce,Bielovce,municipality,,SK0232,Levice,SK023,Nitriansky,47.99495,18.77359,145,145,93574
SK0232502090,Bory,Bory,municipality,,SK0232,Levice,SK023,Nitriansky,48.17997,18.74915,145,145,93587
SK0232502103,Brhlovce,Brhlovce,municipality,,SK0232,Levice,SK023,Nitriansky,48.21501,18.73880,269,269,93502
SK0232502111,Čajkov,Cajkov,municipality,,SK0232,Levice,SK023,Nitriansky,48.29341,18.60109,697,697,93524
SK0232502120,Čaka,Caka,municipality,,SK0232,Levice,SK023,Nitriansky,48.04011,18.47322,447,447,93568
SK0232502154,Demandice,Demandice,municipality,,SK0232,Levice,SK023,Nitriansky,48.12499,18.78256,461,461,93585
SK0232502162,Devičany,Devicany,municipality,,SK0232,Levice,SK023,Nitriansky,48.32388,18.70584,338,338,93504
SK0232502171,Dolná Seč,Dolna Sec,municipality,,SK0232,Levice,SK023,Nitriansky,48.17629,18.56142,306,306,93531
SK0232502189,Dolné Semerovce,Dolne Semerovce,municipality,,SK0232,Levice,SK023,Nitriansky,48.11364,18.84956,198,198,93585
SK0232502197,Dolný Pial,Dolny Pial,municipality,,SK0232,Levice,SK023,Nitriansky,48.13191,18.46167,486,486,93537
SK0232502201,Domadice,Domadice,municipality,,SK0232,Levice,SK023,Nitriansky,48.17675,18.77972,173,173,93587
SK0232502219,Drženice,Drzenice,municipality,,SK0232,Levice,SK023,Nitriansky,48.27651,18.69562,232,232,93503
SK0232502227,Farná,Farna,municipality,,SK0232,Levice,SK023,Nitriansky,48.00149,18.50950,1097,1097,93566
SK0232502243,Hokovce,Hokovce,municipality,,SK0232,Levice,SK023,Nitriansky,48.15474,18.87069,308,308,93584
SK0232502251,Hontianska Vrbica,Hontianska Vrbica,municipality,,SK0232,Levice,SK023,Nitriansky,48.13522,18.70511,321,321,93555
SK0232502260,Horná Seč,Horna Sec,municipality,,SK0232,Levice,SK023,Nitriansky,48.19480,18.54354,323,323,93531
SK0232502278,Horné Semerovce,Horne Semerovce,municipality,,SK0232,Levice,SK023,Nitriansky,48.12435,18.87935,329,329,93584
SK0232502286,Horné Turovce,Horne Turovce,municipality,,SK0232,Levice,SK023,Nitriansky,48.12632,18.94747,325,325,93581
SK0232502294,Horný Pial,Horny Pial,municipality,,SK0232,Levice,SK023,Nitriansky,48.15549,18.44981,168,168,93537
SK0232502324,Hronovce,Hronovce,municipality,,SK0232,Levice,SK023,Nitriansky,48.00487,18.65730,670,670,93561
SK0232502332,Hronské Kľačany,Hronske Klacany,municipality,,SK0232,Levice,SK023,Nitriansky,48.24148,18.57016,709,709,93529
SK0232502341,Hronské Kosihy,Hronske Kosihy,municipality,,SK0232,Levice,SK023,Nitriansky,48.26680,18.59195,344,344,93527
SK0232502359,Iňa,Ina,municipality,,SK0232,Levice,SK023,Nitriansky,48.17201,18.41863,120,120,93535
SK0232502367,Ipeľské Úľany,Ipelske Ulany,municipality,,SK0232,Levice,SK023,Nitriansky,48.12622,19.04711,189,189,93582
SK0232502375,Ipeľský Sokolec,Ipelsky Sokolec,municipality,,SK0232,Levice,SK023,Nitriansky,48.01960,18.80507,439,439,93575
SK0232502383,Jabloňovce,Jablonovce,municipality,,SK0232,Levice,SK023,Nitriansky,48.31887,18.77982,342,342,93506
SK0232502391,Jur nad Hronom,Jur nad Hronom,municipality,,SK0232,Levice,SK023,Nitriansky,48.12574,18.62949,471,471,93557
SK0232502413,Kalná nad Hronom,Kalna nad Hronom,municipality,,SK0232,Levice,SK023,Nitriansky,48.20217,18.51991,921,921,93532
SK0232502421,Kozárovce,Kozarovce,municipality,,SK0232,Levice,SK023,Nitriansky,48.31796,18.52505,1032,1032,93522
SK0232502430,Krškany,Krskany,municipality,,SK0232,Levice,SK023,Nitriansky,48.21579,18.67317,446,446,93401
SK0232502448,Kubáňovo,Kubanovo,municipality,,SK0232,Levice,SK023,Nitriansky,48.05866,18.81020,178,178,93575
SK0232502456,Kukučínov,Kukucinov,municipality,,SK0232,Levice,SK023,Nitriansky,48.09147,18.69608,240,240,93701
SK0232502464,Kuraľany,Kuralany,municipality,,SK0232,Levice,SK023,Nitriansky,47.98093,18.53973,366,366,93564
SK0232502472,Keť,Ket,municipality,,SK0232,Levice,SK023,Nitriansky,47.96555,18.56769,420,420,93564
SK0232502481,Lok,Lok,municipality,,SK0232,Levice,SK023,Nitriansky,48.18362,18.46116,458,458,93538
SK0232502499,Lontov,Lontov,municipality,,SK0232,Levice,SK023,Nitriansky,48.04173,18.77643,296,296,93575
SK0232502502,Lula,Lula,municipality,,SK0232,Levice,SK023,Nitriansky,48.17774,18.35990,98,98,93535
SK0232502511,Málaš,Malas,municipality,,SK0232,Levice,SK023,Nitriansky,48.05196,18.52798,275,275,93541|93567
SK0232502537,Malé Ludince,Male Ludince,municipality,,SK0232,Levice,SK023,Nitriansky,47.98607,18.69798,93,93,93701
SK0232502570,Mýtne Ludany,Mytne Ludany,municipality,,SK0232,Levice,SK023,Nitriansky,48.16703,18.65930,594,594,93556
SK0232502588,Nová Dedina,Nova Dedina,municipality,,SK0232,Levice,SK023,Nitriansky,48.28175,18.64348,749,749,93401|93525
SK0232502596,Nový Tekov,Novy Tekov,municipality,,SK0232,Levice,SK023,Nitriansky,48.24457,18.51880,485,485,93533
SK0232502600,Nýrovce,Nyrovce,municipality,,SK0232,Levice,SK023,Nitriansky,48.02385,18.57856,343,343,93567
SK0232502618,Ondrejovce,Ondrejovce,municipality,,SK0232,Levice,SK023,Nitriansky,48.13601,18.51512,261,261,93551
SK0232502626,Pastovce,Pastovce,municipality,,SK0232,Levice,SK023,Nitriansky,47.96958,18.75401,265,265,93574
SK0232502634,Pečenice,Pecenice,municipality,,SK0232,Levice,SK023,Nitriansky,48.29795,18.77237,183,183,93503
SK0232502642,Plášťovce,Plastovce,municipality,,SK0232,Levice,SK023,Nitriansky,48.16000,18.97910,1092,1092,93582
SK0232502651,Plavé Vozokany,Plave Vozokany,municipality,,SK0232,Levice,SK023,Nitriansky,48.07102,18.46532,374,374,93541|93569
SK0232502669,Podlužany,Podluzany,municipality,,SK0232,Levice,SK023,Nitriansky,48.25325,18.60550,421,421,93527
SK0232502677,Pohronský Ruskov,Pohronsky Ruskov,municipality,,SK0232,Levice,SK023,Nitriansky,47.97482,18.65361,562,562,93562
SK0232502693,Pukanec,Pukanec,municipality,,SK0232,Levice,SK023,Nitriansky,48.35356,18.72097,1221,1221,93505
SK0232502707,Rybník,Rybnik,municipality,,SK0232,Levice,SK023,Nitriansky,48.29271,18.56126,984,984,93523
SK0232502715,Santovka,Santovka,municipality,,SK0232,Levice,SK023,Nitriansky,48.15431,18.76679,503,503,93587
SK0232502723,Sazdice,Sazdice,municipality,,SK0232,Levice,SK023,Nitriansky,48.08887,18.79699,254,254,93585
SK0232502731,Sikenica,Sikenica,municipality,,SK0232,Levice,SK023,Nitriansky,48.06836,18.71801,331,331,93701
SK0232502740,Slatina,Slatina,municipality,,SK0232,Levice,SK023,Nitriansky,48.14567,18.89871,187,187,93584
SK0232502758,Starý Hrádok,Stary Hradok,municipality,,SK0232,Levice,SK023,Nitriansky,48.15159,18.63856,112,112,93556
SK0232502766,Starý Tekov,Stary Tekov,municipality,,SK0232,Levice,SK023,Nitriansky,48.24483,18.53517,783,783,93526
SK0232502782,Šahy,Sahy,city,,SK0232,Levice,SK023,Nitriansky,48.07096,18.95309,2942,5884,93601
SK0232502791,Šalov,Salov,municipality,,SK0232,Levice,SK023,Nitriansky,48.00337,18.70889,202,202,93571
SK0232502804,Šarovce,Sarovce,municipality,,SK0232,Levice,SK023,Nitriansky,48.10551,18.63402,510,510,93552
SK0232502812,Tehla,Tehla,municipality,,SK0232,Levice,SK023,Nitriansky,48.18382,18.38560,240,240,93535
SK0232502821,Tekovské Lužany,Tekovske Luzany,municipality,,SK0232,Levice,SK023,Nitriansky,48.10007,18.53887,1249,1249,93541
SK0232502847,Tekovský Hrádok,Tekovsky Hradok,municipality,,SK0232,Levice,SK023,Nitriansky,48.16807,18.55081,223,223,93551
SK0232502863,Tlmače,Tlmace,city,,SK0232,Levice,SK023,Nitriansky,48.29267,18.52213,902,1804,93521
SK0232502871,Tupá,Tupa,municipality,,SK0232,Levice,SK023,Nitriansky,48.11405,18.89233,331,331,93584
SK0232502880,Turá,Tura,municipality,,SK0232,Levice,SK023,Nitriansky,48.15513,18.58099,95,95,93551
SK0232502898,Uhliská,Uhliska,municipality,,SK0232,Levice,SK023,Nitriansky,48.40247,18.75246,197,197,93505
SK0232502910,Veľké Ludince,Velke Ludince,municipality,,SK0232,Levice,SK023,Nitriansky,47.96264,18.50865,886,886,93565
SK0232502928,Veľké Turovce,Velke Turovce,municipality,,SK0232,Levice,SK023,Nitriansky,48.10389,18.94438,372,372,93581
SK0232502936,Veľký Ďur,Velky Dur,municipality,,SK0232,Levice,SK023,Nitriansky,48.20852,18.45088,708,708,93534
SK0232502944,Vyškovce nad Ipľom,Vyskovce nad Iplom,municipality,,SK0232,Levice,SK023,Nitriansky,48.05683,18.86744,345,345,93577
SK0232502952,Vyšné nad Hronom,Vysne nad Hronom,municipality,,SK0232,Levice,SK023,Nitriansky,48.16338,18.58345,103,103,93531
SK0232502961,Zalaba,Zalaba,municipality,,SK0232,Levice,SK023,Nitriansky,47.96248,18.70081,97,97,93701
SK0232502979,Zbrojníky,Zbrojniky,municipality,,SK0232,Levice,SK023,Nitriansky,48.11454,18.70379,350,350,93555
SK0232502987,Želiezovce,Zeliezovce,city,,SK0232,Levice,SK023,Nitriansky,48.05093,18.65660,2661,5322,93701
SK0232502995,Žemberovce,Zemberovce,municipality,,SK0232,Levice,SK023,Nitriansky,48.26012,18.73907,766,766,93502
SK0232503002,Žemliare,Zemliare,municipality,,SK0232,Levice,SK023,Nitriansky,48.14811,18.60432,100,100,93557
SK0232545350,Hontianske Trsťany,Hontianske Trstany,municipality,,SK0232,Levice,SK023,Nitriansky,48.20743,18.80421,198,198,93586
SK0232555843,Čata,Cata,municipality,,SK0232,Levice,SK023,Nitriansky,47.95361,18.65097,550,550,93563
SK0232556777,Jesenské,Jesenske,municipality,,SK0232,Levice,SK023,Nitriansky,48.16504,18.41182,34,34,93536
SK0232580937,Bohunice,Bohunice,municipality,,SK0232,Levice,SK023,Nitriansky,48.33333,18.75237,169,169,93505
SK0232581135,Malé Kozmálovce,Male Kozmalovce,municipality,,SK0232,Levice,SK023,Nitriansky,48.27402,18.51074,282,282,93521
SK0232581160,Veľké Kozmálovce,Velke Kozmalovce,municipality,,SK0232,Levice,SK023,Nitriansky,48.27147,18.53944,399,399,93521
SK0232581895,Hrkovce,Hrkovce,municipality,,SK0232,Levice,SK023,Nitriansky,48.08918,18.90325,305,305,93601
SK0233500011,Nitra,Nitra,city,,SK0233,Nitra,SK023,Nitriansky,48.30939,18.08448,17465,34930,94901|94905|94907|94911|95141
SK0233500020,Alekšince,Aleksince,municipality,,SK0233,Nitra,SK023,Nitriansky,48.36293,17.94764,687,687,95122
SK0233500046,Báb,Bab,municipality,,SK0233,Nitra,SK023,Nitriansky,48.30894,17.86986,556,556,95134
SK0233500071,Branč,Branc,municipality,,SK0233,Nitra,SK023,Nitriansky,48.21401,18.14239,865,865,95113
SK0233500101,Čakajovce,Cakajovce,municipality,,SK0233,Nitra,SK023,Nitriansky,48.37164,18.03642,458,458,95143
SK0233500135,Čeľadice,Celadice,municipality,,SK0233,Nitra,SK023,Nitriansky,48.32540,18.24122,441,441,95103
SK0233500160,Čifáre,Cifare,municipality,,SK0233,Nitra,SK023,Nitriansky,48.23270,18.39004,333,333,95161
SK0233500194,Dolné Obdokovce,Dolne Obdokovce,municipality,,SK0233,Nitra,SK023,Nitriansky,48.31178,18.20838,437,437,95102
SK0233500232,Golianovo,Golianovo,municipality,,SK0233,Nitra,SK023,Nitriansky,48.26957,18.19077,786,786,95108
SK0233500313,Hruboňovo,Hrubonovo,municipality,,SK0233,Nitra,SK023,Nitriansky,48.44550,18.02531,312,312,95125
SK0233500356,Jarok,Jarok,municipality,,SK0233,Nitra,SK023,Nitriansky,48.27747,17.95994,860,860,95148
SK0233500372,Jelenec,Jelenec,municipality,,SK0233,Nitra,SK023,Nitriansky,48.37900,18.22522,882,882,95173
SK0233500381,Jelšovce,Jelsovce,municipality,,SK0233,Nitra,SK023,Nitriansky,48.38256,18.05848,448,448,95143
SK0233500399,Kapince,Kapince,municipality,,SK0233,Nitra,SK023,Nitriansky,48.45018,17.97206,105,105,95124
SK0233500402,Klasov,Klasov,municipality,,SK0233,Nitra,SK023,Nitriansky,48.27665,18.25690,473,473,95153
SK0233500411,Kolíňany,Kolinany,municipality,,SK0233,Nitra,SK023,Nitriansky,48.35992,18.19568,689,689,95103|95178
SK0233500453,Lehota,Lehota,municipality,,SK0233,Nitra,SK023,Nitriansky,48.31287,17.99071,870,870,95136
SK0233500470,Lúčnica nad Žitavou,Lucnica nad Zitavou,municipality,,SK0233,Nitra,SK023,Nitriansky,48.21240,18.28390,546,546,95188
SK0233500488,Lukáčovce,Lukacovce,municipality,,SK0233,Nitra,SK023,Nitriansky,48.39527,17.93772,478,478,95123
SK0233500518,Veľké Chyndice,Velke Chyndice,municipality,,SK0233,Nitra,SK023,Nitriansky,48.29046,18.28686,168,168,95154
SK0233500534,Malé Zálužie,Male Zaluzie,municipality,,SK0233,Nitra,SK023,Nitriansky,48.43586,17.98461,167,167,95124
SK0233500569,Melek,Melek,municipality,,SK0233,Nitra,SK023,Nitriansky,48.20072,18.33308,307,307,95201
SK0233500577,Mojmírovce,Mojmirovce,municipality,,SK0233,Nitra,SK023,Nitriansky,48.20922,18.06158,1180,1180,95115
SK0233500631,Nová Ves nad Žitavou,Nova Ves nad Zitavou,municipality,,SK0233,Nitra,SK023,Nitriansky,48.29077,18.32434,625,625,95151
SK0233500640,Nové Sady,Nove Sady,municipality,,SK0233,Nitra,SK023,Nitriansky,48.41436,17.97628,589,589,95124
SK0233500666,Paňa,Pana,municipality,,SK0233,Nitra,SK023,Nitriansky,48.23254,18.22730,247,247,95105
SK0233500674,Podhorany,Podhorany,municipality,,SK0233,Nitra,SK023,Nitriansky,48.38105,18.11703,523,523,95146
SK0233500682,Pohranice,Pohranice,municipality,,SK0233,Nitra,SK023,Nitriansky,48.33046,18.18120,579,579,95102
SK0233500691,Poľný Kesov,Polny Kesov,municipality,,SK0233,Nitra,SK023,Nitriansky,48.16195,18.06015,355,355,95115
SK0233500704,Rišňovce,Risnovce,municipality,,SK0233,Nitra,SK023,Nitriansky,48.36822,17.89484,836,836,95121
SK0233500712,Rumanová,Rumanova,municipality,,SK0233,Nitra,SK023,Nitriansky,48.32969,17.87043,401,401,95137
SK0233500780,Šurianky,Surianky,municipality,,SK0233,Nitra,SK023,Nitriansky,48.42264,18.02198,252,252,95126
SK0233500798,Tajná,Tajna,municipality,,SK0233,Nitra,SK023,Nitriansky,48.26489,18.36278,168,168,95201
SK0233500844,Veľká Dolina,Velka Dolina,municipality,,SK0233,Nitra,SK023,Nitriansky,48.18402,18.02991,363,363,95115
SK0233500887,Veľké Zálužie,Velke Zaluzie,municipality,,SK0233,Nitra,SK023,Nitriansky,48.30750,17.94004,1578,1578,95135
SK0233500895,Veľký Cetín,Velky Cetin,municipality,,SK0233,Nitra,SK023,Nitriansky,48.21881,18.18859,790,790,95105
SK0233500917,Vinodol,Vinodol,municipality,,SK0233,Nitra,SK023,Nitriansky,48.18717,18.20680,700,700,95106
SK0233500933,Vráble,Vrable,city,,SK0233,Nitra,SK023,Nitriansky,48.24428,18.30700,3031,6062,95201
SK0233500941,Výčapy-Opatovce,Vycapy-Opatovce,municipality,,SK0233,Nitra,SK023,Nitriansky,48.40919,18.08188,834,834,95144
SK0233500950,Zbehy,Zbehy,municipality,,SK0233,Nitra,SK023,Nitriansky,48.36819,18.01451,984,984,95142
SK0233500992,Žirany,Zirany,municipality,,SK0233,Nitra,SK023,Nitriansky,48.37740,18.17516,587,587,95174
SK0233501018,Žitavce,Zitavce,municipality,,SK0233,Nitra,SK023,Nitriansky,48.20199,18.30001,229,229,95201
SK0233545589,Cabaj-Čápor,Cabaj-Capor,municipality,,SK0233,Nitra,SK023,Nitriansky,48.24519,18.02223,1774,1774,95117
SK0233545635,Horné Lefantovce,Horne Lefantovce,municipality,,SK0233,Nitra,SK023,Nitriansky,48.42305,18.14363,440,440,95145
SK0233555851,Malý Lapáš,Maly Lapas,municipality,,SK0233,Nitra,SK023,Nitriansky,48.30354,18.17705,582,582,95104
SK0233555860,Veľký Lapáš,Velky Lapas,municipality,,SK0233,Nitra,SK023,Nitriansky,48.29134,18.18418,888,888,95104
SK0233555886,Čechynce,Cechynce,municipality,,SK0233,Nitra,SK023,Nitriansky,48.25519,18.16077,519,519,95107
SK0233555908,Malý Cetín,Maly Cetin,municipality,,SK0233,Nitra,SK023,Nitriansky,48.23802,18.17824,233,233,95107
SK0233555959,Hosťová,Hostova,municipality,,SK0233,Nitra,SK023,Nitriansky,48.33772,18.20510,187,187,95102
SK0233555967,Telince,Telince,municipality,,SK0233,Nitra,SK023,Nitriansky,48.23057,18.36934,163,163,95161
SK0233555991,Svätoplukovo,Svatoplukovo,municipality,,SK0233,Nitra,SK023,Nitriansky,48.22608,18.05474,614,614,95116
SK0233556696,Nitrianske Hrnčiarovce,Nitrianske Hrnciarovce,municipality,,SK0233,Nitra,SK023,Nitriansky,48.33219,18.12379,1145,1145,94901|95101
SK0233556785,Malé Chyndice,Male Chyndice,municipality,,SK0233,Nitra,SK023,Nitriansky,48.30320,18.28567,185,185,95154
SK0233558320,Ivanka pri Nitre,Ivanka pri Nitre,municipality,,SK0233,Nitra,SK023,Nitriansky,48.24168,18.11900,1249,1249,95112
SK0233580899,Lužianky,Luzianky,municipality,,SK0233,Nitra,SK023,Nitriansky,48.34243,18.02804,1701,1701,94901|95141
SK0233581097,Ľudovítová,Ludovitova,municipality,,SK0233,Nitra,SK023,Nitriansky,48.39666,18.07782,79,79,95144
SK0233581623,Babindol,Babindol,municipality,,SK0233,Nitra,SK023,Nitriansky,48.28876,18.23988,256,256,95153
SK0233581691,Štefanovičová,Stefanovicova,municipality,,SK0233,Nitra,SK023,Nitriansky,48.18956,18.09376,165,165,95115
SK0233582387,Čab,Cab,municipality,,SK0233,Nitra,SK023,Nitriansky,48.40606,17.98543,302,302,95124
SK0233582425,Dolné Lefantovce,Dolne Lefantovce,municipality,,SK0233,Nitra,SK023,Nitriansky,48.42362,18.12207,276,276,95145
SK0233582697,Bádice,Badice,municipality,,SK0233,Nitra,SK023,Nitriansky,48.39788,18.12928,183,183,95146
SK0233582719,Štitáre,Stitare,municipality,,SK0233,Nitra,SK023,Nitriansky,48.34921,18.15756,733,733,95101
SK0234503011,Nové Zámky,Nove Zamky,city,,SK0234,Nové Zámky,SK023,Nitriansky,47.98863,18.16224,10191,20382,94002
SK0234503029,Andovce,Andovce,municipality,,SK0234,Nové Zámky,SK023,Nitriansky,47.99473,18.10618,942,942,94123
SK0234503037,Bajtava,Bajtava,municipality,,SK0234,Nové Zámky,SK023,Nitriansky,47.85586,18.74776,263,263,94365
SK0234503045,Bánov,Banov,municipality,,SK0234,Nové Zámky,SK023,Nitriansky,48.04802,18.19057,1544,1544,94101
SK0234503053,Bardoňovo,Bardonovo,municipality,,SK0234,Nové Zámky,SK023,Nitriansky,48.10931,18.42146,461,461,94149
SK0234503061,Belá,Bela,municipality,,SK0234,Nové Zámky,SK023,Nitriansky,47.83240,18.59611,248,248,94353
SK0234503070,Bešeňov,Besenov,municipality,,SK0234,Nové Zámky,SK023,Nitriansky,48.04432,18.26543,859,859,94141
SK0234503088,Bíňa,Bina,municipality,,SK0234,Nové Zámky,SK023,Nitriansky,47.91889,18.63991,786,786,94356
SK0234503096,Branovo,Branovo,municipality,,SK0234,Nové Zámky,SK023,Nitriansky,48.02442,18.30761,322,322,94131
SK0234503100,Bruty,Bruty,municipality,,SK0234,Nové Zámky,SK023,Nitriansky,47.92303,18.57886,418,418,94355
SK0234503118,Čechy,Cechy,municipality,,SK0234,Nové Zámky,SK023,Nitriansky,48.03405,18.37277,212,212,94132
SK0234503126,Černík,Cernik,municipality,,SK0234,Nové Zámky,SK023,Nitriansky,48.15722,18.22549,626,626,94105
SK0234503134,Dedinka,Dedinka,municipality,,SK0234,Nové Zámky,SK023,Nitriansky,48.07030,18.42075,457,457,94150
SK0234503151,Dolný Ohaj,Dolny Ohaj,municipality,,SK0234,Nové Zámky,SK023,Nitriansky,48.08030,18.25075,745,745,94143
SK0234503169,Dubník,Dubnik,municipality,,SK0234,Nové Zámky,SK023,Nitriansky,47.95749,18.40970,872,872,94135
SK0234503177,Dvory nad Žitavou,Dvory nad Zitavou,municipality,,SK0234,Nové Zámky,SK023,Nitriansky,47.99142,18.26776,2741,2741,94131
SK0234503185,Gbelce,Gbelce,municipality,,SK0234,Nové Zámky,SK023,Nitriansky,47.85094,18.51261,1279,1279,94342
SK0234503193,Hul,Hul,municipality,,SK0234,Nové Zámky,SK023,Nitriansky,48.10270,18.26864,568,568,94144
SK0234503207,Chľaba,Chlaba,municipality,,SK0234,Nové Zámky,SK023,Nitriansky,47.82829,18.81316,773,773,94365
SK0234503215,Jasová,Jasova,municipality,,SK0234,Nové Zámky,SK023,Nitriansky,47.98800,18.39728,683,683,94134
SK0234503223,Jatov,Jatov,municipality,,SK0234,Nové Zámky,SK023,Nitriansky,48.12706,18.00966,561,561,94110
SK0234503231,Kamenica nad Hronom,Kamenica nad Hronom,municipality,,SK0234,Nové Zámky,SK023,Nitriansky,47.83010,18.72763,788,788,94365
SK0234503240,Kamenín,Kamenin,municipality,,SK0234,Nové Zámky,SK023,Nitriansky,47.88680,18.64868,915,915,94357
SK0234503258,Kamenný Most,Kamenny Most,municipality,,SK0234,Nové Zámky,SK023,Nitriansky,47.85111,18.65785,725,725,94358
SK0234503266,Kmeťovo,Kmetovo,municipality,,SK0234,Nové Zámky,SK023,Nitriansky,48.16840,18.28006,431,431,94162
SK0234503274,Kolta,Kolta,municipality,,SK0234,Nové Zámky,SK023,Nitriansky,48.01732,18.41453,637,637,94133
SK0234503282,Komjatice,Komjatice,municipality,,SK0234,Nové Zámky,SK023,Nitriansky,48.15470,18.17061,1699,1699,94106
SK0234503291,Komoča,Komoca,municipality,,SK0234,Nové Zámky,SK023,Nitriansky,47.95044,18.02232,700,700,94121
SK0234503312,Leľa,Lela,municipality,,SK0234,Nové Zámky,SK023,Nitriansky,47.85767,18.77170,225,225,94365
SK0234503321,Lipová,Lipova,municipality,,SK0234,Nové Zámky,SK023,Nitriansky,48.11173,18.17687,766,766,94102
SK0234503339,Ľubá,Luba,municipality,,SK0234,Nové Zámky,SK023,Nitriansky,47.84972,18.59629,246,246,94353
SK0234503347,Malá nad Hronom,Mala nad Hronom,municipality,,SK0234,Nové Zámky,SK023,Nitriansky,47.85551,18.67837,270,270,94365
SK0234503355,Malé Kosihy,Male Kosihy,municipality,,SK0234,Nové Zámky,SK023,Nitriansky,47.92331,18.74958,256,256,94361
SK0234503363,Maňa,Mana,municipality,,SK0234,Nové Zámky,SK023,Nitriansky,48.15081,18.28425,1095,1095,94145
SK0234503371,Michal nad Žitavou,Michal nad Zitavou,municipality,,SK0234,Nové Zámky,SK023,Nitriansky,48.18549,18.28319,314,314,94162
SK0234503380,Veľký Kýr,Velky Kyr,municipality,,SK0234,Nové Zámky,SK023,Nitriansky,48.18125,18.15432,1472,1472,94107
SK0234503398,Mojzesovo,Mojzesovo,municipality,,SK0234,Nové Zámky,SK023,Nitriansky,48.13548,18.23804,584,584,94104
SK0234503401,Mužla,Muzla,municipality,,SK0234,Nové Zámky,SK023,Nitriansky,47.79343,18.60001,1211,1211,94352
SK0234503436,Nová Vieska,Nova Vieska,municipality,,SK0234,Nové Zámky,SK023,Nitriansky,47.87082,18.46269,575,575,94342
SK0234503452,Palárikovo,Palarikovo,municipality,,SK0234,Nové Zámky,SK023,Nitriansky,48.04338,18.06990,2570,2570,94111
SK0234503479,Podhájska,Podhajska,municipality,,SK0234,Nové Zámky,SK023,Nitriansky,48.10460,18.34230,891,891,94148
SK0234503487,Pozba,Pozba,municipality,,SK0234,Nové Zámky,SK023,Nitriansky,48.11484,18.38604,332,332,94151
SK0234503495,Radava,Radava,municipality,,SK0234,Nové Zámky,SK023,Nitriansky,48.09332,18.30307,586,586,94147
SK0234503509,Rastislavice,Rastislavice,municipality,,SK0234,Nové Zámky,SK023,Nitriansky,48.13785,18.07609,413,413,94110
SK0234503517,Rúbaň,Ruban,municipality,,SK0234,Nové Zámky,SK023,Nitriansky,47.92899,18.40161,490,490,94136
SK0234503525,Salka,Salka,municipality,,SK0234,Nové Zámky,SK023,Nitriansky,47.88692,18.75232,730,730,94361
SK0234503533,Semerovo,Semerovo,municipality,,SK0234,Nové Zámky,SK023,Nitriansky,48.00997,18.35162,638,638,94132
SK0234503541,Sikenička,Sikenicka,municipality,,SK0234,Nové Zámky,SK023,Nitriansky,47.93572,18.68257,266,266,94359
SK0234503550,Strekov,Strekov,municipality,,SK0234,Nové Zámky,SK023,Nitriansky,47.90237,18.41692,1284,1284,94137
SK0234503568,Svodín,Svodin,municipality,,SK0234,Nové Zámky,SK023,Nitriansky,47.91094,18.49960,1625,1625,94354
SK0234503576,Šarkan,Sarkan,municipality,,SK0234,Nové Zámky,SK023,Nitriansky,47.86183,18.55546,254,254,94342
SK0234503584,Štúrovo,Sturovo,city,,SK0234,Nové Zámky,SK023,Nitriansky,47.79642,18.71437,3587,7174,94301
SK0234503592,Šurany,Surany,city,,SK0234,Nové Zámky,SK023,Nitriansky,48.08897,18.18356,3305,6610,94201
SK0234503606,Trávnica,Travnica,municipality,,SK0234,Nové Zámky,SK023,Nitriansky,48.13880,18.33625,826,826,94146
SK0234503614,Tvrdošovce,Tvrdosovce,municipality,,SK0234,Nové Zámky,SK023,Nitriansky,48.09477,18.06352,2559,2559,94110
SK0234503631,Veľké Lovce,Velke Lovce,municipality,,SK0234,Nové Zámky,SK023,Nitriansky,48.06260,18.33643,836,836,94142
SK0234503649,Zemné,Zemne,municipality,,SK0234,Nové Zámky,SK023,Nitriansky,47.98373,17.99559,1129,1129,94122|94123
SK0234556025,Vlkas,Vlkas,municipality,,SK0234,Nové Zámky,SK023,Nitriansky,48.12775,18.27737,186,186,94144
SK0234556033,Pavlová,Pavlova,municipality,,SK0234,Nové Zámky,SK023,Nitriansky,47.90133,18.67423,158,158,94359
SK0234556050,Úľany nad Žitavou,Ulany nad Zitavou,municipality,,SK0234,Nové Zámky,SK023,Nitriansky,48.10665,18.23813,886,886,94103
SK0234556092,Nána,Nana,municipality,,SK0234,Nové Zámky,SK023,Nitriansky,47.81656,18.69006,808,808,94301|94360
SK0234582361,Obid,Obid,municipality,,SK0234,Nové Zámky,SK023,Nitriansky,47.77923,18.64403,586,586,94304
SK0235500241,Hájske,Hajske,municipality,,SK0235,Šaľa,SK023,Nitriansky,48.25454,17.86749,581,581,95133
SK0235500739,Močenok,Mocenok,municipality,,SK0235,Šaľa,SK023,Nitriansky,48.22734,17.93047,1682,1682,95131
SK0235503711,Diakovce,Diakovce,municipality,,SK0235,Šaľa,SK023,Nitriansky,48.13480,17.84173,1104,1104,92581
SK0235503720,Dlhá nad Váhom,Dlha nad Vahom,municipality,,SK0235,Šaľa,SK023,Nitriansky,48.17160,17.86058,446,446,92705
SK0235503886,Kráľová nad Váhom,Kralova nad Vahom,municipality,,SK0235,Šaľa,SK023,Nitriansky,48.16771,17.84488,907,907,92591
SK0235503932,Neded,Neded,municipality,,SK0235,Šaľa,SK023,Nitriansky,48.01994,17.96556,1204,1204,92585
SK0235503991,Selice,Selice,municipality,,SK0235,Šaľa,SK023,Nitriansky,48.09448,17.96429,936,936,92572
SK0235504025,Šaľa,Sala,city,,SK0235,Šaľa,SK023,Nitriansky,48.15443,17.87773,4952,9904,92583|92701|92705|93401
SK0235504068,Tešedíkovo,Tesedikovo,municipality,,SK0235,Šaľa,SK023,Nitriansky,48.10452,17.84833,1509,1509,92582
SK0235504092,Trnovec nad Váhom,Trnovec nad Vahom,municipality,,SK0235,Šaľa,SK023,Nitriansky,48.14818,17.92968,1059,1059,92571
SK0235504165,Vlčany,Vlcany,municipality,,SK0235,Šaľa,SK023,Nitriansky,48.03345,17.94808,1437,1437,92584
SK0235504190,Žihárec,Ziharec,municipality,,SK0235,Šaľa,SK023,Nitriansky,48.07206,17.88458,701,701,92583
SK0235555878,Horná Kráľová,Horna Kralova,municipality,,SK0235,Šaľa,SK023,Nitriansky,48.24388,17.91557,742,742,95132
SK0236504998,Topoľčany,Topolcany,city,,SK0236,Topoľčany,SK023,Nitriansky,48.56132,18.16872,5038,10076,95501|95503
SK0236505021,Lipovník,Lipovnik,municipality,,SK0236,Topoľčany,SK023,Nitriansky,48.56933,18.01019,191,191,95601
SK0236505048,Ludanice,Ludanice,municipality,,SK0236,Topoľčany,SK023,Nitriansky,48.49597,18.11676,842,842,95611
SK0236505064,Lužany,Luzany,municipality,,SK0236,Topoľčany,SK023,Nitriansky,48.51583,18.01466,111,111,95607
SK0236505137,Malé Ripňany,Male Ripnany,municipality,,SK0236,Topoľčany,SK023,Nitriansky,48.47828,17.98408,253,253,95607
SK0236505226,Nemečky,Nemecky,municipality,,SK0236,Topoľčany,SK023,Nitriansky,48.67238,18.11617,226,226,95622
SK0236505234,Nitrianska Blatnica,Nitrianska Blatnica,municipality,,SK0236,Topoľčany,SK023,Nitriansky,48.55390,17.96652,542,542,95605
SK0236505242,Nitrianska Streda,Nitrianska Streda,municipality,,SK0236,Topoľčany,SK023,Nitriansky,48.52047,18.17469,367,367,95616
SK0236505251,Norovce,Norovce,municipality,,SK0236,Topoľčany,SK023,Nitriansky,48.63267,18.17937,169,169,95638
SK0236505285,Oponice,Oponice,municipality,,SK0236,Topoľčany,SK023,Nitriansky,48.46859,18.14745,398,398,95614
SK0236505340,Podhradie,Podhradie,municipality,,SK0236,Topoľčany,SK023,Nitriansky,48.66067,18.05153,210,210,95501
SK0236505374,Prašice,Prasice,municipality,,SK0236,Topoľčany,SK023,Nitriansky,48.65071,18.10183,1414,1414,95622
SK0236505404,Preseľany,Preselany,municipality,,SK0236,Topoľčany,SK023,Nitriansky,48.45221,18.09809,637,637,95612
SK0236505421,Radošina,Radosina,municipality,,SK0236,Topoľčany,SK023,Nitriansky,48.54556,17.93886,864,864,95605
SK0236505439,Rajčany,Rajcany,municipality,,SK0236,Topoľčany,SK023,Nitriansky,48.61140,18.23287,252,252,95632
SK0236505498,Solčany,Solcany,municipality,,SK0236,Topoľčany,SK023,Nitriansky,48.53737,18.19935,1036,1036,95617
SK0236505510,Súlovce,Sulovce,municipality,,SK0236,Topoľčany,SK023,Nitriansky,48.46374,18.16976,284,284,95614
SK0236505536,Šalgovce,Salgovce,municipality,,SK0236,Topoľčany,SK023,Nitriansky,48.52496,17.89769,209,209,95606
SK0236505561,Tesáre,Tesare,municipality,,SK0236,Topoľčany,SK023,Nitriansky,48.60061,18.08555,384,384,95621
SK0236505617,Tvrdomestice,Tvrdomestice,municipality,,SK0236,Topoľčany,SK023,Nitriansky,48.64008,18.13538,217,217,95622
SK0236505641,Urmince,Urmince,municipality,,SK0236,Topoľčany,SK023,Nitriansky,48.53473,18.09683,543,543,95602
SK0236505676,Veľké Dvorany,Velke Dvorany,municipality,,SK0236,Topoľčany,SK023,Nitriansky,48.55636,18.07169,325,325,95601
SK0236505714,Veľké Ripňany,Velke Ripnany,municipality,,SK0236,Topoľčany,SK023,Nitriansky,48.50428,17.97798,987,987,95607
SK0236505749,Velušovce,Velusovce,municipality,,SK0236,Topoľčany,SK023,Nitriansky,48.63035,18.09646,259,259,95501
SK0236505757,Vozokany,Vozokany,municipality,,SK0236,Topoľčany,SK023,Nitriansky,48.56621,17.99429,170,170,95605
SK0236505773,Závada,Zavada,municipality,,SK0236,Topoľčany,SK023,Nitriansky,48.64095,18.08314,321,321,95501
SK0236542661,Belince,Belince,municipality,,SK0236,Topoľčany,SK023,Nitriansky,48.46123,18.09913,165,165,95612
SK0236542695,Biskupová,Biskupova,municipality,,SK0236,Topoľčany,SK023,Nitriansky,48.46216,17.98331,119,119,95607
SK0236542709,Blesovce,Blesovce,municipality,,SK0236,Topoľčany,SK023,Nitriansky,48.55866,18.03713,158,158,95601
SK0236542717,Bojná,Bojna,municipality,,SK0236,Topoľčany,SK023,Nitriansky,48.57685,18.05686,811,811,95601
SK0236542792,Čermany,Cermany,municipality,,SK0236,Topoľčany,SK023,Nitriansky,48.46852,18.03561,210,210,95608
SK0236542881,Hajná Nová Ves,Hajna Nova Ves,municipality,,SK0236,Topoľčany,SK023,Nitriansky,48.53498,18.03560,191,191,95603
SK0236542938,Horné Obdokovce,Horne Obdokovce,municipality,,SK0236,Topoľčany,SK023,Nitriansky,48.49504,18.04268,639,639,95608|95611
SK0236542954,Horné Štitáre,Horne Stitare,municipality,,SK0236,Topoľčany,SK023,Nitriansky,48.52485,18.05658,303,303,95603
SK0236542971,Hrušovany,Hrusovany,municipality,,SK0236,Topoľčany,SK023,Nitriansky,48.43903,18.09556,456,456,95613
SK0236543039,Kamanová,Kamanova,municipality,,SK0236,Topoľčany,SK023,Nitriansky,48.47133,18.10031,291,291,95612
SK0236543063,Koniarovce,Koniarovce,municipality,,SK0236,Topoľčany,SK023,Nitriansky,48.42821,18.09248,314,314,95613
SK0236543071,Kovarce,Kovarce,municipality,,SK0236,Topoľčany,SK023,Nitriansky,48.49511,18.15616,624,624,95615
SK0236543101,Krnča,Krnca,municipality,,SK0236,Topoľčany,SK023,Nitriansky,48.54262,18.25260,563,563,95619
SK0236543110,Krtovce,Krtovce,municipality,,SK0236,Topoľčany,SK023,Nitriansky,48.54104,18.01284,138,138,95603
SK0236556149,Krušovce,Krusovce,municipality,,SK0236,Topoľčany,SK023,Nitriansky,48.59193,18.20664,820,820,95631
SK0236556157,Jacovce,Jacovce,municipality,,SK0236,Topoľčany,SK023,Nitriansky,48.59184,18.13538,704,704,95621
SK0236556165,Chrabrany,Chrabrany,municipality,,SK0236,Topoľčany,SK023,Nitriansky,48.52905,18.14122,436,436,95501
SK0236556211,Orešany,Oresany,municipality,,SK0236,Topoľčany,SK023,Nitriansky,48.51103,17.90134,152,152,95606
SK0236556220,Ardanovce,Ardanovce,municipality,,SK0236,Topoľčany,SK023,Nitriansky,48.53682,17.90520,130,130,95606
SK0236556238,Svrbice,Svrbice,municipality,,SK0236,Topoľčany,SK023,Nitriansky,48.52200,17.88532,96,96,95606
SK0236556262,Dvorany nad Nitrou,Dvorany nad Nitrou,municipality,,SK0236,Topoľčany,SK023,Nitriansky,48.48918,18.11685,330,330,95611
SK0236556297,Čeľadince,Celadince,municipality,,SK0236,Topoľčany,SK023,Nitriansky,48.51169,18.16994,283,283,95616
SK0236556327,Solčianky,Solcianky,municipality,,SK0236,Topoľčany,SK023,Nitriansky,48.61939,18.19845,119,119,95638
SK0236556351,Horné Chlebany,Horne Chlebany,municipality,,SK0236,Topoľčany,SK023,Nitriansky,48.60611,18.22361,176,176,95631
SK0236580457,Tovarníky,Tovarniky,municipality,,SK0236,Topoľčany,SK023,Nitriansky,48.57219,18.14518,735,735,95501
SK0236581305,Nemčice,Nemcice,municipality,,SK0236,Topoľčany,SK023,Nitriansky,48.55372,18.12119,418,418,95501
SK0236581658,Práznovce,Praznovce,municipality,,SK0236,Topoľčany,SK023,Nitriansky,48.56575,18.21166,411,411,95501
SK0236581704,Kuzmice,Kuzmice,municipality,,SK0236,Topoľčany,SK023,Nitriansky,48.58213,18.10594,325,325,95621
SK0237500062,Beladice,Beladice,municipality,,SK0237,Zlaté Moravce,SK023,Nitriansky,48.34046,18.29335,835,835,95175
SK0237500127,Čaradice,Caradice,municipality,,SK0237,Zlaté Moravce,SK023,Nitriansky,48.35848,18.50653,328,328,95301
SK0237500151,Čierne Kľačany,Cierne Klacany,municipality,,SK0237,Zlaté Moravce,SK023,Nitriansky,48.35017,18.41748,409,409,95305
SK0237500283,Hostie,Hostie,municipality,,SK0237,Zlaté Moravce,SK023,Nitriansky,48.45273,18.43744,498,498,95194
SK0237500305,Hosťovce,Hostovce,municipality,,SK0237,Zlaté Moravce,SK023,Nitriansky,48.41794,18.35801,345,345,95191
SK0237500321,Choča,Choca,municipality,,SK0237,Zlaté Moravce,SK023,Nitriansky,48.35702,18.32283,224,224,95176
SK0237500364,Jedľové Kostoľany,Jedlove Kostolany,municipality,,SK0237,Zlaté Moravce,SK023,Nitriansky,48.47403,18.49938,707,707,95196
SK0237500429,Kostoľany pod Tribečom,Kostolany pod Tribecom,municipality,,SK0237,Zlaté Moravce,SK023,Nitriansky,48.41506,18.24292,218,218,95177
SK0237500437,Ladice,Ladice,municipality,,SK0237,Zlaté Moravce,SK023,Nitriansky,48.39660,18.25997,453,453,95177
SK0237500461,Lovce,Lovce,municipality,,SK0237,Zlaté Moravce,SK023,Nitriansky,48.44499,18.36313,257,257,95192
SK0237500500,Machulince,Machulince,municipality,,SK0237,Zlaté Moravce,SK023,Nitriansky,48.41215,18.43246,463,463,95193
SK0237500542,Mankovce,Mankovce,municipality,,SK0237,Zlaté Moravce,SK023,Nitriansky,48.42762,18.32682,223,223,95191
SK0237500551,Martin nad Žitavou,Martin nad Zitavou,municipality,,SK0237,Zlaté Moravce,SK023,Nitriansky,48.39571,18.35593,276,276,95301
SK0237500585,Nemčiňany,Nemcinany,municipality,,SK0237,Zlaté Moravce,SK023,Nitriansky,48.30651,18.44697,359,359,95181
SK0237500593,Neverice,Neverice,municipality,,SK0237,Zlaté Moravce,SK023,Nitriansky,48.36780,18.27384,286,286,95172
SK0237500607,Nevidzany,Nevidzany,municipality,,SK0237,Zlaté Moravce,SK023,Nitriansky,48.28661,18.37747,324,324,95162
SK0237500658,Obyce,Obyce,municipality,,SK0237,Zlaté Moravce,SK023,Nitriansky,48.42810,18.45572,690,690,95195
SK0237500721,Skýcov,Skycov,municipality,,SK0237,Zlaté Moravce,SK023,Nitriansky,48.50322,18.42134,487,487,95185
SK0237500747,Sľažany,Slazany,municipality,,SK0237,Zlaté Moravce,SK023,Nitriansky,48.38823,18.32477,679,679,95171
SK0237500755,Slepčany,Slepcany,municipality,,SK0237,Zlaté Moravce,SK023,Nitriansky,48.30991,18.34087,423,423,95152
SK0237500810,Tesárske Mlyňany,Tesarske Mlynany,municipality,,SK0237,Zlaté Moravce,SK023,Nitriansky,48.33779,18.35838,695,695,95176
SK0237500828,Topoľčianky,Topolcianky,municipality,,SK0237,Zlaté Moravce,SK023,Nitriansky,48.41785,18.41070,1250,1250,95193
SK0237500836,Velčice,Velcice,municipality,,SK0237,Zlaté Moravce,SK023,Nitriansky,48.41415,18.30421,433,433,95171
SK0237500909,Vieska nad Žitavou,Vieska nad Zitavou,municipality,,SK0237,Zlaté Moravce,SK023,Nitriansky,48.31823,18.35966,212,212,95152
SK0237500925,Volkovce,Volkovce,municipality,,SK0237,Zlaté Moravce,SK023,Nitriansky,48.33918,18.45638,421,421,95187
SK0237500968,Zlaté Moravce,Zlate Moravce,city,,SK0237,Zlaté Moravce,SK023,Nitriansky,48.38323,18.39063,4090,8180,94501|95301|95305
SK0237500976,Zlatno,Zlatno,municipality,,SK0237,Zlaté Moravce,SK023,Nitriansky,48.46407,18.31359,146,146,95191
SK0237500984,Žikava,Zikava,municipality,,SK0237,Zlaté Moravce,SK023,Nitriansky,48.44395,18.38259,265,265,95192
SK0237517305,Tekovské Nemce,Tekovske Nemce,municipality,,SK0237,Zlaté Moravce,SK023,Nitriansky,48.35569,18.52946,461,461,95301|96654|96801
SK0237555916,Červený Hrádok,Cerveny Hradok,municipality,,SK0237,Zlaté Moravce,SK023,Nitriansky,48.30247,18.38723,205,205,95182
SK0237555924,Malé Vozokany,Male Vozokany,municipality,,SK0237,Zlaté Moravce,SK023,Nitriansky,48.30947,18.39911,147,147,95182
SK0237555932,Veľké Vozokany,Velke Vozokany,municipality,,SK0237,Zlaté Moravce,SK023,Nitriansky,48.32163,18.41091,196,196,95182
SK0237582816,Žitavany,Zitavany,municipality,,SK0237,Zlaté Moravce,SK023,Nitriansky,48.39932,18.41964,784,784,95197|95301
SK0311517461,Bytča,Bytca,city,,SK0311,Bytča,SK031,Žilinský,49.22448,18.56014,3765,7530,01401
SK0311517623,Hvozdnica,Hvozdnica,municipality,,SK0311,Bytča,SK031,Žilinský,49.21127,18.48714,419,419,01356
SK0311517631,Jablonové,Jablonove,municipality,,SK0311,Bytča,SK031,Žilinský,49.18343,18.56334,317,317,01352
SK0311517674,Kolárovice,Kolarovice,municipality,,SK0311,Bytča,SK031,Žilinský,49.28116,18.53050,997,997,01354
SK0311517691,Kotešová,Kotesova,municipality,,SK0311,Bytča,SK031,Žilinský,49.24138,18.59898,959,959,01361
SK0311517798,Maršová-Rašov,Marsova-Rasov,municipality,,SK0311,Bytča,SK031,Žilinský,49.18148,18.51393,355,355,01351
SK0311517861,Petrovice,Petrovice,municipality,,SK0311,Bytča,SK031,Žilinský,49.25814,18.51849,665,665,01353
SK0311517895,Predmier,Predmier,municipality,,SK0311,Bytča,SK031,Žilinský,49.19791,18.53290,519,519,01351
SK0311517992,Súľov-Hradná,Sulov-Hradna,municipality,,SK0311,Bytča,SK031,Žilinský,49.15515,18.58983,535,535,01352
SK0311518018,Štiavnik,Stiavnik,municipality,,SK0311,Bytča,SK031,Žilinský,49.24468,18.46414,1511,1511,01355
SK0311518085,Veľké Rovné,Velke Rovne,municipality,,SK0311,Bytča,SK031,Žilinský,49.31073,18.57167,1729,1729,01354|01362
SK0311581984,Hlboké nad Váhom,Hlboke nad Vahom,municipality,,SK0311,Bytča,SK031,Žilinský,49.21131,18.59049,343,343,01401
SK0312509132,Čadca,Cadca,city,,SK0312,Čadca,SK031,Žilinský,49.43861,18.78559,5437,10874,02201|02204
SK0312509159,Čierne,Cierne,municipality,,SK0312,Čadca,SK031,Žilinský,49.50044,18.83405,1375,1375,02313
SK0312509167,Dlhá nad Kysucou,Dlha nad Kysucou,municipality,,SK0312,Čadca,SK031,Žilinský,49.37934,18.64920,307,307,02354
SK0312509183,Dunajov,Dunajov,municipality,,SK0312,Čadca,SK031,Žilinský,49.36222,18.82036,386,386,02302
SK0312509213,Klokočov,Klokocov,municipality,,SK0312,Čadca,SK031,Žilinský,49.46295,18.58143,1359,1359,02322|02352
SK0312509221,Klubina,Klubina,municipality,,SK0312,Čadca,SK031,Žilinský,49.35563,18.89453,236,236,02304
SK0312509230,Korňa,Korna,municipality,,SK0312,Čadca,SK031,Žilinský,49.41618,18.55183,996,996,02321
SK0312509248,Krásno nad Kysucou,Krasno nad Kysucou,city,,SK0312,Čadca,SK031,Žilinský,49.39253,18.84048,2329,4658,02302
SK0312509299,Makov,Makov,municipality,,SK0312,Čadca,SK031,Žilinský,49.36745,18.46919,1179,1179,02356
SK0312509311,Nová Bystrica,Nova Bystrica,municipality,,SK0312,Čadca,SK031,Žilinský,49.35238,19.01710,1255,1255,02305
SK0312509337,Olešná,Olesna,municipality,,SK0312,Čadca,SK031,Žilinský,49.43162,18.66019,809,809,02352|02357
SK0312509345,Oščadnica,Oscadnica,municipality,,SK0312,Čadca,SK031,Žilinský,49.43630,18.88660,2191,2191,02301
SK0312509361,Podvysoká,Podvysoka,municipality,,SK0312,Čadca,SK031,Žilinský,49.41182,18.66371,477,477,02353|02357
SK0312509396,Radôstka,Radostka,municipality,,SK0312,Čadca,SK031,Žilinský,49.32260,18.93988,344,344,02304
SK0312509400,Raková,Rakova,municipality,,SK0312,Čadca,SK031,Žilinský,49.44214,18.73054,2008,2008,02201|02204|02351
SK0312509451,Skalité,Skalite,municipality,,SK0312,Čadca,SK031,Žilinský,49.49718,18.91245,1685,1685,02314
SK0312509477,Stará Bystrica,Stara Bystrica,municipality,,SK0312,Čadca,SK031,Žilinský,49.34655,18.93277,1086,1086,02304
SK0312509485,Staškov,Staskov,municipality,,SK0312,Čadca,SK031,Žilinský,49.42733,18.69633,1038,1038,02352|02353
SK0312509493,Svrčinovec,Svrcinovec,municipality,,SK0312,Čadca,SK031,Žilinský,49.48027,18.79336,1077,1077,02312
SK0312509507,Turzovka,Turzovka,city,,SK0312,Čadca,SK031,Žilinský,49.40141,18.61742,2105,4210,02354
SK0312509515,Vysoká nad Kysucou,Vysoka nad Kysucou,municipality,,SK0312,Čadca,SK031,Žilinský,49.37967,18.52616,1352,1352,02355
SK0312509523,Zákopčie,Zakopcie,municipality,,SK0312,Čadca,SK031,Žilinský,49.39862,18.71680,1011,1011,02201|02311
SK0312509531,Zborov nad Bystricou,Zborov nad Bystricou,municipality,,SK0312,Čadca,SK031,Žilinský,49.38092,18.88576,803,803,02303
SK0313509540,Dolný Kubín,Dolny Kubin,city,,SK0313,Dolný Kubín,SK031,Žilinský,49.21506,19.29925,4438,8876,02601
SK0313509639,Dlhá nad Oravou,Dlha nad Oravou,municipality,,SK0313,Dolný Kubín,SK031,Žilinský,49.25911,19.44401,492,492,02755
SK0313509671,Horná Lehota,Horna Lehota,municipality,,SK0313,Dolný Kubín,SK031,Žilinský,49.25494,19.40116,248,248,02741
SK0313509698,Chlebnice,Chlebnice,municipality,,SK0313,Dolný Kubín,SK031,Žilinský,49.23051,19.46437,539,539,02755
SK0313509701,Istebné,Istebne,municipality,,SK0313,Dolný Kubín,SK031,Žilinský,49.21206,19.22211,357,357,02753
SK0313509710,Jasenová,Jasenova,municipality,,SK0313,Dolný Kubín,SK031,Žilinský,49.17547,19.29581,219,219,02601
SK0313509744,Kraľovany,Kralovany,municipality,,SK0313,Dolný Kubín,SK031,Žilinský,49.15222,19.13066,197,197,02751|03854
SK0313509761,Krivá,Kriva,municipality,,SK0313,Dolný Kubín,SK031,Žilinský,49.28241,19.47836,300,300,02755
SK0313509787,Leštiny,Lestiny,municipality,,SK0313,Dolný Kubín,SK031,Žilinský,49.18909,19.35151,165,165,02601
SK0313509825,Malatiná,Malatina,municipality,,SK0313,Dolný Kubín,SK031,Žilinský,49.18615,19.43203,351,351,02601
SK0313509833,Medzibrodie nad Oravou,Medzibrodie nad Oravou,municipality,,SK0313,Dolný Kubín,SK031,Žilinský,49.23512,19.34331,206,206,02601
SK0313509922,Oravská Poruba,Oravska Poruba,municipality,,SK0313,Dolný Kubín,SK031,Žilinský,49.19709,19.26141,452,452,02754
SK0313509957,Oravský Podzámok,Oravsky Podzamok,municipality,,SK0313,Dolný Kubín,SK031,Žilinský,49.26251,19.36976,598,598,02741
SK0313509965,Osádka,Osadka,municipality,,SK0313,Dolný Kubín,SK031,Žilinský,49.18487,19.38706,91,91,02601
SK0313509973,Párnica,Parnica,municipality,,SK0313,Dolný Kubín,SK031,Žilinský,49.19735,19.19251,484,484,02601
SK0313509990,Pokryváč,Pokryvac,municipality,,SK0313,Dolný Kubín,SK031,Žilinský,49.20247,19.39400,77,77,02601
SK0313510009,Pribiš,Pribis,municipality,,SK0313,Dolný Kubín,SK031,Žilinský,49.22031,19.40561,189,189,02741
SK0313510017,Pucov,Pucov,municipality,,SK0313,Dolný Kubín,SK031,Žilinský,49.21724,19.38092,307,307,02601
SK0313510041,Sedliacka Dubová,Sedliacka Dubova,municipality,,SK0313,Dolný Kubín,SK031,Žilinský,49.26104,19.42953,210,210,02755
SK0313510165,Veličná,Velicna,municipality,,SK0313,Dolný Kubín,SK031,Žilinský,49.20969,19.24666,675,675,02754
SK0313510181,Vyšný Kubín,Vysny Kubin,municipality,,SK0313,Dolný Kubín,SK031,Žilinský,49.18422,19.31611,339,339,02601
SK0313510211,Zázrivá,Zazriva,municipality,,SK0313,Dolný Kubín,SK031,Žilinský,49.27761,19.15341,1523,1523,02705
SK0313510254,Žaškov,Zaskov,municipality,,SK0313,Dolný Kubín,SK031,Žilinský,49.17085,19.21956,649,649,02721|02751
SK0313580813,Bziny,Bziny,municipality,,SK0313,Dolný Kubín,SK031,Žilinský,49.22708,19.32315,202,202,02601
SK0314509175,Dolný Vadičov,Dolny Vadicov,municipality,,SK0314,Kysucké Nové Mesto,SK031,Žilinský,49.26947,18.84748,277,277,02345
SK0314509205,Horný Vadičov,Horny Vadicov,municipality,,SK0314,Kysucké Nové Mesto,SK031,Žilinský,49.26752,18.88358,765,765,02345
SK0314509256,Kysucké Nové Mesto,Kysucke Nove Mesto,city,,SK0314,Kysucké Nové Mesto,SK031,Žilinský,49.30293,18.78118,3853,7706,02332|02336|02401|02404
SK0314509264,Kysucký Lieskovec,Kysucky Lieskovec,municipality,,SK0314,Kysucké Nové Mesto,SK031,Žilinský,49.33901,18.81579,833,833,02334
SK0314509272,Lodno,Lodno,municipality,,SK0314,Kysucké Nové Mesto,SK031,Žilinský,49.33539,18.86193,320,320,02334
SK0314509281,Lopušné Pažite,Lopusne Pazite,municipality,,SK0314,Kysucké Nové Mesto,SK031,Žilinský,49.27844,18.83075,166,166,02336
SK0314509302,Nesluša,Neslusa,municipality,,SK0314,Kysucké Nové Mesto,SK031,Žilinský,49.31565,18.74349,1320,1320,02341
SK0314509329,Ochodnica,Ochodnica,municipality,,SK0314,Kysucké Nové Mesto,SK031,Žilinský,49.34999,18.78773,837,837,02335
SK0314509370,Povina,Povina,municipality,,SK0314,Kysucké Nové Mesto,SK031,Žilinský,49.31051,18.81746,576,576,02333
SK0314509426,Rudina,Rudina,municipality,,SK0314,Kysucké Nové Mesto,SK031,Žilinský,49.28500,18.74632,611,611,02331
SK0314509434,Rudinka,Rudinka,municipality,,SK0314,Kysucké Nové Mesto,SK031,Žilinský,49.27248,18.74892,195,195,02331
SK0314509442,Rudinská,Rudinska,municipality,,SK0314,Kysucké Nové Mesto,SK031,Žilinský,49.31217,18.72002,401,401,02331
SK0314509469,Snežnica,Sneznica,municipality,,SK0314,Kysucké Nové Mesto,SK031,Žilinský,49.26330,18.78792,425,425,02332
SK0314580791,Radoľa,Radola,municipality,,SK0314,Kysucké Nové Mesto,SK031,Žilinský,49.29200,18.79216,674,674,02336
SK0315507393,Konská,Konska,municipality,,SK0315,Liptovský Mikuláš,SK031,Žilinský,49.11754,19.71726,119,119,03204
SK0315510262,Liptovský Mikuláš,Liptovsky Mikulas,city,,SK0315,Liptovský Mikuláš,SK031,Žilinský,49.08054,19.61263,8597,17194,03101|03104|03105
SK0315510271,Beňadiková,Benadikova,municipality,,SK0315,Liptovský Mikuláš,SK031,Žilinský,49.07729,19.68224,194,194,03204
SK0315510319,Bobrovček,Bobrovcek,municipality,,SK0315,Liptovský Mikuláš,SK031,Žilinský,49.14269,19.60152,106,106,03221
SK0315510327,Bobrovec,Bobrovec,municipality,,SK0315,Liptovský Mikuláš,SK031,Žilinský,49.11915,19.61210,828,828,03105|03221
SK0315510335,Bobrovník,Bobrovnik,municipality,,SK0315,Liptovský Mikuláš,SK031,Žilinský,49.11832,19.47807,142,142,03223
SK0315510351,Bukovina,Bukovina,municipality,,SK0315,Liptovský Mikuláš,SK031,Žilinský,49.13455,19.47085,88,88,03223
SK0315510386,Demänovská Dolina,Demanovska Dolina,municipality,,SK0315,Liptovský Mikuláš,SK031,Žilinský,48.98986,19.57635,453,453,03101
SK0315510408,Dúbrava,Dubrava,municipality,,SK0315,Liptovský Mikuláš,SK031,Žilinský,49.03834,19.49987,533,533,03212
SK0315510416,Galovany,Galovany,municipality,,SK0315,Liptovský Mikuláš,SK031,Žilinský,49.07220,19.53180,138,138,03211
SK0315510424,Gôtovany,Gotovany,municipality,,SK0315,Liptovský Mikuláš,SK031,Žilinský,49.06585,19.50084,215,215,03214
SK0315510459,Huty,Huty,municipality,,SK0315,Liptovský Mikuláš,SK031,Žilinský,49.21943,19.56778,248,248,02732
SK0315510467,Hybe,Hybe,municipality,,SK0315,Liptovský Mikuláš,SK031,Žilinský,49.04491,19.82788,650,650,03231|03233
SK0315510505,Jakubovany,Jakubovany,municipality,,SK0315,Liptovský Mikuláš,SK031,Žilinský,49.11094,19.72878,317,317,03204
SK0315510513,Jalovec,Jalovec,municipality,,SK0315,Liptovský Mikuláš,SK031,Žilinský,49.13788,19.63022,171,171,03221
SK0315510521,Jamník,Jamnik,municipality,,SK0315,Liptovský Mikuláš,SK031,Žilinský,49.08266,19.71588,366,366,03301
SK0315510564,Kráľova Lehota,Kralova Lehota,municipality,,SK0315,Liptovský Mikuláš,SK031,Žilinský,49.02159,19.79172,295,295,03233
SK0315510572,Kvačany,Kvacany,municipality,,SK0315,Liptovský Mikuláš,SK031,Žilinský,49.16592,19.53959,284,284,03223
SK0315510581,Lazisko,Lazisko,municipality,,SK0315,Liptovský Mikuláš,SK031,Žilinský,49.02774,19.54035,207,207,03211
SK0315510602,Liptovská Anna,Liptovska Anna,municipality,,SK0315,Liptovský Mikuláš,SK031,Žilinský,49.14665,19.46841,93,93,03223
SK0315510611,Liptovská Kokava,Liptovska Kokava,municipality,,SK0315,Liptovský Mikuláš,SK031,Žilinský,49.08851,19.81593,539,539,03244
SK0315510653,Liptovská Sielnica,Liptovska Sielnica,municipality,,SK0315,Liptovský Mikuláš,SK031,Žilinský,49.14469,19.51425,241,241,03223
SK0315510688,Liptovské Beharovce,Liptovske Beharovce,municipality,,SK0315,Liptovský Mikuláš,SK031,Žilinský,49.13770,19.57949,56,56,03221
SK0315510696,Liptovské Kľačany,Liptovske Klacany,municipality,,SK0315,Liptovský Mikuláš,SK031,Žilinský,49.03350,19.47409,213,213,03214
SK0315510700,Liptovské Matiašovce,Liptovske Matiasovce,municipality,,SK0315,Liptovský Mikuláš,SK031,Žilinský,49.15718,19.55327,174,174,03223
SK0315510726,Liptovský Hrádok,Liptovsky Hradok,city,,SK0315,Liptovský Mikuláš,SK031,Žilinský,49.04642,19.74141,1525,3050,03301
SK0315510734,Liptovský Ján,Liptovsky Jan,municipality,,SK0315,Liptovský Mikuláš,SK031,Žilinský,49.04036,19.67647,711,711,03203
SK0315510751,Liptovský Ondrej,Liptovsky Ondrej,municipality,,SK0315,Liptovský Mikuláš,SK031,Žilinský,49.09879,19.71285,285,285,03204
SK0315510777,Liptovský Trnovec,Liptovsky Trnovec,municipality,,SK0315,Liptovský Mikuláš,SK031,Žilinský,49.11842,19.54645,521,521,03101
SK0315510793,Ľubeľa,Lubela,municipality,,SK0315,Liptovský Mikuláš,SK031,Žilinský,49.05179,19.48107,513,513,03214
SK0315510831,Malatíny,Malatiny,municipality,,SK0315,Liptovský Mikuláš,SK031,Žilinský,49.06002,19.45552,151,151,03215
SK0315510840,Malé Borové,Male Borove,municipality,,SK0315,Liptovský Mikuláš,SK031,Žilinský,49.22621,19.53477,138,138,02732
SK0315510858,Malužiná,Maluzina,municipality,,SK0315,Liptovský Mikuláš,SK031,Žilinský,48.98023,19.77130,143,143,03234
SK0315510874,Nižná Boca,Nizna Boca,municipality,,SK0315,Liptovský Mikuláš,SK031,Žilinský,48.94968,19.76719,353,353,03234
SK0315510904,Partizánska Ľupča,Partizanska Lupca,municipality,,SK0315,Liptovský Mikuláš,SK031,Žilinský,49.06332,19.43454,771,771,03215
SK0315510912,Pavčina Lehota,Pavcina Lehota,municipality,,SK0315,Liptovský Mikuláš,SK031,Žilinský,49.03337,19.56365,271,271,03101
SK0315510921,Pavlova Ves,Pavlova Ves,municipality,,SK0315,Liptovský Mikuláš,SK031,Žilinský,49.13052,19.58377,92,92,03221
SK0315510947,Podtureň,Podturen,municipality,,SK0315,Liptovský Mikuláš,SK031,Žilinský,49.05390,19.69355,423,423,03301
SK0315510963,Pribylina,Pribylina,municipality,,SK0315,Liptovský Mikuláš,SK031,Žilinský,49.11598,19.82616,1232,1232,03242
SK0315510971,Prosiek,Prosiek,municipality,,SK0315,Liptovský Mikuláš,SK031,Žilinský,49.14695,19.50049,137,137,03223
SK0315511013,Smrečany,Smrecany,municipality,,SK0315,Liptovský Mikuláš,SK031,Žilinský,49.11809,19.65085,280,280,03205
SK0315511048,Svätý Kríž,Svaty Kriz,municipality,,SK0315,Liptovský Mikuláš,SK031,Žilinský,49.05004,19.53523,381,381,03211
SK0315511072,Trstené,Trstene,municipality,,SK0315,Liptovský Mikuláš,SK031,Žilinský,49.11376,19.62024,118,118,03221
SK0315511099,Uhorská Ves,Uhorska Ves,municipality,,SK0315,Liptovský Mikuláš,SK031,Žilinský,49.05929,19.68278,253,253,03203
SK0315511111,Vavrišovo,Vavrisovo,municipality,,SK0315,Liptovský Mikuláš,SK031,Žilinský,49.07027,19.75951,468,468,03242
SK0315511129,Važec,Vazec,municipality,,SK0315,Liptovský Mikuláš,SK031,Žilinský,49.05875,19.98115,983,983,03261
SK0315511137,Veľké Borové,Velke Borove,municipality,,SK0315,Liptovský Mikuláš,SK031,Žilinský,49.19994,19.51320,151,151,02732
SK0315511145,Veterná Poruba,Veterna Poruba,municipality,,SK0315,Liptovský Mikuláš,SK031,Žilinský,49.10959,19.67728,163,163,03104
SK0315511153,Vlachy,Vlachy,municipality,,SK0315,Liptovský Mikuláš,SK031,Žilinský,49.09214,19.47473,373,373,03213
SK0315511170,Východná,Vychodna,municipality,,SK0315,Liptovský Mikuláš,SK031,Žilinský,49.05953,19.88938,957,957,03232|03233
SK0315511188,Vyšná Boca,Vysna Boca,municipality,,SK0315,Liptovský Mikuláš,SK031,Žilinský,48.92378,19.75042,305,305,03234
SK0315511196,Závažná Poruba,Zavazna Poruba,municipality,,SK0315,Liptovský Mikuláš,SK031,Žilinský,49.05452,19.64884,705,705,03202
SK0315511200,Žiar,Ziar,municipality,,SK0315,Liptovský Mikuláš,SK031,Žilinský,49.13165,19.66672,295,295,03205
SK0315556807,Ižipovce,Izipovce,municipality,,SK0315,Liptovský Mikuláš,SK031,Žilinský,49.14143,19.49007,90,90,03223
SK0315558281,Liptovská Porúbka,Liptovska Porubka,municipality,,SK0315,Liptovský Mikuláš,SK031,Žilinský,49.02863,19.73693,630,630,03301
SK0315580287,Liptovský Peter,Liptovsky Peter,municipality,,SK0315,Liptovský Mikuláš,SK031,Žilinský,49.05348,19.73483,504,504,03301
SK0316512036,Martin,Martin,city,,SK0316,Martin,SK031,Žilinský,49.07998,18.91752,11109,22218,02352|03601|03861
SK0316512052,Belá-Dulice,Bela-Dulice,municipality,,SK0316,Martin,SK031,Žilinský,49.00220,18.97755,612,612,03811
SK0316512061,Benice,Benice,municipality,,SK0316,Martin,SK031,Žilinský,48.99478,18.87128,140,140,03842
SK0316512079,Blatnica,Blatnica,municipality,,SK0316,Martin,SK031,Žilinský,48.93648,18.92644,533,533,03815
SK0316512133,Bystrička,Bystricka,municipality,,SK0316,Martin,SK031,Žilinský,49.05051,18.87969,598,598,03804
SK0316512150,Ďanová,Danova,municipality,,SK0316,Martin,SK031,Žilinský,48.97627,18.91367,196,196,03842
SK0316512168,Diaková,Diakova,municipality,,SK0316,Martin,SK031,Žilinský,49.05150,18.96541,217,217,03802
SK0316512206,Dolný Kalník,Dolny Kalnik,municipality,,SK0316,Martin,SK031,Žilinský,49.04337,18.96330,129,129,03802
SK0316512214,Dražkovce,Drazkovce,municipality,,SK0316,Martin,SK031,Žilinský,49.05069,18.95757,379,379,03802
SK0316512257,Folkušová,Folkusova,municipality,,SK0316,Martin,SK031,Žilinský,48.96859,18.94800,77,77,03842
SK0316512290,Horný Kalník,Horny Kalnik,municipality,,SK0316,Martin,SK031,Žilinský,49.03336,18.96915,79,79,03802
SK0316512346,Karlová,Karlova,municipality,,SK0316,Martin,SK031,Žilinský,48.96121,18.90116,60,60,03815
SK0316512354,Kláštor pod Znievom,Klastor pod Znievom,municipality,,SK0316,Martin,SK031,Žilinský,48.97484,18.80519,708,708,03843
SK0316512371,Košťany nad Turcom,Kostany nad Turcom,municipality,,SK0316,Martin,SK031,Žilinský,49.02944,18.90408,580,580,03841
SK0316512389,Krpeľany,Krpelany,municipality,,SK0316,Martin,SK031,Žilinský,49.12368,19.08254,396,396,03854
SK0316512397,Laskár,Laskar,municipality,,SK0316,Martin,SK031,Žilinský,48.95851,18.87611,70,70,03843
SK0316512419,Ležiachov,Leziachov,municipality,,SK0316,Martin,SK031,Žilinský,48.97936,18.85758,87,87,03842
SK0316512435,Lipovec,Lipovec,municipality,,SK0316,Martin,SK031,Žilinský,49.12802,18.92636,419,419,03861
SK0316512478,Necpaly,Necpaly,municipality,,SK0316,Martin,SK031,Žilinský,48.98741,18.96574,427,427,03812
SK0316512486,Nolčovo,Nolcovo,municipality,,SK0316,Martin,SK031,Žilinský,49.10865,19.07694,125,125,03854
SK0316512508,Podhradie,Podhradie,municipality,,SK0316,Martin,SK031,Žilinský,49.08511,19.05515,301,301,03852
SK0316512524,Príbovce,Pribovce,municipality,,SK0316,Martin,SK031,Žilinský,48.99991,18.88443,406,406,03842
SK0316512541,Rakovo,Rakovo,municipality,,SK0316,Martin,SK031,Žilinský,48.98953,18.88109,208,208,03842
SK0316512567,Ratkovo,Ratkovo,municipality,,SK0316,Martin,SK031,Žilinský,49.13461,19.08560,87,87,03854
SK0316512583,Sklabiňa,Sklabina,municipality,,SK0316,Martin,SK031,Žilinský,49.04495,19.00219,255,255,03803
SK0316512591,Sklabinský Podzámok,Sklabinsky Podzamok,municipality,,SK0316,Martin,SK031,Žilinský,49.05275,19.02674,83,83,03803
SK0316512613,Slovany,Slovany,municipality,,SK0316,Martin,SK031,Žilinský,48.97135,18.82279,217,217,03843
SK0316512630,Socovce,Socovce,municipality,,SK0316,Martin,SK031,Žilinský,48.95045,18.86704,116,116,03843
SK0316512648,Sučany,Sucany,municipality,,SK0316,Martin,SK031,Žilinský,49.10096,18.99242,1531,1531,03852
SK0316512656,Šútovo,Sutovo,municipality,,SK0316,Martin,SK031,Žilinský,49.15190,19.08233,221,221,03854
SK0316512664,Trebostovo,Trebostovo,municipality,,SK0316,Martin,SK031,Žilinský,49.02465,18.85972,244,244,03841
SK0316512672,Trnovo,Trnovo,municipality,,SK0316,Martin,SK031,Žilinský,49.01511,18.85988,162,162,03841
SK0316512681,Turany,Turany,city,,SK0316,Martin,SK031,Žilinský,49.11455,19.03750,1545,3090,03853
SK0316512702,Turčianska Štiavnička,Turcianska Stiavnicka,municipality,,SK0316,Martin,SK031,Žilinský,49.08575,19.02311,381,381,03851
SK0316512711,Turčianske Kľačany,Turcianske Klacany,municipality,,SK0316,Martin,SK031,Žilinský,49.11747,18.94749,424,424,03861
SK0316512737,Turčiansky Ďur,Turciansky Dur,municipality,,SK0316,Martin,SK031,Žilinský,48.95316,18.84235,55,55,03843
SK0316512753,Turčiansky Peter,Turciansky Peter,municipality,,SK0316,Martin,SK031,Žilinský,49.03044,18.88955,188,188,03841
SK0316512761,Valča,Valca,municipality,,SK0316,Martin,SK031,Žilinský,49.00542,18.83812,923,923,03835
SK0316512796,Vrícko,Vricko,municipality,,SK0316,Martin,SK031,Žilinský,48.97042,18.70304,244,244,03831
SK0316512818,Záborie,Zaborie,municipality,,SK0316,Martin,SK031,Žilinský,49.03692,18.98454,87,87,03803
SK0316512834,Žabokreky,Zabokreky,municipality,,SK0316,Martin,SK031,Žilinský,49.02546,18.92286,424,424,03840
SK0316545961,Turčianske Jaseno,Turcianske Jaseno,municipality,,SK0316,Martin,SK031,Žilinský,49.02731,18.99280,233,233,03802
SK0316557358,Vrútky,Vrutky,city,,SK0316,Martin,SK031,Žilinský,49.11525,18.91241,2370,4740,03861
SK0317509558,Babín,Babin,municipality,,SK0317,Námestovo,SK031,Žilinský,49.33159,19.38238,441,441,02952
SK0317509566,Beňadovo,Benadovo,municipality,,SK0317,Námestovo,SK031,Žilinský,49.43136,19.34023,254,254,02963
SK0317509582,Bobrov,Bobrov,municipality,,SK0317,Námestovo,SK031,Žilinský,49.43007,19.54110,707,707,02942
SK0317509591,Breza,Breza,municipality,,SK0317,Námestovo,SK031,Žilinský,49.38758,19.38184,475,475,02953
SK0317509680,Hruštín,Hrustin,municipality,,SK0317,Námestovo,SK031,Žilinský,49.32430,19.34794,1103,1103,02952
SK0317509728,Klin,Klin,municipality,,SK0317,Námestovo,SK031,Žilinský,49.43996,19.48709,727,727,02941
SK0317509779,Krušetnica,Krusetnica,municipality,,SK0317,Námestovo,SK031,Žilinský,49.37460,19.33628,328,328,02954
SK0317509809,Lokca,Lokca,municipality,,SK0317,Námestovo,SK031,Žilinský,49.36542,19.41327,754,754,02951
SK0317509817,Lomná,Lomna,municipality,,SK0317,Námestovo,SK031,Žilinský,49.36058,19.30305,256,256,02954
SK0317509850,Mútne,Mutne,municipality,,SK0317,Námestovo,SK031,Žilinský,49.46646,19.32071,912,912,02963
SK0317509868,Námestovo,Namestovo,city,,SK0317,Námestovo,SK031,Žilinský,49.40882,19.47570,2204,4408,02901|02943
SK0317509884,Novoť,Novot,municipality,,SK0317,Námestovo,SK031,Žilinský,49.42947,19.26135,1084,1084,02955|02963
SK0317509892,Oravská Jasenica,Oravska Jasenica,municipality,,SK0317,Námestovo,SK031,Žilinský,49.39290,19.43838,658,658,02964
SK0317509906,Oravská Lesná,Oravska Lesna,municipality,,SK0317,Námestovo,SK031,Žilinský,49.36867,19.17171,1465,1465,02957
SK0317509914,Oravská Polhora,Oravska Polhora,municipality,,SK0317,Námestovo,SK031,Žilinský,49.52079,19.44691,1262,1262,02947
SK0317509931,Oravské Veselé,Oravske Vesele,municipality,,SK0317,Námestovo,SK031,Žilinský,49.47164,19.38113,1007,1007,02962
SK0317510025,Rabča,Rabca,municipality,,SK0317,Námestovo,SK031,Žilinský,49.48446,19.47688,1564,1564,02944
SK0317510033,Rabčice,Rabcice,municipality,,SK0317,Námestovo,SK031,Žilinský,49.50727,19.52120,716,716,02945
SK0317510050,Sihelné,Sihelne,municipality,,SK0317,Námestovo,SK031,Žilinský,49.50701,19.41688,649,649,02401|02946|02947
SK0317510092,Ťapešovo,Tapesovo,municipality,,SK0317,Námestovo,SK031,Žilinský,49.37609,19.44287,281,281,02951
SK0317510149,Vasiľov,Vasilov,municipality,,SK0317,Námestovo,SK031,Žilinský,49.34990,19.38516,258,258,02951
SK0317510157,Vavrečka,Vavrecka,municipality,,SK0317,Námestovo,SK031,Žilinský,49.38546,19.46684,531,531,02901
SK0317510203,Zákamenné,Zakamenne,municipality,,SK0317,Námestovo,SK031,Žilinský,49.38968,19.28408,1619,1619,02956
SK0317510246,Zubrohlava,Zubrohlava,municipality,,SK0317,Námestovo,SK031,Žilinský,49.44487,19.51412,826,826,02943
SK0318507300,Ivachnová,Ivachnova,municipality,,SK0318,Ružomberok,SK031,Žilinský,49.09440,19.41305,334,334,03483
SK0318507407,Turík,Turik,municipality,,SK0318,Ružomberok,SK031,Žilinský,49.10719,19.38251,128,128,03483
SK0318510301,Bešeňová,Besenova,municipality,,SK0318,Ružomberok,SK031,Žilinský,49.09976,19.43698,333,333,03483
SK0318510441,Hubová,Hubova,municipality,,SK0318,Ružomberok,SK031,Žilinský,49.11746,19.18597,418,418,03491
SK0318510530,Kalameny,Kalameny,municipality,,SK0318,Ružomberok,SK031,Žilinský,49.12629,19.41498,163,163,03482
SK0318510548,Komjatná,Komjatna,municipality,,SK0318,Ružomberok,SK031,Žilinský,49.14446,19.24404,527,527,03496
SK0318510599,Likavka,Likavka,municipality,,SK0318,Ružomberok,SK031,Žilinský,49.09233,19.30933,1109,1109,03401|03495
SK0318510629,Liptovská Lúžna,Liptovska Luzna,municipality,,SK0318,Ružomberok,SK031,Žilinský,48.93963,19.32310,1289,1289,03472
SK0318510637,Liptovská Osada,Liptovska Osada,municipality,,SK0318,Ružomberok,SK031,Žilinský,48.95062,19.26590,742,742,03473
SK0318510661,Liptovská Štiavnica,Liptovska Stiavnica,municipality,,SK0318,Ružomberok,SK031,Žilinský,49.05206,19.35298,658,658,03401
SK0318510670,Liptovská Teplá,Liptovska Tepla,municipality,,SK0318,Ružomberok,SK031,Žilinský,49.10213,19.41083,510,510,03483
SK0318510718,Liptovské Revúce,Liptovske Revuce,municipality,,SK0318,Ružomberok,SK031,Žilinský,48.92141,19.18136,747,747,03474
SK0318510742,Liptovský Michal,Liptovsky Michal,municipality,,SK0318,Ružomberok,SK031,Žilinský,49.09547,19.43796,134,134,03483
SK0318510785,Lisková,Liskova,municipality,,SK0318,Ružomberok,SK031,Žilinský,49.08954,19.35244,922,922,03481
SK0318510807,Ľubochňa,Lubochna,municipality,,SK0318,Ružomberok,SK031,Žilinský,49.11936,19.16610,407,407,03491
SK0318510815,Lúčky,Lucky,municipality,,SK0318,Ružomberok,SK031,Žilinský,49.12721,19.40356,674,674,03482
SK0318510823,Ludrová,Ludrova,municipality,,SK0318,Ružomberok,SK031,Žilinský,49.04643,19.33232,419,419,03471
SK0318510866,Martinček,Martincek,municipality,,SK0318,Ružomberok,SK031,Žilinský,49.09202,19.33663,160,160,03495
SK0318510955,Potok,Potok,municipality,,SK0318,Ružomberok,SK031,Žilinský,49.11251,19.44675,75,75,03483
SK0318510998,Ružomberok,Ruzomberok,city,,SK0318,Ružomberok,SK031,Žilinský,49.07061,19.29123,7056,14112,03401|03403|03406
SK0318511005,Liptovské Sliače,Liptovske Sliace,municipality,,SK0318,Ružomberok,SK031,Žilinský,49.06157,19.39177,1407,1407,03484
SK0318511030,Stankovany,Stankovany,municipality,,SK0318,Ružomberok,SK031,Žilinský,49.14584,19.16960,518,518,03492
SK0318511056,Štiavnička,Stiavnicka,municipality,,SK0318,Ružomberok,SK031,Žilinský,49.07294,19.34121,353,353,03401
SK0318511064,Švošov,Svosov,municipality,,SK0318,Ružomberok,SK031,Žilinský,49.12418,19.19653,282,282,03491
SK0318511102,Valaská Dubová,Valaska Dubova,municipality,,SK0318,Ružomberok,SK031,Žilinský,49.14120,19.29374,317,317,03496
SK0319512044,Abramová,Abramova,municipality,,SK0319,Turčianske Teplice,SK031,Žilinský,48.93513,18.79474,157,157,03822
SK0319512087,Blažovce,Blazovce,municipality,,SK0319,Turčianske Teplice,SK031,Žilinský,48.93811,18.84209,80,80,03844
SK0319512095,Bodorová,Bodorova,municipality,,SK0319,Turčianske Teplice,SK031,Žilinský,48.90602,18.84900,133,133,03845
SK0319512109,Borcová,Borcova,municipality,,SK0319,Turčianske Teplice,SK031,Žilinský,48.92820,18.83876,62,62,03844
SK0319512117,Brieštie,Briestie,municipality,,SK0319,Turčianske Teplice,SK031,Žilinský,48.91749,18.73601,125,125,03822
SK0319512125,Budiš,Budis,municipality,,SK0319,Turčianske Teplice,SK031,Žilinský,48.87218,18.75823,95,95,03823
SK0319512141,Čremošné,Cremosne,municipality,,SK0319,Turčianske Teplice,SK031,Žilinský,48.84746,18.90989,150,150,03901
SK0319512222,Dubové,Dubove,municipality,,SK0319,Turčianske Teplice,SK031,Žilinský,48.85748,18.79548,338,338,03823
SK0319512265,Háj,Haj,municipality,,SK0319,Turčianske Teplice,SK031,Žilinský,48.86306,18.88537,227,227,03901
SK0319512273,Horná Štubňa,Horna Stubna,municipality,,SK0319,Turčianske Teplice,SK031,Žilinský,48.82288,18.88605,598,598,03846
SK0319512303,Ivančiná,Ivancina,municipality,,SK0319,Turčianske Teplice,SK031,Žilinský,48.91079,18.81165,78,78,03845
SK0319512311,Jasenovo,Jasenovo,municipality,,SK0319,Turčianske Teplice,SK031,Žilinský,48.87854,18.72442,104,104,03822
SK0319512320,Jazernica,Jazernica,municipality,,SK0319,Turčianske Teplice,SK031,Žilinský,48.92668,18.83154,154,154,03844
SK0319512338,Kaľamenová,Kalamenova,municipality,,SK0319,Turčianske Teplice,SK031,Žilinský,48.88711,18.77633,62,62,03822
SK0319512427,Liešno,Liesno,municipality,,SK0319,Turčianske Teplice,SK031,Žilinský,48.88842,18.76492,33,33,03822
SK0319512443,Malý Čepčín,Maly Cepcin,municipality,,SK0319,Turčianske Teplice,SK031,Žilinský,48.90343,18.83951,193,193,03845
SK0319512451,Moškovec,Moskovec,municipality,,SK0319,Turčianske Teplice,SK031,Žilinský,48.94364,18.82785,41,41,03844
SK0319512460,Mošovce,Mosovce,municipality,,SK0319,Turčianske Teplice,SK031,Žilinský,48.90929,18.88691,722,722,03821
SK0319512494,Ondrašová,Ondrasova,municipality,,SK0319,Turčianske Teplice,SK031,Žilinský,48.94241,18.80672,49,49,03822
SK0319512559,Rakša,Raksa,municipality,,SK0319,Turčianske Teplice,SK031,Žilinský,48.88152,18.88148,116,116,03901
SK0319512575,Rudno,Rudno,municipality,,SK0319,Turčianske Teplice,SK031,Žilinský,48.88488,18.74639,124,124,03822
SK0319512605,Sklené,Sklene,municipality,,SK0319,Turčianske Teplice,SK031,Žilinský,48.78506,18.82684,419,419,03847
SK0319512621,Slovenské Pravno,Slovenske Pravno,municipality,,SK0319,Turčianske Teplice,SK031,Žilinský,48.90993,18.75928,350,350,03822
SK0319512699,Turček,Turcek,municipality,,SK0319,Turčianske Teplice,SK031,Žilinský,48.75828,18.92285,332,332,03848
SK0319512729,Turčianske Teplice,Turcianske Teplice,city,,SK0319,Turčianske Teplice,SK031,Žilinský,48.86630,18.85905,1727,3454,03901
SK0319512788,Veľký Čepčín,Velky Cepcin,municipality,,SK0319,Turčianske Teplice,SK031,Žilinský,48.89385,18.80843,131,131,03845
SK031A509604,Brezovica,Brezovica,municipality,,SK031A,Tvrdošín,SK031,Žilinský,49.34224,19.65217,472,472,02801
SK031A509655,Habovka,Habovka,municipality,,SK031A,Tvrdošín,SK031,Žilinský,49.27793,19.61053,496,496,02732
SK031A509663,Hladovka,Hladovka,municipality,,SK031A,Tvrdošín,SK031,Žilinský,49.36978,19.75789,369,369,02713
SK031A509795,Liesek,Liesek,municipality,,SK031A,Tvrdošín,SK031,Žilinský,49.36223,19.67447,939,939,02712
SK031A509876,Nižná,Nizna,municipality,,SK031A,Tvrdošín,SK031,Žilinský,49.30948,19.52033,1290,1290,02743
SK031A509949,Oravský Biely Potok,Oravsky Biely Potok,municipality,,SK031A,Tvrdošín,SK031,Žilinský,49.28609,19.55348,313,313,02742
SK031A509981,Podbiel,Podbiel,municipality,,SK031A,Tvrdošín,SK031,Žilinský,49.30795,19.48423,474,474,02742
SK031A510076,Suchá Hora,Sucha Hora,municipality,,SK031A,Tvrdošín,SK031,Žilinský,49.36622,19.78827,445,445,02713
SK031A510084,Štefanov nad Oravou,Stefanov nad Oravou,municipality,,SK031A,Tvrdošín,SK031,Žilinský,49.36306,19.53513,273,273,02744
SK031A510106,Trstená,Trstena,city,,SK031A,Tvrdošín,SK031,Žilinský,49.36167,19.61082,2094,4188,02801
SK031A510114,Tvrdošín,Tvrdosin,city,,SK031A,Tvrdošín,SK031,Žilinský,49.33108,19.55013,2124,4248,02744
SK031A510173,Vitanová,Vitanova,municipality,,SK031A,Tvrdošín,SK031,Žilinský,49.35513,19.72951,579,579,02712
SK031A510190,Zábiedovo,Zabiedovo,municipality,,SK031A,Tvrdošín,SK031,Žilinský,49.32050,19.60768,309,309,02801
SK031A510238,Zuberec,Zuberec,municipality,,SK031A,Tvrdošín,SK031,Žilinský,49.25984,19.62377,835,835,02732
SK031A518719,Čimhová,Cimhova,municipality,,SK031A,Tvrdošín,SK031,Žilinský,49.36203,19.69426,211,211,02712
SK031B517402,Žilina,Zilina,city,,SK031B,Žilina,SK031,Žilinský,49.21681,18.74125,13262,26524,01001|01003|01004|01007|01008|01009|01014|01015|02401
SK031B517429,Belá,Bela,municipality,,SK031B,Žilina,SK031,Žilinský,49.24310,18.95696,1307,1307,01305|01306
SK031B517470,Čičmany,Cicmany,municipality,,SK031B,Žilina,SK031,Žilinský,48.95530,18.51615,329,329,01315
SK031B517488,Divina,Divina,municipality,,SK031B,Žilina,SK031,Žilinský,49.28916,18.69269,803,803,01331
SK031B517496,Divinka,Divinka,municipality,,SK031B,Žilina,SK031,Žilinský,49.25779,18.70381,342,342,01331
SK031B517500,Dlhé Pole,Dlhe Pole,municipality,,SK031B,Žilina,SK031,Žilinský,49.30775,18.63118,1160,1160,01332
SK031B517518,Dolná Tižina,Dolna Tizina,municipality,,SK031B,Žilina,SK031,Žilinský,49.21574,18.91709,515,515,01304|01305
SK031B517526,Dolný Hričov,Dolny Hricov,municipality,,SK031B,Žilina,SK031,Žilinský,49.23023,18.63443,567,567,01341
SK031B517542,Fačkov,Fackov,municipality,,SK031B,Žilina,SK031,Žilinský,49.01034,18.60059,423,423,01315
SK031B517551,Gbeľany,Gbelany,municipality,,SK031B,Žilina,SK031,Žilinský,49.21425,18.84638,538,538,01302
SK031B517577,Hôrky,Horky,municipality,,SK031B,Žilina,SK031,Žilinský,49.20621,18.69086,376,376,01004
SK031B517593,Horný Hričov,Horny Hricov,municipality,,SK031B,Žilina,SK031,Žilinský,49.25593,18.66097,494,494,01342
SK031B517640,Jasenové,Jasenove,municipality,,SK031B,Žilina,SK031,Žilinský,49.11043,18.63672,232,232,01319
SK031B517658,Kamenná Poruba,Kamenna Poruba,municipality,,SK031B,Žilina,SK031,Žilinský,49.09115,18.68675,585,585,01314
SK031B517682,Konská,Konska,municipality,,SK031B,Žilina,SK031,Žilinský,49.11614,18.67855,554,554,01313
SK031B517704,Kotrčiná Lúčka,Kotrcina Lucka,municipality,,SK031B,Žilina,SK031,Žilinský,49.25081,18.83787,264,264,01302
SK031B517712,Krasňany,Krasnany,municipality,,SK031B,Žilina,SK031,Žilinský,49.21267,18.88764,502,502,01303
SK031B517721,Kunerad,Kunerad,municipality,,SK031B,Žilina,SK031,Žilinský,49.09971,18.70981,399,399,01313
SK031B517739,Lietava,Lietava,municipality,,SK031B,Žilina,SK031,Žilinský,49.16956,18.67969,619,619,01318
SK031B517755,Lietavská Svinná-Babkov,Lietavska Svinna-Babkov,municipality,,SK031B,Žilina,SK031,Žilinský,49.15325,18.66605,632,632,01311
SK031B517763,Lutiše,Lutise,municipality,,SK031B,Žilina,SK031,Žilinský,49.29010,18.95724,392,392,01305
SK031B517771,Lysica,Lysica,municipality,,SK031B,Žilina,SK031,Žilinský,49.24379,18.91875,408,408,01305
SK031B517780,Malá Čierna,Mala Cierna,municipality,,SK031B,Žilina,SK031,Žilinský,49.10309,18.59787,143,143,01501
SK031B517801,Mojš,Mojs,municipality,,SK031B,Žilina,SK031,Žilinský,49.20160,18.82170,529,529,01001
SK031B517828,Nededza,Nededza,municipality,,SK031B,Žilina,SK031,Žilinský,49.22128,18.83653,304,304,01302
SK031B517879,Podhorie,Podhorie,municipality,,SK031B,Žilina,SK031,Žilinský,49.17284,18.64511,401,401,01318
SK031B517917,Rajec,Rajec,city,,SK031B,Žilina,SK031,Žilinský,49.08648,18.63741,1497,2994,01501
SK031B517925,Rajecká Lesná,Rajecka Lesna,municipality,,SK031B,Žilina,SK031,Žilinský,49.04282,18.63931,658,658,01315
SK031B517933,Rajecké Teplice,Rajecke Teplice,city,,SK031B,Žilina,SK031,Žilinský,49.12815,18.68984,1330,2660,01313
SK031B517941,Rosina,Rosina,municipality,,SK031B,Žilina,SK031,Žilinský,49.18192,18.76802,1218,1218,01322
SK031B517950,Stráňavy,Stranavy,municipality,,SK031B,Žilina,SK031,Žilinský,49.17344,18.82057,574,574,01325
SK031B517968,Stránske,Stranske,municipality,,SK031B,Žilina,SK031,Žilinský,49.11648,18.70795,487,487,01313
SK031B517976,Stráža,Straza,municipality,,SK031B,Žilina,SK031,Žilinský,49.22547,18.90859,239,239,01304
SK031B517984,Strečno,Strecno,municipality,,SK031B,Žilina,SK031,Žilinský,49.18762,18.86313,878,878,01324|01325
SK031B518000,Svederník,Svedernik,municipality,,SK031B,Žilina,SK031,Žilinský,49.26465,18.64647,776,776,01332
SK031B518034,Teplička nad Váhom,Teplicka nad Vahom,municipality,,SK031B,Žilina,SK031,Žilinský,49.22474,18.79334,1453,1453,01301
SK031B518042,Terchová,Terchova,municipality,,SK031B,Žilina,SK031,Žilinský,49.26524,19.03974,2180,2180,01306
SK031B518051,Turie,Turie,municipality,,SK031B,Žilina,SK031,Žilinský,49.14856,18.75082,755,755,01312
SK031B518069,Varín,Varin,municipality,,SK031B,Žilina,SK031,Žilinský,49.20191,18.87147,1454,1454,01303
SK031B518077,Veľká Čierna,Velka Cierna,municipality,,SK031B,Žilina,SK031,Žilinský,49.09070,18.58962,150,150,01501
SK031B518093,Višňové,Visnove,municipality,,SK031B,Žilina,SK031,Žilinský,49.16216,18.78347,1033,1033,01323
SK031B518131,Zbyňov,Zbynov,municipality,,SK031B,Žilina,SK031,Žilinský,49.11982,18.64832,329,329,01319
SK031B547522,Bitarová,Bitarova,municipality,,SK031B,Žilina,SK031,Žilinský,49.20821,18.67288,322,322,01004
SK031B547557,Brezany,Brezany,municipality,,SK031B,Žilina,SK031,Žilinský,49.18944,18.67282,224,224,01004
SK031B547590,Hričovské Podhradie,Hricovske Podhradie,municipality,,SK031B,Žilina,SK031,Žilinský,49.22119,18.62168,137,137,01341
SK031B547611,Ovčiarsko,Ovciarsko,municipality,,SK031B,Žilina,SK031,Žilinský,49.22426,18.66336,266,266,01004
SK031B547620,Paština Závada,Pastina Zavada,municipality,,SK031B,Žilina,SK031,Žilinský,49.21137,18.63824,82,82,01341
SK031B557935,Lietavská Lúčka,Lietavska Lucka,municipality,,SK031B,Žilina,SK031,Žilinský,49.17551,18.72122,910,910,01311
SK031B557960,Porúbka,Porubka,municipality,,SK031B,Žilina,SK031,Žilinský,49.15537,18.72528,217,217,01311
SK031B557986,Ďurčiná,Durcina,municipality,,SK031B,Žilina,SK031,Žilinský,49.06345,18.65326,404,404,01501
SK031B557994,Kľače,Klace,municipality,,SK031B,Žilina,SK031,Žilinský,49.10687,18.64647,154,154,01319
SK031B558168,Nezbudská Lúčka,Nezbudska Lucka,municipality,,SK031B,Žilina,SK031,Žilinský,49.17691,18.86636,206,206,01324
SK031B581712,Šuja,Suja,municipality,,SK031B,Žilina,SK031,Žilinský,49.06998,18.62934,145,145,01501
SK0321508438,Banská Bystrica,Banska Bystrica,city,,SK0321,Banská Bystrica,SK032,Banskobystrický,48.73460,19.13891,15620,31240,97401|97404|97405|97409|97411|97634
SK0321508454,Badín,Badin,municipality,,SK0321,Banská Bystrica,SK032,Banskobystrický,48.66619,19.12038,988,988,97405|97632
SK0321508471,Baláže,Balaze,municipality,,SK0321,Banská Bystrica,SK032,Banskobystrický,48.81495,19.19530,109,109,97611
SK0321508519,Čerín,Cerin,municipality,,SK0321,Banská Bystrica,SK032,Banskobystrický,48.66263,19.24638,247,247,97401
SK0321508543,Dolná Mičiná,Dolna Micina,municipality,,SK0321,Banská Bystrica,SK032,Banskobystrický,48.67391,19.22242,196,196,97401
SK0321508551,Dolný Harmanec,Dolny Harmanec,municipality,,SK0321,Banská Bystrica,SK032,Banskobystrický,48.80815,19.05416,135,135,97603
SK0321508560,Donovaly,Donovaly,municipality,,SK0321,Banská Bystrica,SK032,Banskobystrický,48.87619,19.22683,800,800,97639
SK0321508586,Dúbravica,Dubravica,municipality,,SK0321,Banská Bystrica,SK032,Banskobystrický,48.67871,19.27351,134,134,97633
SK0321508594,Harmanec,Harmanec,municipality,,SK0321,Banská Bystrica,SK032,Banskobystrický,48.79555,19.07462,69,69,97603
SK0321508616,Hiadeľ,Hiadel,municipality,,SK0321,Banská Bystrica,SK032,Banskobystrický,48.80811,19.31656,240,240,97661
SK0321508632,Horná Mičiná,Horna Micina,municipality,,SK0321,Banská Bystrica,SK032,Banskobystrický,48.69900,19.21291,276,276,97401
SK0321508641,Horné Pršany,Horne Prsany,municipality,,SK0321,Banská Bystrica,SK032,Banskobystrický,48.69944,19.08424,162,162,97405
SK0321508659,Hrochoť,Hrochot,municipality,,SK0321,Banská Bystrica,SK032,Banskobystrický,48.65556,19.31257,498,498,97637
SK0321508675,Brusno,Brusno,municipality,,SK0321,Banská Bystrica,SK032,Banskobystrický,48.79269,19.38382,755,755,97662
SK0321508713,Kordíky,Kordiky,municipality,,SK0321,Banská Bystrica,SK032,Banskobystrický,48.77234,19.02628,296,296,97634
SK0321508721,Králiky,Kraliky,municipality,,SK0321,Banská Bystrica,SK032,Banskobystrický,48.73623,19.03284,419,419,97634
SK0321508748,Ľubietová,Lubietova,municipality,,SK0321,Banská Bystrica,SK032,Banskobystrický,48.74676,19.36471,759,759,97655
SK0321508756,Lučatín,Lucatin,municipality,,SK0321,Banská Bystrica,SK032,Banskobystrický,48.78297,19.31944,286,286,97661
SK0321508764,Medzibrod,Medzibrod,municipality,,SK0321,Banská Bystrica,SK032,Banskobystrický,48.79413,19.35461,533,533,97696
SK0321508781,Môlča,Molca,municipality,,SK0321,Banská Bystrica,SK032,Banskobystrický,48.71199,19.22959,144,144,97401
SK0321508799,Moštenica,Mostenica,municipality,,SK0321,Banská Bystrica,SK032,Banskobystrický,48.81588,19.28474,231,231,97613
SK0321508802,Motyčky,Motycky,municipality,,SK0321,Banská Bystrica,SK032,Banskobystrický,48.86143,19.17702,89,89,97602
SK0321508837,Oravce,Oravce,municipality,,SK0321,Banská Bystrica,SK032,Banskobystrický,48.68467,19.26296,75,75,97633
SK0321508861,Podkonice,Podkonice,municipality,,SK0321,Banská Bystrica,SK032,Banskobystrický,48.79992,19.25681,373,373,97613
SK0321508896,Pohronský Bukovec,Pohronsky Bukovec,municipality,,SK0321,Banská Bystrica,SK032,Banskobystrický,48.83706,19.37811,76,76,97662
SK0321508918,Poniky,Poniky,municipality,,SK0321,Banská Bystrica,SK032,Banskobystrický,48.70962,19.29193,766,766,97633
SK0321508926,Povrazník,Povraznik,municipality,,SK0321,Banská Bystrica,SK032,Banskobystrický,48.71637,19.36524,88,88,97655
SK0321508942,Priechod,Priechod,municipality,,SK0321,Banská Bystrica,SK032,Banskobystrický,48.78118,19.23402,368,368,97611
SK0321508969,Riečka,Riecka,municipality,,SK0321,Banská Bystrica,SK032,Banskobystrický,48.75576,19.07249,354,354,97401|97634
SK0321508977,Sebedín-Bečov,Sebedin-Becov,municipality,,SK0321,Banská Bystrica,SK032,Banskobystrický,48.63948,19.24014,152,152,97401
SK0321508985,Selce,Selce,municipality,,SK0321,Banská Bystrica,SK032,Banskobystrický,48.76348,19.20313,855,855,97611
SK0321509001,Slovenská Ľupča,Slovenska Lupca,municipality,,SK0321,Banská Bystrica,SK032,Banskobystrický,48.76678,19.27409,1207,1207,97613
SK0321509019,Staré Hory,Stare Hory,municipality,,SK0321,Banská Bystrica,SK032,Banskobystrický,48.84018,19.12272,441,441,97602
SK0321509027,Strelníky,Strelniky,municipality,,SK0321,Banská Bystrica,SK032,Banskobystrický,48.72219,19.39382,322,322,97655
SK0321509035,Špania Dolina,Spania Dolina,municipality,,SK0321,Banská Bystrica,SK032,Banskobystrický,48.80708,19.13164,237,237,97401
SK0321509060,Tajov,Tajov,municipality,,SK0321,Banská Bystrica,SK032,Banskobystrický,48.74577,19.06609,511,511,97634
SK0321557269,Turecká,Turecka,municipality,,SK0321,Banská Bystrica,SK032,Banskobystrický,48.85054,19.08561,178,178,97602
SK0321557277,Kynceľová,Kyncelova,municipality,,SK0321,Banská Bystrica,SK032,Banskobystrický,48.75104,19.18620,165,165,97401
SK0321557285,Nemce,Nemce,municipality,,SK0321,Banská Bystrica,SK032,Banskobystrický,48.76211,19.18576,333,333,97401
SK0321557293,Vlkanová,Vlkanova,municipality,,SK0321,Banská Bystrica,SK032,Banskobystrický,48.66754,19.14930,532,532,97631
SK0321580236,Hronsek,Hronsek,municipality,,SK0321,Banská Bystrica,SK032,Banskobystrický,48.65113,19.15729,331,331,97631
SK0321580244,Malachov,Malachov,municipality,,SK0321,Banská Bystrica,SK032,Banskobystrický,48.71004,19.08772,557,557,97405
SK0322516597,Svätý Anton,Svaty Anton,municipality,,SK0322,Banská Štiavnica,SK032,Banskobystrický,48.41846,18.93902,688,688,96972
SK0322516601,Baďan,Badan,municipality,,SK0322,Banská Štiavnica,SK032,Banskobystrický,48.33228,18.84459,135,135,96901
SK0322516627,Banská Belá,Banska Bela,municipality,,SK0322,Banská Štiavnica,SK032,Banskobystrický,48.47494,18.93502,575,575,96615
SK0322516643,Banská Štiavnica,Banska Stiavnica,city,,SK0322,Banská Štiavnica,SK032,Banskobystrický,48.45163,18.90377,4202,8404,96615|96901
SK0322516651,Banský Studenec,Bansky Studenec,municipality,,SK0322,Banská Štiavnica,SK032,Banskobystrický,48.44767,18.97468,480,480,96901
SK0322516678,Beluj,Beluj,municipality,,SK0322,Banská Štiavnica,SK032,Banskobystrický,48.35215,18.89233,176,176,96901
SK0322516716,Dekýš,Dekys,municipality,,SK0322,Banská Štiavnica,SK032,Banskobystrický,48.39646,18.81531,147,147,96901
SK0322516856,Ilija,Ilija,municipality,,SK0322,Banská Štiavnica,SK032,Banskobystrický,48.41915,18.89987,264,264,96901
SK0322516953,Kozelník,Kozelnik,municipality,,SK0322,Banská Štiavnica,SK032,Banskobystrický,48.51254,18.99828,106,106,96615
SK0322517071,Močiar,Mociar,municipality,,SK0322,Banská Štiavnica,SK032,Banskobystrický,48.54134,18.94639,140,140,96982
SK0322517143,Podhorie,Podhorie,municipality,,SK0322,Banská Štiavnica,SK032,Banskobystrický,48.49806,18.92275,231,231,96982
SK0322517160,Počúvadlo,Pocuvadlo,municipality,,SK0322,Banská Štiavnica,SK032,Banskobystrický,48.36615,18.83431,145,145,96901
SK0322517178,Prenčov,Prencov,municipality,,SK0322,Banská Štiavnica,SK032,Banskobystrický,48.36012,18.92361,364,364,96973
SK0322517283,Štiavnické Bane,Stiavnicke Bane,municipality,,SK0322,Banská Štiavnica,SK032,Banskobystrický,48.43786,18.86297,917,917,96901|96981
SK0322517372,Vysoká,Vysoka,municipality,,SK0322,Banská Štiavnica,SK032,Banskobystrický,48.41239,18.79013,103,103,96901
SK0323508446,Bacúch,Bacuch,municipality,,SK0323,Brezno,SK032,Banskobystrický,48.85669,19.80652,490,490,97664
SK0323508462,Beňuš,Benus,municipality,,SK0323,Brezno,SK032,Banskobystrický,48.82856,19.74970,583,583,97664
SK0323508489,Braväcovo,Bravacovo,municipality,,SK0323,Brezno,SK032,Banskobystrický,48.84017,19.74718,354,354,97664
SK0323508497,Brezno,Brezno,city,,SK0323,Brezno,SK032,Banskobystrický,48.80177,19.64228,4670,9340,97657|97701|97703
SK0323508527,Čierny Balog,Cierny Balog,municipality,,SK0323,Brezno,SK032,Banskobystrický,48.74327,19.66589,2068,2068,97652
SK0323508535,Dolná Lehota,Dolna Lehota,municipality,,SK0323,Brezno,SK032,Banskobystrický,48.83594,19.50769,420,420,97698
SK0323508578,Drábsko,Drabsko,municipality,,SK0323,Brezno,SK032,Banskobystrický,48.65489,19.65871,206,206,97653
SK0323508608,Heľpa,Helpa,municipality,,SK0323,Brezno,SK032,Banskobystrický,48.86328,19.97019,1016,1016,97668
SK0323508624,Horná Lehota,Horna Lehota,municipality,,SK0323,Brezno,SK032,Banskobystrický,48.85716,19.56748,924,924,97681
SK0323508667,Hronec,Hronec,municipality,,SK0323,Brezno,SK032,Banskobystrický,48.79646,19.57732,778,778,97645
SK0323508691,Jarabá,Jaraba,municipality,,SK0323,Brezno,SK032,Banskobystrický,48.89206,19.70128,171,171,97701
SK0323508705,Jasenie,Jasenie,municipality,,SK0323,Brezno,SK032,Banskobystrický,48.83552,19.45998,543,543,97675
SK0323508730,Lom nad Rimavicou,Lom nad Rimavicou,municipality,,SK0323,Brezno,SK032,Banskobystrický,48.64246,19.65756,195,195,97653
SK0323508772,Michalová,Michalova,municipality,,SK0323,Brezno,SK032,Banskobystrický,48.76303,19.78112,496,496,97657
SK0323508811,Mýto pod Ďumbierom,Myto pod Dumbierom,municipality,,SK0323,Brezno,SK032,Banskobystrický,48.85494,19.63290,600,600,97644
SK0323508829,Nemecká,Nemecka,municipality,,SK0323,Brezno,SK032,Banskobystrický,48.81369,19.42510,771,771,97697
SK0323508845,Osrblie,Osrblie,municipality,,SK0323,Brezno,SK032,Banskobystrický,48.75560,19.52519,292,292,97645
SK0323508853,Podbrezová,Podbrezova,municipality,,SK0323,Brezno,SK032,Banskobystrický,48.81063,19.52368,1266,1266,97681|97698
SK0323508870,Pohorelá,Pohorela,municipality,,SK0323,Brezno,SK032,Banskobystrický,48.86265,20.01656,963,963,97669
SK0323508888,Pohronská Polhora,Pohronska Polhora,municipality,,SK0323,Brezno,SK032,Banskobystrický,48.75604,19.79966,642,642,97656
SK0323508900,Polomka,Polomka,municipality,,SK0323,Brezno,SK032,Banskobystrický,48.85380,19.85393,1278,1278,97666
SK0323508934,Predajná,Predajna,municipality,,SK0323,Brezno,SK032,Banskobystrický,48.81481,19.46113,498,498,97663|97675
SK0323508951,Ráztoka,Raztoka,municipality,,SK0323,Brezno,SK032,Banskobystrický,48.82144,19.40195,185,185,97697
SK0323508993,Sihla,Sihla,municipality,,SK0323,Brezno,SK032,Banskobystrický,48.65800,19.64127,125,125,97653
SK0323509043,Šumiac,Sumiac,municipality,,SK0323,Brezno,SK032,Banskobystrický,48.83954,20.13013,758,758,97671
SK0323509051,Telgárt,Telgart,municipality,,SK0323,Brezno,SK032,Banskobystrický,48.85157,20.18697,553,553,97673
SK0323509086,Valaská,Valaska,municipality,,SK0323,Brezno,SK032,Banskobystrický,48.80999,19.56994,1224,1224,97646|97681|97698
SK0323509094,Vaľkovňa,Valkovna,municipality,,SK0323,Brezno,SK032,Banskobystrický,48.83399,20.06826,156,156,97669
SK0323509124,Závadka nad Hronom,Zavadka nad Hronom,municipality,,SK0323,Brezno,SK032,Banskobystrický,48.85075,19.91431,809,809,97667
SK0323557251,Bystrá,Bystra,municipality,,SK0323,Brezno,SK032,Banskobystrický,48.84987,19.60501,290,290,97701
SK0324511510,Látky,Latky,municipality,,SK0324,Detva,SK032,Banskobystrický,48.58392,19.64347,941,941,98545
SK0324511731,Podkriváň,Podkrivan,municipality,,SK0324,Detva,SK032,Banskobystrický,48.52002,19.47322,553,553,98551
SK0324518263,Detva,Detva,city,,SK0324,Detva,SK032,Banskobystrický,48.54861,19.41528,4752,9504,96212
SK0324518271,Detvianska Huta,Detvianska Huta,municipality,,SK0324,Detva,SK032,Banskobystrický,48.57227,19.59743,696,696,96205
SK0324518379,Dúbravy,Dubravy,municipality,,SK0324,Detva,SK032,Banskobystrický,48.59167,19.36607,606,606,96212
SK0324518450,Horný Tisovník,Horny Tisovnik,municipality,,SK0324,Detva,SK032,Banskobystrický,48.43263,19.34830,354,354,96275
SK0324518468,Hriňová,Hrinova,city,,SK0324,Detva,SK032,Banskobystrický,48.57707,19.51449,3817,7634,96205|97653
SK0324518492,Klokoč,Klokoc,municipality,,SK0324,Detva,SK032,Banskobystrický,48.50403,19.33799,367,367,96225
SK0324518549,Kriváň,Krivan,municipality,,SK0324,Detva,SK032,Banskobystrický,48.52892,19.44711,751,751,96204
SK0324518794,Slatinské Lazy,Slatinske Lazy,municipality,,SK0324,Detva,SK032,Banskobystrický,48.50248,19.30378,328,328,96225
SK0324518816,Stará Huta,Stara Huta,municipality,,SK0324,Detva,SK032,Banskobystrický,48.47128,19.34410,436,436,96225
SK0324518824,Stožok,Stozok,municipality,,SK0324,Detva,SK032,Banskobystrický,48.52964,19.35932,643,643,96212|96225
SK0324518921,Vígľaš,Viglas,municipality,,SK0324,Detva,SK032,Banskobystrický,48.55228,19.30026,843,843,96202|96212
SK0324518930,Vígľašská Huta-Kalinka,Viglasska Huta-Kalinka,municipality,,SK0324,Detva,SK032,Banskobystrický,48.48938,19.27591,330,330,96225
SK0324580520,Korytárky,Korytarky,municipality,,SK0324,Detva,SK032,Banskobystrický,48.54728,19.47225,724,724,96204
SK0325518212,Bzovík,Bzovik,municipality,,SK0325,Krupina,SK032,Banskobystrický,48.32112,19.09129,496,496,96241
SK0325518239,Cerovo,Cerovo,municipality,,SK0325,Krupina,SK032,Banskobystrický,48.25340,19.17211,326,326,96252
SK0325518247,Čabradský Vrbovok,Cabradsky Vrbovok,municipality,,SK0325,Krupina,SK032,Banskobystrický,48.25574,19.08404,204,204,96251
SK0325518255,Čekovce,Cekovce,municipality,,SK0325,Krupina,SK032,Banskobystrický,48.35565,19.12343,265,265,96241
SK0325518280,Devičie,Devicie,municipality,,SK0325,Krupina,SK032,Banskobystrický,48.30899,19.02600,184,184,96265
SK0325518301,Dolné Mladonice,Dolne Mladonice,municipality,,SK0325,Krupina,SK032,Banskobystrický,48.34000,19.13094,142,142,96241
SK0325518310,Dolný Badín,Dolny Badin,municipality,,SK0325,Krupina,SK032,Banskobystrický,48.26833,19.06606,177,177,96251
SK0325518336,Domaníky,Domaniky,municipality,,SK0325,Krupina,SK032,Banskobystrický,48.26358,18.98984,100,100,96265
SK0325518344,Drážovce,Drazovce,municipality,,SK0325,Krupina,SK032,Banskobystrický,48.25178,18.90658,72,72,96268
SK0325518352,Drienovo,Drienovo,municipality,,SK0325,Krupina,SK032,Banskobystrický,48.22997,19.06283,149,149,96251
SK0325518387,Dudince,Dudince,city,,SK0325,Krupina,SK032,Banskobystrický,48.16906,18.88899,730,1460,96271
SK0325518409,Hontianske Moravce,Hontianske Moravce,municipality,,SK0325,Krupina,SK032,Banskobystrický,48.18698,18.84891,380,380,96271
SK0325518417,Hontianske Nemce,Hontianske Nemce,municipality,,SK0325,Krupina,SK032,Banskobystrický,48.29107,18.98698,928,928,96265
SK0325518425,Hontianske Tesáre,Hontianske Tesare,municipality,,SK0325,Krupina,SK032,Banskobystrický,48.20771,18.92336,660,660,96268
SK0325518433,Horné Mladonice,Horne Mladonice,municipality,,SK0325,Krupina,SK032,Banskobystrický,48.34802,19.15323,168,168,96243
SK0325518441,Horný Badín,Horny Badin,municipality,,SK0325,Krupina,SK032,Banskobystrický,48.27836,19.07476,126,126,96251
SK0325518484,Jalšovík,Jalsovik,municipality,,SK0325,Krupina,SK032,Banskobystrický,48.31699,19.10570,189,189,96241
SK0325518514,Kozí Vrbovok,Kozi Vrbovok,municipality,,SK0325,Krupina,SK032,Banskobystrický,48.30073,19.11689,99,99,96241
SK0325518531,Kráľovce-Krnišov,Kralovce-Krnisov,municipality,,SK0325,Krupina,SK032,Banskobystrický,48.35144,18.97586,138,138,96265
SK0325518557,Krupina,Krupina,city,,SK0325,Krupina,SK032,Banskobystrický,48.35753,19.06349,3404,6808,96301
SK0325518565,Lackov,Lackov,municipality,,SK0325,Krupina,SK032,Banskobystrický,48.32353,19.18912,80,80,96244
SK0325518573,Ladzany,Ladzany,municipality,,SK0325,Krupina,SK032,Banskobystrický,48.26721,18.90461,231,231,96265
SK0325518603,Lišov,Lisov,municipality,,SK0325,Krupina,SK032,Banskobystrický,48.22735,18.86522,187,187,96271
SK0325518611,Litava,Litava,municipality,,SK0325,Krupina,SK032,Banskobystrický,48.29316,19.18461,435,435,96244
SK0325518646,Medovarce,Medovarce,municipality,,SK0325,Krupina,SK032,Banskobystrický,48.23369,19.00192,157,157,96265
SK0325518701,Rykynčice,Rykyncice,municipality,,SK0325,Krupina,SK032,Banskobystrický,48.20019,18.97100,478,478,96255
SK0325518735,Sebechleby,Sebechleby,municipality,,SK0325,Krupina,SK032,Banskobystrický,48.27874,18.94912,703,703,96266
SK0325518743,Selce,Selce,municipality,,SK0325,Krupina,SK032,Banskobystrický,48.25550,19.04243,107,107,96251
SK0325518751,Senohrad,Senohrad,municipality,,SK0325,Krupina,SK032,Banskobystrický,48.35733,19.19899,511,511,96243
SK0325518832,Sudince,Sudince,municipality,,SK0325,Krupina,SK032,Banskobystrický,48.21324,18.87326,80,80,96271
SK0325518841,Súdovce,Sudovce,municipality,,SK0325,Krupina,SK032,Banskobystrický,48.21042,18.83474,172,172,96271
SK0325518867,Terany,Terany,municipality,,SK0325,Krupina,SK032,Banskobystrický,48.18145,18.89800,340,340,96268
SK0325518883,Trpín,Trpin,municipality,,SK0325,Krupina,SK032,Banskobystrický,48.29482,19.13732,77,77,96244
SK0325518905,Uňatín,Unatin,municipality,,SK0325,Krupina,SK032,Banskobystrický,48.29541,19.06313,127,127,96241
SK0325518956,Zemiansky Vrbovok,Zemiansky Vrbovok,municipality,,SK0325,Krupina,SK032,Banskobystrický,48.32523,19.14401,103,103,96241
SK0325518999,Žibritov,Zibritov,municipality,,SK0325,Krupina,SK032,Banskobystrický,48.39105,18.98255,126,126,96301
SK0326511218,Lučenec,Lucenec,city,,SK0326,Lučenec,SK032,Banskobystrický,48.33078,19.66114,7727,15454,97646|98401|98403
SK0326511226,Ábelová,Abelova,municipality,,SK0326,Lučenec,SK032,Banskobystrický,48.41626,19.41736,379,379,98513
SK0326511234,Belina,Belina,municipality,,SK0326,Lučenec,SK032,Banskobystrický,48.24267,19.84984,226,226,98601
SK0326511251,Boľkovce,Bolkovce,municipality,,SK0326,Lučenec,SK032,Banskobystrický,48.33762,19.73635,350,350,98401
SK0326511277,Budiná,Budina,municipality,,SK0326,Lučenec,SK032,Banskobystrický,48.46978,19.46072,288,288,98512|98551
SK0326511293,Buzitka,Buzitka,municipality,,SK0326,Lučenec,SK032,Banskobystrický,48.31579,19.80678,204,204,98541
SK0326511323,Čakanovce,Cakanovce,municipality,,SK0326,Lučenec,SK032,Banskobystrický,48.21323,19.81430,329,329,98558
SK0326511331,Čamovce,Camovce,municipality,,SK0326,Lučenec,SK032,Banskobystrický,48.24984,19.88503,178,178,98601
SK0326511358,Divín,Divin,municipality,,SK0326,Lučenec,SK032,Banskobystrický,48.44930,19.53336,976,976,98552
SK0326511366,Dobroč,Dobroc,municipality,,SK0326,Lučenec,SK032,Banskobystrický,48.48260,19.55892,372,372,98553
SK0326511374,Kotmanová,Kotmanova,municipality,,SK0326,Lučenec,SK032,Banskobystrický,48.48469,19.57933,177,177,98553
SK0326511391,Fiľakovo,Filakovo,city,,SK0326,Lučenec,SK032,Banskobystrický,48.26834,19.82248,2408,4816,98601
SK0326511404,Fiľakovské Kováče,Filakovske Kovace,municipality,,SK0326,Lučenec,SK032,Banskobystrický,48.28953,19.77772,328,328,98601
SK0326511421,Halič,Halic,municipality,,SK0326,Lučenec,SK032,Banskobystrický,48.35312,19.57513,653,653,98401|98511
SK0326511439,Holiša,Holisa,municipality,,SK0326,Lučenec,SK032,Banskobystrický,48.30934,19.75090,229,229,98401|98557
SK0326511463,Jelšovec,Jelsovec,municipality,,SK0326,Lučenec,SK032,Banskobystrický,48.28199,19.60184,108,108,98532
SK0326511480,Kalonda,Kalonda,municipality,,SK0326,Lučenec,SK032,Banskobystrický,48.25939,19.65560,124,124,98531
SK0326511528,Lehôtka,Lehotka,municipality,,SK0326,Lučenec,SK032,Banskobystrický,48.33946,19.54341,153,153,98511
SK0326511536,Lentvora,Lentvora,municipality,,SK0326,Lučenec,SK032,Banskobystrický,48.37292,19.45123,47,47,98513
SK0326511544,Lipovany,Lipovany,municipality,,SK0326,Lučenec,SK032,Banskobystrický,48.21896,19.70725,155,155,98531
SK0326511552,Lovinobaňa,Lovinobana,municipality,,SK0326,Lučenec,SK032,Banskobystrický,48.43622,19.59278,741,741,98554
SK0326511561,Ľuboreč,Luborec,municipality,,SK0326,Lučenec,SK032,Banskobystrický,48.31093,19.51706,194,194,98511
SK0326511579,Lupoč,Lupoc,municipality,,SK0326,Lučenec,SK032,Banskobystrický,48.36037,19.53956,146,146,98511
SK0326511609,Mašková,Maskova,municipality,,SK0326,Lučenec,SK032,Banskobystrický,48.33384,19.56416,156,156,98511
SK0326511625,Mučín,Mucin,municipality,,SK0326,Lučenec,SK032,Banskobystrický,48.24369,19.70104,264,264,98531
SK0326511641,Mýtna,Mytna,municipality,,SK0326,Lučenec,SK032,Banskobystrický,48.46775,19.55059,533,533,98553
SK0326511668,Nitra nad Ipľom,Nitra nad Iplom,municipality,,SK0326,Lučenec,SK032,Banskobystrický,48.31828,19.77333,84,84,98557
SK0326511676,Nové Hony,Nove Hony,municipality,,SK0326,Lučenec,SK032,Banskobystrický,48.36297,19.83070,117,117,98542
SK0326511692,Panické Dravce,Panicke Dravce,municipality,,SK0326,Lučenec,SK032,Banskobystrický,48.28442,19.65130,295,295,98532
SK0326511706,Píla,Pila,municipality,,SK0326,Lučenec,SK032,Banskobystrický,48.48465,19.50061,184,184,98553
SK0326511714,Pinciná,Pincina,municipality,,SK0326,Lučenec,SK032,Banskobystrický,48.35949,19.75950,155,155,98401
SK0326511722,Pleš,Ples,municipality,,SK0326,Lučenec,SK032,Banskobystrický,48.23119,19.74901,128,128,98531
SK0326511749,Podrečany,Podrecany,municipality,,SK0326,Lučenec,SK032,Banskobystrický,48.40474,19.60077,263,263,98554
SK0326511757,Polichno,Polichno,municipality,,SK0326,Lučenec,SK032,Banskobystrický,48.40491,19.49720,132,132,98513
SK0326511773,Praha,Praha,municipality,,SK0326,Lučenec,SK032,Banskobystrický,48.36293,19.50857,78,78,98511
SK0326511781,Prša,Prsa,municipality,,SK0326,Lučenec,SK032,Banskobystrický,48.30033,19.79178,117,117,98541
SK0326511790,Radzovce,Radzovce,municipality,,SK0326,Lučenec,SK032,Banskobystrický,48.21870,19.82868,674,674,98558
SK0326511803,Rapovce,Rapovce,municipality,,SK0326,Lučenec,SK032,Banskobystrický,48.27307,19.68203,312,312,98531
SK0326511811,Ratka,Ratka,municipality,,SK0326,Lučenec,SK032,Banskobystrický,48.24579,19.78219,194,194,98601
SK0326511838,Ružiná,Ruzina,municipality,,SK0326,Lučenec,SK032,Banskobystrický,48.42898,19.55600,437,437,98552
SK0326511846,Stará Halič,Stara Halic,municipality,,SK0326,Lučenec,SK032,Banskobystrický,48.36702,19.57121,281,281,98511
SK0326511854,Šávoľ,Savol,municipality,,SK0326,Lučenec,SK032,Banskobystrický,48.30438,19.82548,179,179,98541
SK0326511862,Šiatorská Bukovinka,Siatorska Bukovinka,municipality,,SK0326,Lučenec,SK032,Banskobystrický,48.18482,19.82361,244,244,98558
SK0326511871,Šíd,Sid,municipality,,SK0326,Lučenec,SK032,Banskobystrický,48.27270,19.88063,354,354,98601
SK0326511897,Šurice,Surice,municipality,,SK0326,Lučenec,SK032,Banskobystrický,48.22946,19.91421,234,234,98033
SK0326511901,Točnica,Tocnica,municipality,,SK0326,Lučenec,SK032,Banskobystrický,48.41272,19.64069,169,169,98522
SK0326511919,Tomášovce,Tomasovce,municipality,,SK0326,Lučenec,SK032,Banskobystrický,48.37229,19.62060,722,722,98556
SK0326511927,Trebeľovce,Trebelovce,municipality,,SK0326,Lučenec,SK032,Banskobystrický,48.28667,19.71594,446,446,98531
SK0326511943,Tuhár,Tuhar,municipality,,SK0326,Lučenec,SK032,Banskobystrický,48.42924,19.50486,225,225,98512
SK0326511994,Veľká nad Ipľom,Velka nad Iplom,municipality,,SK0326,Lučenec,SK032,Banskobystrický,48.26541,19.61845,467,467,98532
SK0326512010,Veľké Dravce,Velke Dravce,municipality,,SK0326,Lučenec,SK032,Banskobystrický,48.34619,19.83897,281,281,98542
SK0326557307,Vidiná,Vidina,municipality,,SK0326,Lučenec,SK032,Banskobystrický,48.35831,19.65439,682,682,98559
SK0326557315,Biskupice,Biskupice,municipality,,SK0326,Lučenec,SK032,Banskobystrický,48.25141,19.83315,402,402,98601
SK0326557331,Gregorova Vieska,Gregorova Vieska,municipality,,SK0326,Lučenec,SK032,Banskobystrický,48.38500,19.57948,83,83,98556
SK0326557340,Trenč,Trenc,municipality,,SK0326,Lučenec,SK032,Banskobystrický,48.22351,19.57934,121,121,98532
SK0326558273,Bulhary,Bulhary,municipality,,SK0326,Lučenec,SK032,Banskobystrický,48.29307,19.84792,97,97,98601
SK0326580309,Mikušovce,Mikusovce,municipality,,SK0326,Lučenec,SK032,Banskobystrický,48.30070,19.68512,143,143,98401
SK0327511269,Breznička,Breznicka,municipality,,SK0327,Poltár,SK032,Banskobystrický,48.42172,19.73570,372,372,98502
SK0327511315,Cinobaňa,Cinobana,municipality,,SK0327,Poltár,SK032,Banskobystrický,48.45068,19.65098,753,753,98522|98545
SK0327511340,České Brezovo,Ceske Brezovo,municipality,,SK0327,Poltár,SK032,Banskobystrický,48.48226,19.80571,262,262,98503
SK0327511447,Hradište,Hradiste,municipality,,SK0327,Poltár,SK032,Banskobystrický,48.49833,19.71741,188,188,98524|98525|98526
SK0327511471,Kalinovo,Kalinovo,municipality,,SK0327,Poltár,SK032,Banskobystrický,48.39328,19.70919,1034,1034,98501
SK0327511498,Kokava nad Rimavicou,Kokava nad Rimavicou,municipality,,SK0327,Poltár,SK032,Banskobystrický,48.57656,19.81265,1653,1653,98505|98506|98507
SK0327511501,Krná,Krna,municipality,,SK0327,Poltár,SK032,Banskobystrický,48.51250,19.73992,133,133,98525
SK0327511595,Málinec,Malinec,municipality,,SK0327,Poltár,SK032,Banskobystrický,48.49828,19.68203,561,561,98526
SK0327511617,Mládzovo,Mladzovo,municipality,,SK0327,Poltár,SK032,Banskobystrický,48.43760,19.70397,69,69,98502
SK0327511684,Ozdín,Ozdin,municipality,,SK0327,Poltár,SK032,Banskobystrický,48.46941,19.68983,179,179,98524
SK0327511765,Poltár,Poltar,city,,SK0327,Poltár,SK032,Banskobystrický,48.42941,19.79288,1896,3792,98701
SK0327511820,Rovňany,Rovnany,municipality,,SK0327,Poltár,SK032,Banskobystrický,48.44904,19.74022,145,145,98524
SK0327511889,Šoltýska,Soltyska,municipality,,SK0327,Poltár,SK032,Banskobystrický,48.58082,19.74723,128,128,98507
SK0327511978,Uhorské,Uhorske,municipality,,SK0327,Poltár,SK032,Banskobystrický,48.47177,19.75089,313,313,98525
SK0327512001,Veľká Ves,Velka Ves,municipality,,SK0327,Poltár,SK032,Banskobystrický,48.38256,19.67452,197,197,98501
SK0327514900,Hrnčiarska Ves,Hrnciarska Ves,municipality,,SK0327,Poltár,SK032,Banskobystrický,48.42793,19.85082,361,361,98013|98701
SK0327514918,Hrnčiarske Zalužany,Hrnciarske Zaluzany,municipality,,SK0327,Poltár,SK032,Banskobystrický,48.40662,19.87148,397,397,98012
SK0327515515,Selce,Selce,municipality,,SK0327,Poltár,SK032,Banskobystrický,48.45719,19.87627,80,80,98013
SK0327515591,Sušany,Susany,municipality,,SK0327,Poltár,SK032,Banskobystrický,48.41206,19.88952,262,262,98012
SK0327557323,Ďubákovo,Dubakovo,municipality,,SK0327,Poltár,SK032,Banskobystrický,48.56290,19.73557,64,64,98507
SK0327580317,Utekáč,Utekac,municipality,,SK0327,Poltár,SK032,Banskobystrický,48.61192,19.79397,374,374,98506
SK0327582051,Zlatno,Zlatno,municipality,,SK0327,Poltár,SK032,Banskobystrický,48.51892,19.81845,82,82,98503
SK0328514675,Držkovce,Drzkovce,municipality,,SK0328,Revúca,SK032,Banskobystrický,48.54219,20.23715,181,181,98262
SK0328514721,Gemer,Gemer,municipality,,SK0328,Revúca,SK032,Banskobystrický,48.44977,20.31603,291,291,98201
SK0328514756,Gemerská Ves,Gemerska Ves,municipality,,SK0328,Revúca,SK032,Banskobystrický,48.48083,20.27559,243,243,98262
SK0328514896,Hrlica,Hrlica,municipality,,SK0328,Revúca,SK032,Banskobystrický,48.62828,20.05054,67,67,98266
SK0328514977,Chvalová,Chvalova,municipality,,SK0328,Revúca,SK032,Banskobystrický,48.51336,20.17602,76,76,98262
SK0328515159,Levkuška,Levkuska,municipality,,SK0328,Revúca,SK032,Banskobystrický,48.45760,20.26570,81,81,98262
SK0328515256,Otročok,Otrocok,municipality,,SK0328,Revúca,SK032,Banskobystrický,48.44949,20.27635,77,77,98262
SK0328515302,Ploské,Ploske,municipality,,SK0328,Revúca,SK032,Banskobystrický,48.60393,20.08557,37,37,98265
SK0328515311,Polina,Polina,municipality,,SK0328,Revúca,SK032,Banskobystrický,48.49275,20.21421,73,73,98262
SK0328515361,Rašice,Rasice,municipality,,SK0328,Revúca,SK032,Banskobystrický,48.47183,20.23823,62,62,98262
SK0328515370,Ratková,Ratkova,municipality,,SK0328,Revúca,SK032,Banskobystrický,48.59126,20.09738,283,283,98265
SK0328515400,Ratkovské Bystré,Ratkovske Bystre,municipality,,SK0328,Revúca,SK032,Banskobystrický,48.64756,20.05761,301,301,98266
SK0328515507,Rybník,Rybnik,municipality,,SK0328,Revúca,SK032,Banskobystrický,48.54522,20.13118,74,74,98265
SK0328515523,Skerešovo,Skeresovo,municipality,,SK0328,Revúca,SK032,Banskobystrický,48.50302,20.20156,103,103,98262
SK0328515574,Leváre,Levare,municipality,,SK0328,Revúca,SK032,Banskobystrický,48.51369,20.25506,57,57,98262
SK0328515612,Tornaľa,Tornala,city,,SK0328,Revúca,SK032,Banskobystrický,48.42041,20.32457,1907,3814,98201
SK0328515761,Višňové,Visnove,municipality,,SK0328,Revúca,SK032,Banskobystrický,48.51594,20.18651,39,39,98262
SK0328515833,Žiar,Ziar,municipality,,SK0328,Revúca,SK032,Banskobystrický,48.43759,20.27326,46,46,98201
SK0328525677,Gemerské Teplice,Gemerske Teplice,municipality,,SK0328,Revúca,SK032,Banskobystrický,48.60118,20.27761,126,126,04916
SK0328525685,Gemerský Sad,Gemersky Sad,municipality,,SK0328,Revúca,SK032,Banskobystrický,48.58083,20.32099,114,114,04913
SK0328525766,Hucín,Hucin,municipality,,SK0328,Revúca,SK032,Banskobystrický,48.56551,20.29928,248,248,04913
SK0328525774,Chyžné,Chyzne,municipality,,SK0328,Revúca,SK032,Banskobystrický,48.66358,20.20130,159,159,04918
SK0328525791,Jelšava,Jelsava,city,,SK0328,Revúca,SK032,Banskobystrický,48.63068,20.23841,667,1334,04916|04918
SK0328525812,Kameňany,Kamenany,municipality,,SK0328,Revúca,SK032,Banskobystrický,48.57773,20.19235,233,233,04962
SK0328525901,Licince,Licince,municipality,,SK0328,Revúca,SK032,Banskobystrický,48.53896,20.29799,160,160,04914
SK0328525928,Lubeník,Lubenik,municipality,,SK0328,Revúca,SK032,Banskobystrický,48.65551,20.19407,368,368,04918
SK0328525944,Magnezitovce,Magnezitovce,municipality,,SK0328,Revúca,SK032,Banskobystrický,48.67010,20.22790,167,167,04916
SK0328525987,Muráň,Muran,municipality,,SK0328,Revúca,SK032,Banskobystrický,48.74005,20.04531,506,506,04901
SK0328525995,Muránska Dlhá Lúka,Muranska Dlha Luka,municipality,,SK0328,Revúca,SK032,Banskobystrický,48.71706,20.08028,312,312,05001
SK0328526002,Muránska Huta,Muranska Huta,municipality,,SK0328,Revúca,SK032,Banskobystrický,48.77562,20.11342,148,148,04901
SK0328526011,Muránska Lehota,Muranska Lehota,municipality,,SK0328,Revúca,SK032,Banskobystrický,48.72734,20.04735,106,106,04901
SK0328526029,Muránska Zdychava,Muranska Zdychava,municipality,,SK0328,Revúca,SK032,Banskobystrický,48.74532,20.14138,205,205,05001
SK0328526037,Nandraž,Nandraz,municipality,,SK0328,Revúca,SK032,Banskobystrický,48.60812,20.18700,87,87,04961
SK0328526100,Prihradzany,Prihradzany,municipality,,SK0328,Revúca,SK032,Banskobystrický,48.58391,20.23945,52,52,04914
SK0328526118,Rákoš,Rakos,municipality,,SK0328,Revúca,SK032,Banskobystrický,48.60097,20.14659,198,198,04961
SK0328526142,Revúca,Revuca,city,,SK0328,Revúca,SK032,Banskobystrický,48.68543,20.11619,3273,6546,05001
SK0328526151,Revúcka Lehota,Revucka Lehota,municipality,,SK0328,Revúca,SK032,Banskobystrický,48.67086,20.17983,140,140,04918
SK0328526258,Sirk,Sirk,municipality,,SK0328,Revúca,SK032,Banskobystrický,48.61873,20.10569,342,342,04964
SK0328526304,Šivetice,Sivetice,municipality,,SK0328,Revúca,SK032,Banskobystrický,48.58158,20.27581,101,101,04914
SK0328526321,Turčok,Turcok,municipality,,SK0328,Revúca,SK032,Banskobystrický,48.64070,20.14791,152,152,04918|04964
SK0328557820,Sása,Sasa,municipality,,SK0328,Revúca,SK032,Banskobystrický,48.56398,20.10918,35,35,98265
SK0328580384,Mokrá Lúka,Mokra Luka,municipality,,SK0328,Revúca,SK032,Banskobystrický,48.67370,20.14876,259,259,05001
SK0329514462,Rimavská Sobota,Rimavska Sobota,city,,SK0329,Rimavská Sobota,SK032,Banskobystrický,48.38204,20.01747,7063,14126,97901
SK0329514489,Babinec,Babinec,municipality,,SK0329,Rimavská Sobota,SK032,Banskobystrický,48.51906,19.99862,59,59,98026
SK0329514501,Barca,Barca,municipality,,SK0329,Rimavská Sobota,SK032,Banskobystrický,48.37265,20.23075,86,86,98251
SK0329514519,Bátka,Batka,municipality,,SK0329,Rimavská Sobota,SK032,Banskobystrický,48.37840,20.16933,285,285,98021
SK0329514535,Belín,Belin,municipality,,SK0329,Rimavská Sobota,SK032,Banskobystrický,48.34049,20.10752,70,70,98001
SK0329514543,Blhovce,Blhovce,municipality,,SK0329,Rimavská Sobota,SK032,Banskobystrický,48.27448,19.95255,293,293,98032
SK0329514551,Bottovo,Bottovo,municipality,,SK0329,Rimavská Sobota,SK032,Banskobystrický,48.31411,20.14916,90,90,98041
SK0329514586,Budikovany,Budikovany,municipality,,SK0329,Rimavská Sobota,SK032,Banskobystrický,48.48518,20.09171,84,84,98023
SK0329514594,Cakov,Cakov,municipality,,SK0329,Rimavská Sobota,SK032,Banskobystrický,48.33950,20.22531,85,85,98042
SK0329514608,Čerenčany,Cerencany,municipality,,SK0329,Rimavská Sobota,SK032,Banskobystrický,48.40994,19.98764,232,232,97901
SK0329514616,Čierny Potok,Cierny Potok,municipality,,SK0329,Rimavská Sobota,SK032,Banskobystrický,48.29381,19.94496,108,108,98031
SK0329514624,Číž,Ciz,municipality,,SK0329,Rimavská Sobota,SK032,Banskobystrický,48.31314,20.28068,233,233,98043
SK0329514632,Dolné Zahorany,Dolne Zahorany,municipality,,SK0329,Rimavská Sobota,SK032,Banskobystrický,48.35119,19.89992,88,88,98542
SK0329514641,Dražice,Drazice,municipality,,SK0329,Rimavská Sobota,SK032,Banskobystrický,48.43635,20.06598,90,90,98023
SK0329514659,Drienčany,Driencany,municipality,,SK0329,Rimavská Sobota,SK032,Banskobystrický,48.48285,20.07194,133,133,98023
SK0329514667,Drňa,Drna,municipality,,SK0329,Rimavská Sobota,SK032,Banskobystrický,48.26363,20.11553,99,99,98003
SK0329514683,Dubno,Dubno,municipality,,SK0329,Rimavská Sobota,SK032,Banskobystrický,48.19201,20.00120,64,64,98035
SK0329514691,Dubovec,Dubovec,municipality,,SK0329,Rimavská Sobota,SK032,Banskobystrický,48.29354,20.15537,184,184,98041
SK0329514713,Figa,Figa,municipality,,SK0329,Rimavská Sobota,SK032,Banskobystrický,48.39932,20.25200,142,142,98251
SK0329514730,Gemerček,Gemercek,municipality,,SK0329,Rimavská Sobota,SK032,Banskobystrický,48.31726,19.99198,56,56,98031
SK0329514764,Gemerské Dechtáre,Gemerske Dechtare,municipality,,SK0329,Rimavská Sobota,SK032,Banskobystrický,48.24667,20.03702,203,203,98004
SK0329514781,Gemerský Jablonec,Gemersky Jablonec,municipality,,SK0329,Rimavská Sobota,SK032,Banskobystrický,48.19523,19.97875,264,264,98035
SK0329514799,Gortva,Gortva,municipality,,SK0329,Rimavská Sobota,SK032,Banskobystrický,48.29394,20.02281,166,166,98002
SK0329514811,Hajnáčka,Hajnacka,municipality,,SK0329,Rimavská Sobota,SK032,Banskobystrický,48.22074,19.95279,546,546,98033
SK0329514829,Hnúšťa,Hnusta,city,,SK0329,Rimavská Sobota,SK032,Banskobystrický,48.58026,19.95418,1794,3588,98101|98267
SK0329514837,Hodejov,Hodejov,municipality,,SK0329,Rimavská Sobota,SK032,Banskobystrický,48.29950,19.98759,389,389,98031
SK0329514845,Hodejovec,Hodejovec,municipality,,SK0329,Rimavská Sobota,SK032,Banskobystrický,48.28282,20.01693,89,89,98002
SK0329514853,Horné Zahorany,Horne Zahorany,municipality,,SK0329,Rimavská Sobota,SK032,Banskobystrický,48.46292,20.00724,94,94,98026
SK0329514861,Hostice,Hostice,municipality,,SK0329,Rimavská Sobota,SK032,Banskobystrický,48.23563,20.06587,274,274,98004
SK0329514870,Hostišovce,Hostisovce,municipality,,SK0329,Rimavská Sobota,SK032,Banskobystrický,48.49792,20.11628,82,82,98023
SK0329514888,Hrachovo,Hrachovo,municipality,,SK0329,Rimavská Sobota,SK032,Banskobystrický,48.46518,19.94824,356,356,98052
SK0329514926,Hrušovo,Hrusovo,municipality,,SK0329,Rimavská Sobota,SK032,Banskobystrický,48.51238,20.04604,156,156,98025|98026
SK0329514934,Hubovo,Hubovo,municipality,,SK0329,Rimavská Sobota,SK032,Banskobystrický,48.39969,20.36912,73,73,98050
SK0329514942,Husiná,Husina,municipality,,SK0329,Rimavská Sobota,SK032,Banskobystrický,48.34155,19.87833,192,192,98542
SK0329514951,Chanava,Chanava,municipality,,SK0329,Rimavská Sobota,SK032,Banskobystrický,48.33583,20.29910,226,226,98044
SK0329514969,Chrámec,Chramec,municipality,,SK0329,Rimavská Sobota,SK032,Banskobystrický,48.27886,20.18719,146,146,98042
SK0329514985,Ivanice,Ivanice,municipality,,SK0329,Rimavská Sobota,SK032,Banskobystrický,48.32793,20.23647,72,72,98042
SK0329514993,Janice,Janice,municipality,,SK0329,Rimavská Sobota,SK032,Banskobystrický,48.28002,20.21484,69,69,98042
SK0329515001,Jesenské,Jesenske,municipality,,SK0329,Rimavská Sobota,SK032,Banskobystrický,48.30544,20.07063,769,769,98002
SK0329515019,Jestice,Jestice,municipality,,SK0329,Rimavská Sobota,SK032,Banskobystrický,48.21878,20.05384,79,79,98004
SK0329515027,Kaloša,Kalosa,municipality,,SK0329,Rimavská Sobota,SK032,Banskobystrický,48.42064,20.22235,165,165,98252
SK0329515035,Kesovce,Kesovce,municipality,,SK0329,Rimavská Sobota,SK032,Banskobystrický,48.37490,20.35418,55,55,98045
SK0329515043,Klenovec,Klenovec,municipality,,SK0329,Rimavská Sobota,SK032,Banskobystrický,48.59654,19.88923,1225,1225,98055
SK0329515051,Kociha,Kociha,municipality,,SK0329,Rimavská Sobota,SK032,Banskobystrický,48.47917,19.94546,117,117,98052
SK0329515060,Konrádovce,Konradovce,municipality,,SK0329,Rimavská Sobota,SK032,Banskobystrický,48.29981,19.90389,118,118,98032
SK0329515078,Kráľ,Kral,municipality,,SK0329,Rimavská Sobota,SK032,Banskobystrický,48.32894,20.34368,288,288,98045
SK0329515086,Kraskovo,Kraskovo,municipality,,SK0329,Rimavská Sobota,SK032,Banskobystrický,48.50153,19.99056,89,89,98026
SK0329515094,Krokava,Krokava,municipality,,SK0329,Rimavská Sobota,SK032,Banskobystrický,48.62930,20.02626,57,57,98267
SK0329515108,Kružno,Kruzno,municipality,,SK0329,Rimavská Sobota,SK032,Banskobystrický,48.41089,19.93252,152,152,97901
SK0329515116,Kyjatice,Kyjatice,municipality,,SK0329,Rimavská Sobota,SK032,Banskobystrický,48.53887,20.00827,65,65,98054
SK0329515124,Lehota nad Rimavicou,Lehota nad Rimavicou,municipality,,SK0329,Rimavská Sobota,SK032,Banskobystrický,48.51375,19.90589,156,156,98053
SK0329515132,Lenartovce,Lenartovce,municipality,,SK0329,Rimavská Sobota,SK032,Banskobystrický,48.29941,20.31080,144,144,98044
SK0329515141,Lenka,Lenka,municipality,,SK0329,Rimavská Sobota,SK032,Banskobystrický,48.38685,20.34864,94,94,98050
SK0329515167,Lipovec,Lipovec,municipality,,SK0329,Rimavská Sobota,SK032,Banskobystrický,48.54889,20.06582,40,40,98023
SK0329515175,Lukovištia,Lukovistia,municipality,,SK0329,Rimavská Sobota,SK032,Banskobystrický,48.48910,20.02072,149,149,98026
SK0329515183,Martinová,Martinova,municipality,,SK0329,Rimavská Sobota,SK032,Banskobystrický,48.29727,20.17294,67,67,98041
SK0329515205,Neporadza,Neporadza,municipality,,SK0329,Rimavská Sobota,SK032,Banskobystrický,48.36253,20.39151,86,86,98045
SK0329515230,Nová Bašta,Nova Basta,municipality,,SK0329,Rimavská Sobota,SK032,Banskobystrický,48.17173,19.94526,240,240,98034
SK0329515248,Orávka,Oravka,municipality,,SK0329,Rimavská Sobota,SK032,Banskobystrický,48.30546,20.19581,91,91,98042
SK0329515264,Ožďany,Ozdany,municipality,,SK0329,Rimavská Sobota,SK032,Banskobystrický,48.37899,19.90208,672,672,97901|98011
SK0329515272,Padarovce,Padarovce,municipality,,SK0329,Rimavská Sobota,SK032,Banskobystrický,48.45796,20.06954,71,71,98023
SK0329515281,Pavlovce,Pavlovce,municipality,,SK0329,Rimavská Sobota,SK032,Banskobystrický,48.32633,20.08196,115,115,98001
SK0329515299,Petrovce,Petrovce,municipality,,SK0329,Rimavská Sobota,SK032,Banskobystrický,48.18670,20.02154,162,162,98035
SK0329515337,Poproč,Poproc,municipality,,SK0329,Rimavská Sobota,SK032,Banskobystrický,48.58327,20.03358,33,33,98267
SK0329515345,Potok,Potok,municipality,,SK0329,Rimavská Sobota,SK032,Banskobystrický,48.55968,20.05188,51,51,98267
SK0329515353,Radnovce,Radnovce,municipality,,SK0329,Rimavská Sobota,SK032,Banskobystrický,48.34319,20.20636,154,154,98042
SK0329515388,Ratkovská Lehota,Ratkovska Lehota,municipality,,SK0329,Rimavská Sobota,SK032,Banskobystrický,48.56274,20.10016,37,37,98265
SK0329515396,Ratkovská Suchá,Ratkovska Sucha,municipality,,SK0329,Rimavská Sobota,SK032,Banskobystrický,48.57925,20.06922,57,57,98267
SK0329515426,Rimavská Baňa,Rimavska Bana,municipality,,SK0329,Rimavská Sobota,SK032,Banskobystrický,48.51202,19.94221,180,180,98053
SK0329515442,Rimavská Seč,Rimavska Sec,municipality,,SK0329,Rimavská Sobota,SK032,Banskobystrický,48.30466,20.23479,577,577,96212|98042
SK0329515451,Rimavské Brezovo,Rimavske Brezovo,municipality,,SK0329,Rimavská Sobota,SK032,Banskobystrický,48.53895,19.96070,196,196,98054
SK0329515469,Rimavské Janovce,Rimavske Janovce,municipality,,SK0329,Rimavská Sobota,SK032,Banskobystrický,48.34122,20.05835,596,596,97901|98001
SK0329515485,Rovné,Rovne,municipality,,SK0329,Rimavská Sobota,SK032,Banskobystrický,48.58889,20.04485,104,104,98267
SK0329515493,Rumince,Rumince,municipality,,SK0329,Rimavská Sobota,SK032,Banskobystrický,48.36874,20.28650,168,168,98050
SK0329515531,Slizké,Slizke,municipality,,SK0329,Rimavská Sobota,SK032,Banskobystrický,48.51775,20.08722,44,44,98023
SK0329515540,Stará Bašta,Stara Basta,municipality,,SK0329,Rimavská Sobota,SK032,Banskobystrický,48.18135,19.94399,178,178,98034
SK0329515566,Stránska,Stranska,municipality,,SK0329,Rimavská Sobota,SK032,Banskobystrický,48.40328,20.27952,111,111,98251
SK0329515582,Studená,Studena,municipality,,SK0329,Rimavská Sobota,SK032,Banskobystrický,48.16002,19.95856,143,143,98034
SK0329515604,Sútor,Sutor,municipality,,SK0329,Rimavská Sobota,SK032,Banskobystrický,48.35053,20.12319,111,111,98001
SK0329515621,Šimonovce,Simonovce,municipality,,SK0329,Rimavská Sobota,SK032,Banskobystrický,48.27458,20.11293,188,188,98003
SK0329515639,Širkovce,Sirkovce,municipality,,SK0329,Rimavská Sobota,SK032,Banskobystrický,48.28975,20.08648,330,330,98002
SK0329515647,Španie Pole,Spanie Pole,municipality,,SK0329,Rimavská Sobota,SK032,Banskobystrický,48.52026,20.12706,74,74,98023
SK0329515655,Štrkovec,Strkovec,municipality,,SK0329,Rimavská Sobota,SK032,Banskobystrický,48.35895,20.32438,149,149,98045
SK0329515663,Tachty,Tachty,municipality,,SK0329,Rimavská Sobota,SK032,Banskobystrický,48.15431,19.94069,208,208,98034
SK0329515671,Teplý Vrch,Teply Vrch,municipality,,SK0329,Rimavská Sobota,SK032,Banskobystrický,48.46995,20.09807,128,128,98023
SK0329515680,Tisovec,Tisovec,city,,SK0329,Rimavská Sobota,SK032,Banskobystrický,48.68023,19.93938,1560,3120,98061
SK0329515698,Tomášovce,Tomasovce,municipality,,SK0329,Rimavská Sobota,SK032,Banskobystrický,48.39316,20.15291,80,80,98021
SK0329515701,Uzovská Panica,Uzovska Panica,municipality,,SK0329,Rimavská Sobota,SK032,Banskobystrický,48.41656,20.14426,234,234,98022
SK0329515710,Včelince,Vcelince,municipality,,SK0329,Rimavská Sobota,SK032,Banskobystrický,48.38582,20.30504,254,254,98050
SK0329515728,Večelkov,Vecelkov,municipality,,SK0329,Rimavská Sobota,SK032,Banskobystrický,48.16363,19.93452,171,171,98034
SK0329515736,Veľké Teriakovce,Velke Teriakovce,municipality,,SK0329,Rimavská Sobota,SK032,Banskobystrický,48.43398,19.96781,312,312,98051|98052
SK0329515744,Veľký Blh,Velky Blh,municipality,,SK0329,Rimavská Sobota,SK032,Banskobystrický,48.44441,20.11715,489,489,98022
SK0329515752,Vieska nad Blhom,Vieska nad Blhom,municipality,,SK0329,Rimavská Sobota,SK032,Banskobystrický,48.35121,20.19873,54,54,98021
SK0329515779,Vlkyňa,Vlkyna,municipality,,SK0329,Rimavská Sobota,SK032,Banskobystrický,48.28259,20.29969,104,104,98044
SK0329515795,Valice,Valice,municipality,,SK0329,Rimavská Sobota,SK032,Banskobystrický,48.44951,20.19651,60,60,98252
SK0329515809,Vyšný Skálnik,Vysny Skalnik,municipality,,SK0329,Rimavská Sobota,SK032,Banskobystrický,48.46401,19.96412,89,89,98052
SK0329515817,Zádor,Zador,municipality,,SK0329,Rimavská Sobota,SK032,Banskobystrický,48.32182,20.24165,47,47,98042
SK0329515841,Žíp,Zip,municipality,,SK0329,Rimavská Sobota,SK032,Banskobystrický,48.36350,20.20058,63,63,98021
SK0329557757,Abovce,Abovce,municipality,,SK0329,Rimavská Sobota,SK032,Banskobystrický,48.31901,20.33686,211,211,98044
SK0329557765,Riečka,Riecka,municipality,,SK0329,Rimavská Sobota,SK032,Banskobystrický,48.34036,20.33143,102,102,98045
SK0329557790,Nižný Skálnik,Nizny Skalnik,municipality,,SK0329,Rimavská Sobota,SK032,Banskobystrický,48.45399,19.97043,78,78,98052
SK0329557811,Rimavské Zalužany,Rimavske Zaluzany,municipality,,SK0329,Rimavská Sobota,SK032,Banskobystrický,48.50022,19.93693,162,162,98053
SK0329557854,Rakytník,Rakytnik,municipality,,SK0329,Rimavská Sobota,SK032,Banskobystrický,48.39206,20.17453,94,94,98021
SK0329557889,Gemerské Michalovce,Gemerske Michalovce,municipality,,SK0329,Rimavská Sobota,SK032,Banskobystrický,48.43748,20.21224,44,44,98252
SK0329557901,Vyšné Valice,Vysne Valice,municipality,,SK0329,Rimavská Sobota,SK032,Banskobystrický,48.45646,20.18781,112,112,98252
SK0329557919,Dulovo,Dulovo,municipality,,SK0329,Rimavská Sobota,SK032,Banskobystrický,48.37389,20.19044,30,30,98021
SK0329557927,Zacharovce,Zacharovce,municipality,,SK0329,Rimavská Sobota,SK032,Banskobystrický,48.40482,20.05480,163,163,97901
SK032A515850,Veľký Krtíš,Velky Krtis,city,,SK032A,Veľký Krtíš,SK032,Banskobystrický,48.21135,19.34975,2462,4924,99001
SK032A515868,Balog nad Ipľom,Balog nad Iplom,municipality,,SK032A,Veľký Krtíš,SK032,Banskobystrický,48.07767,19.13174,393,393,99111
SK032A515876,Bátorová,Batorova,municipality,,SK032A,Veľký Krtíš,SK032,Banskobystrický,48.13406,19.27216,196,196,98042|99126
SK032A515884,Brusník,Brusnik,municipality,,SK032A,Veľký Krtíš,SK032,Banskobystrický,48.29910,19.40126,77,77,99101
SK032A515892,Bušince,Busince,municipality,,SK032A,Veľký Krtíš,SK032,Banskobystrický,48.17577,19.49848,542,542,99122
SK032A515906,Čebovce,Cebovce,municipality,,SK032A,Veľký Krtíš,SK032,Banskobystrický,48.18010,19.22916,634,634,99125
SK032A515914,Čeláre,Celare,municipality,,SK032A,Veľký Krtíš,SK032,Banskobystrický,48.13563,19.48869,249,249,99122
SK032A515922,Čelovce,Celovce,municipality,,SK032A,Veľký Krtíš,SK032,Banskobystrický,48.18740,19.13814,266,266,99141
SK032A515931,Červeňany,Cervenany,municipality,,SK032A,Veľký Krtíš,SK032,Banskobystrický,48.38067,19.38829,32,32,99101
SK032A515949,Dačov Lom,Dacov Lom,municipality,,SK032A,Veľký Krtíš,SK032,Banskobystrický,48.31880,19.25301,278,278,99135
SK032A515957,Dolinka,Dolinka,municipality,,SK032A,Veľký Krtíš,SK032,Banskobystrický,48.09028,19.15517,241,241,99128
SK032A515965,Dolná Strehová,Dolna Strehova,municipality,,SK032A,Veľký Krtíš,SK032,Banskobystrický,48.24702,19.49333,657,657,99102
SK032A515973,Dolné Plachtince,Dolne Plachtince,municipality,,SK032A,Veľký Krtíš,SK032,Banskobystrický,48.20241,19.30904,352,352,99124
SK032A515981,Dolné Strháre,Dolne Strhare,municipality,,SK032A,Veľký Krtíš,SK032,Banskobystrický,48.25082,19.39017,179,179,99103
SK032A515990,Ďurkovce,Durkovce,municipality,,SK032A,Veľký Krtíš,SK032,Banskobystrický,48.13844,19.17771,92,92,99127
SK032A516007,Glabušovce,Glabusovce,municipality,,SK032A,Veľký Krtíš,SK032,Banskobystrický,48.15382,19.45680,94,94,99122
SK032A516015,Horná Strehová,Horna Strehova,municipality,,SK032A,Veľký Krtíš,SK032,Banskobystrický,48.28003,19.42689,154,154,99102
SK032A516023,Horné Plachtince,Horne Plachtince,municipality,,SK032A,Veľký Krtíš,SK032,Banskobystrický,48.24261,19.27570,137,137,99124
SK032A516031,Horné Strháre,Horne Strhare,municipality,,SK032A,Veľký Krtíš,SK032,Banskobystrický,48.27105,19.36141,157,157,99103
SK032A516040,Hrušov,Hrusov,municipality,,SK032A,Veľký Krtíš,SK032,Banskobystrický,48.16378,19.08974,558,558,99142
SK032A516058,Chrastince,Chrastince,municipality,,SK032A,Veľký Krtíš,SK032,Banskobystrický,48.08974,19.25018,84,84,99108
SK032A516066,Chrťany,Chrtany,municipality,,SK032A,Veľký Krtíš,SK032,Banskobystrický,48.29018,19.46299,82,82,99121
SK032A516074,Ipeľské Predmostie,Ipelske Predmostie,municipality,,SK032A,Veľký Krtíš,SK032,Banskobystrický,48.06264,19.05564,330,330,99110
SK032A516082,Kamenné Kosihy,Kamenne Kosihy,municipality,,SK032A,Veľký Krtíš,SK032,Banskobystrický,48.14284,19.19284,167,167,99127
SK032A516091,Kiarov,Kiarov,municipality,,SK032A,Veľký Krtíš,SK032,Banskobystrický,48.11066,19.41562,293,293,99106
SK032A516104,Kleňany,Klenany,municipality,,SK032A,Veľký Krtíš,SK032,Banskobystrický,48.11750,19.07256,182,182,99110
SK032A516112,Koláre,Kolare,municipality,,SK032A,Veľký Krtíš,SK032,Banskobystrický,48.06917,19.24453,145,145,99109
SK032A516121,Kosihovce,Kosihovce,municipality,,SK032A,Veľký Krtíš,SK032,Banskobystrický,48.18142,19.20299,290,290,99125
SK032A516139,Kosihy nad Ipľom,Kosihy nad Iplom,municipality,,SK032A,Veľký Krtíš,SK032,Banskobystrický,48.07700,19.17339,188,188,99111
SK032A516147,Kováčovce,Kovacovce,municipality,,SK032A,Veľký Krtíš,SK032,Banskobystrický,48.09667,19.46047,196,196,99106
SK032A516155,Lesenice,Lesenice,municipality,,SK032A,Veľký Krtíš,SK032,Banskobystrický,48.10603,19.24731,235,235,99108
SK032A516163,Ľuboriečka,Luboriecka,municipality,,SK032A,Veľký Krtíš,SK032,Banskobystrický,48.26049,19.52925,136,136,99102
SK032A516171,Malá Čalomija,Mala Calomija,municipality,,SK032A,Veľký Krtíš,SK032,Banskobystrický,48.08443,19.23257,145,145,99108
SK032A516198,Malé Zlievce,Male Zlievce,municipality,,SK032A,Veľký Krtíš,SK032,Banskobystrický,48.18058,19.44674,121,121,99122
SK032A516210,Modrý Kameň,Modry Kamen,city,,SK032A,Veľký Krtíš,SK032,Banskobystrický,48.24034,19.33445,916,1832,99201
SK032A516228,Muľa,Mula,municipality,,SK032A,Veľký Krtíš,SK032,Banskobystrický,48.19305,19.52604,102,102,99122
SK032A516236,Nenince,Nenince,municipality,,SK032A,Veľký Krtíš,SK032,Banskobystrický,48.14647,19.25876,587,587,99126
SK032A516244,Nová Ves,Nova Ves,municipality,,SK032A,Veľký Krtíš,SK032,Banskobystrický,48.16943,19.36605,185,185,99105
SK032A516252,Obeckov,Obeckov,municipality,,SK032A,Veľký Krtíš,SK032,Banskobystrický,48.17129,19.33200,185,185,99105
SK032A516261,Olováry,Olovary,municipality,,SK032A,Veľký Krtíš,SK032,Banskobystrický,48.15221,19.40952,245,245,99122
SK032A516279,Opatovská Nová Ves,Opatovska Nova Ves,municipality,,SK032A,Veľký Krtíš,SK032,Banskobystrický,48.11456,19.27658,340,340,99107
SK032A516287,Opava,Opava,municipality,,SK032A,Veľký Krtíš,SK032,Banskobystrický,48.20834,19.17485,86,86,99125
SK032A516295,Pôtor,Potor,municipality,,SK032A,Veľký Krtíš,SK032,Banskobystrický,48.23061,19.42058,389,389,99103
SK032A516309,Pravica,Pravica,municipality,,SK032A,Veľký Krtíš,SK032,Banskobystrický,48.31947,19.45514,56,56,99121
SK032A516317,Príbelce,Pribelce,municipality,,SK032A,Veľký Krtíš,SK032,Banskobystrický,48.19590,19.25835,349,349,99125
SK032A516333,Sečianky,Secianky,municipality,,SK032A,Veľký Krtíš,SK032,Banskobystrický,48.09438,19.07921,226,226,99110
SK032A516341,Seľany,Selany,municipality,,SK032A,Veľký Krtíš,SK032,Banskobystrický,48.15783,19.18950,176,176,99127
SK032A516368,Senné,Senne,municipality,,SK032A,Veľký Krtíš,SK032,Banskobystrický,48.31374,19.39763,144,144,99101
SK032A516376,Sklabiná,Sklabina,municipality,,SK032A,Veľký Krtíš,SK032,Banskobystrický,48.15858,19.35767,355,355,99105
SK032A516384,Slovenské Ďarmoty,Slovenske Darmoty,municipality,,SK032A,Veľký Krtíš,SK032,Banskobystrický,48.09211,19.29050,214,214,99107
SK032A516392,Slovenské Kľačany,Slovenske Klacany,municipality,,SK032A,Veľký Krtíš,SK032,Banskobystrický,48.26402,19.44859,84,84,99102
SK032A516406,Stredné Plachtince,Stredne Plachtince,municipality,,SK032A,Veľký Krtíš,SK032,Banskobystrický,48.22576,19.29291,367,367,99124
SK032A516414,Sucháň,Suchan,municipality,,SK032A,Veľký Krtíš,SK032,Banskobystrický,48.31010,19.22197,233,233,99135
SK032A516422,Suché Brezovo,Suche Brezovo,municipality,,SK032A,Veľký Krtíš,SK032,Banskobystrický,48.30863,19.35845,125,125,99103
SK032A516431,Širákov,Sirakov,municipality,,SK032A,Veľký Krtíš,SK032,Banskobystrický,48.14914,19.18539,222,222,99127
SK032A516449,Šuľa,Sula,municipality,,SK032A,Veľký Krtíš,SK032,Banskobystrický,48.35537,19.40807,45,45,99101
SK032A516457,Trebušovce,Trebusovce,municipality,,SK032A,Veľký Krtíš,SK032,Banskobystrický,48.11763,19.19702,113,113,99127
SK032A516465,Veľká Čalomija,Velka Calomija,municipality,,SK032A,Veľký Krtíš,SK032,Banskobystrický,48.07009,19.20103,260,260,99109
SK032A516473,Veľká Ves nad Ipľom,Velka Ves nad Iplom,municipality,,SK032A,Veľký Krtíš,SK032,Banskobystrický,48.07762,19.08249,221,221,99110
SK032A516490,Veľké Zlievce,Velke Zlievce,municipality,,SK032A,Veľký Krtíš,SK032,Banskobystrický,48.19649,19.45847,321,321,99123
SK032A516503,Veľký Lom,Velky Lom,municipality,,SK032A,Veľký Krtíš,SK032,Banskobystrický,48.33850,19.37108,169,169,99103
SK032A516511,Vieska,Vieska,municipality,,SK032A,Veľký Krtíš,SK032,Banskobystrický,48.26132,19.46639,85,85,99102
SK032A516520,Vinica,Vinica,municipality,,SK032A,Veľký Krtíš,SK032,Banskobystrický,48.11989,19.11823,1523,1523,99128
SK032A516538,Vrbovka,Vrbovka,municipality,,SK032A,Veľký Krtíš,SK032,Banskobystrický,48.08972,19.40766,274,274,99106
SK032A516546,Záhorce,Zahorce,municipality,,SK032A,Veľký Krtíš,SK032,Banskobystrický,48.10856,19.34024,388,388,99106
SK032A516554,Závada,Zavada,municipality,,SK032A,Veľký Krtíš,SK032,Banskobystrický,48.29074,19.48681,152,152,99121
SK032A516562,Zombor,Zombor,municipality,,SK032A,Veľký Krtíš,SK032,Banskobystrický,48.13633,19.44819,71,71,99122
SK032A516571,Želovce,Zelovce,municipality,,SK032A,Veľký Krtíš,SK032,Banskobystrický,48.12312,19.35467,646,646,99105|99106
SK032A558192,Malý Krtíš,Maly Krtis,municipality,,SK032A,Veľký Krtíš,SK032,Banskobystrický,48.18922,19.35318,213,213,99001
SK032A558206,Malé Straciny,Male Straciny,municipality,,SK032A,Veľký Krtíš,SK032,Banskobystrický,48.20944,19.41323,105,105,99001
SK032A558214,Veľké Straciny,Velke Straciny,municipality,,SK032A,Veľký Krtíš,SK032,Banskobystrický,48.19634,19.39597,78,78,99001
SK032B518158,Zvolen,Zvolen,city,,SK032B,Zvolen,SK032,Banskobystrický,48.57425,19.13844,10604,21208,96001|96221
SK032B518166,Babiná,Babina,municipality,,SK032B,Zvolen,SK032,Banskobystrický,48.43446,19.09047,282,282,96261
SK032B518174,Bacúrov,Bacurov,municipality,,SK032B,Zvolen,SK032,Banskobystrický,48.51975,19.05908,98,98,96261
SK032B518191,Breziny,Breziny,municipality,,SK032B,Zvolen,SK032,Banskobystrický,48.51277,19.08429,149,149,96261
SK032B518204,Budča,Budca,municipality,,SK032B,Zvolen,SK032,Banskobystrický,48.57438,19.06762,691,691,96233
SK032B518221,Bzovská Lehôtka,Bzovska Lehotka,municipality,,SK032B,Zvolen,SK032,Banskobystrický,48.41362,19.13137,82,82,96262
SK032B518298,Dobrá Niva,Dobra Niva,municipality,,SK032B,Zvolen,SK032,Banskobystrický,48.47282,19.10234,888,888,96001|96261
SK032B518361,Dubové,Dubove,municipality,,SK032B,Zvolen,SK032,Banskobystrický,48.50564,19.04652,188,188,96261
SK032B518476,Hronská Breznica,Hronska Breznica,municipality,,SK032B,Zvolen,SK032,Banskobystrický,48.56775,18.99738,195,195,96611
SK032B518506,Kováčová,Kovacova,municipality,,SK032B,Zvolen,SK032,Banskobystrický,48.60216,19.10138,815,815,96237
SK032B518581,Lešť (vojenský obvod),Lest (vojensky obvod),military_district,,SK032B,Zvolen,SK032,Banskobystrický,48.37431,19.21889,18,18,96263|99201
SK032B518654,Michalková,Michalkova,municipality,,SK032B,Zvolen,SK032,Banskobystrický,48.50784,19.14884,71,71,96261
SK032B518662,Očová,Ocova,municipality,,SK032B,Zvolen,SK032,Banskobystrický,48.60137,19.29036,1862,1862,96212|96223
SK032B518671,Ostrá Lúka,Ostra Luka,municipality,,SK032B,Zvolen,SK032,Banskobystrický,48.54587,19.05220,178,178,96261
SK032B518689,Pliešovce,Pliesovce,municipality,,SK032B,Zvolen,SK032,Banskobystrický,48.42721,19.16849,1597,1597,96263
SK032B518697,Podzámčok,Podzamcok,municipality,,SK032B,Zvolen,SK032,Banskobystrický,48.50123,19.10669,276,276,96261
SK032B518727,Sása,Sasa,municipality,,SK032B,Zvolen,SK032,Banskobystrický,48.43570,19.13330,482,482,96262
SK032B518760,Sielnica,Sielnica,municipality,,SK032B,Zvolen,SK032,Banskobystrický,48.63567,19.10930,719,719,96231
SK032B518808,Sliač,Sliac,city,,SK032B,Zvolen,SK032,Banskobystrický,48.61411,19.14542,1664,3328,96231|96237
SK032B518875,Tŕnie,Trnie,municipality,,SK032B,Zvolen,SK032,Banskobystrický,48.60509,19.03048,259,259,96234
SK032B518891,Turová,Turova,municipality,,SK032B,Zvolen,SK032,Banskobystrický,48.59967,19.05925,300,300,96234
SK032B518972,Zvolenská Slatina,Zvolenska Slatina,municipality,,SK032B,Zvolen,SK032,Banskobystrický,48.56341,19.26243,1475,1475,96201
SK032B518981,Železná Breznica,Zelezna Breznica,municipality,,SK032B,Zvolen,SK032,Banskobystrický,48.61498,19.01083,354,354,96234
SK032B558087,Lukavica,Lukavica,municipality,,SK032B,Zvolen,SK032,Banskobystrický,48.64162,19.20937,137,137,96231
SK032B558133,Lieskovec,Lieskovec,municipality,,SK032B,Zvolen,SK032,Banskobystrický,48.57787,19.18792,650,650,96001|96221
SK032B581585,Veľká Lúka,Velka Luka,municipality,,SK032B,Zvolen,SK032,Banskobystrický,48.62935,19.16726,367,367,96231
SK032C516759,Hodruša-Hámre,Hodrusa-Hamre,municipality,,SK032C,Žarnovica,SK032,Banskobystrický,48.45501,18.78993,1278,1278,96661|96663|96681
SK032C516805,Horné Hámre,Horne Hamre,municipality,,SK032C,Žarnovica,SK032,Banskobystrický,48.49699,18.66366,539,539,96671|96681|96801
SK032C516813,Hrabičov,Hrabicov,municipality,,SK032C,Žarnovica,SK032,Banskobystrický,48.53606,18.67035,325,325,96678
SK032C516830,Hronský Beňadik,Hronsky Benadik,municipality,,SK032C,Žarnovica,SK032,Banskobystrický,48.34677,18.55846,942,942,96653
SK032C516902,Kľak,Klak,municipality,,SK032C,Žarnovica,SK032,Banskobystrický,48.58301,18.64204,182,182,96677
SK032C517062,Malá Lehota,Mala Lehota,municipality,,SK032C,Žarnovica,SK032,Banskobystrický,48.49840,18.56948,631,631,96642
SK032C517097,Nová Baňa,Nova Bana,city,,SK032C,Žarnovica,SK032,Banskobystrický,48.43096,18.63374,3646,7292,96801
SK032C517119,Ostrý Grúň,Ostry Grun,municipality,,SK032C,Žarnovica,SK032,Banskobystrický,48.56250,18.66324,340,340,96677
SK032C517127,Píla,Pila,municipality,,SK032C,Žarnovica,SK032,Banskobystrický,48.52099,18.59540,154,154,96681
SK032C517232,Rudno nad Hronom,Rudno nad Hronom,municipality,,SK032C,Žarnovica,SK032,Banskobystrický,48.42608,18.68689,345,345,96651
SK032C517291,Tekovská Breznica,Tekovska Breznica,municipality,,SK032C,Žarnovica,SK032,Banskobystrický,48.38542,18.61724,631,631,96652
SK032C517330,Veľká Lehota,Velka Lehota,municipality,,SK032C,Žarnovica,SK032,Banskobystrický,48.45838,18.56130,641,641,96641
SK032C517348,Veľké Pole,Velke Pole,municipality,,SK032C,Žarnovica,SK032,Banskobystrický,48.54498,18.56057,311,311,96674|96681
SK032C517356,Voznica,Voznica,municipality,,SK032C,Žarnovica,SK032,Banskobystrický,48.45944,18.70061,315,315,96681
SK032C517381,Žarnovica,Zarnovica,city,,SK032C,Žarnovica,SK032,Banskobystrický,48.48336,18.71676,2192,4384,96681
SK032C517399,Župkov,Zupkov,municipality,,SK032C,Žarnovica,SK032,Banskobystrický,48.52652,18.64313,389,389,96671
SK032C580546,Orovnica,Orovnica,municipality,,SK032C,Žarnovica,SK032,Banskobystrický,48.38872,18.60007,268,268,96652
SK032C581607,Brehy,Brehy,municipality,,SK032C,Žarnovica,SK032,Banskobystrický,48.40415,18.65280,534,534,96801
SK032D516589,Žiar nad Hronom,Ziar nad Hronom,city,,SK032D,Žiar nad Hronom,SK032,Banskobystrický,48.58942,18.85471,2034,4068,96501
SK032D516660,Bartošova Lehôtka,Bartosova Lehotka,municipality,,SK032D,Žiar nad Hronom,SK032,Banskobystrický,48.65438,18.91258,251,251,96701
SK032D516708,Bzenica,Bzenica,municipality,,SK032D,Žiar nad Hronom,SK032,Banskobystrický,48.52987,18.74139,378,378,96601|96602|96681
SK032D516724,Dolná Trnávka,Dolna Trnavka,municipality,,SK032D,Žiar nad Hronom,SK032,Banskobystrický,48.56117,18.78702,151,151,96621
SK032D516732,Dolná Ves,Dolna Ves,municipality,,SK032D,Žiar nad Hronom,SK032,Banskobystrický,48.66550,18.91291,124,124,96701
SK032D516741,Dolná Ždaňa,Dolna Zdana,municipality,,SK032D,Žiar nad Hronom,SK032,Banskobystrický,48.54693,18.76302,273,273,96601
SK032D516767,Hliník nad Hronom,Hlinik nad Hronom,municipality,,SK032D,Žiar nad Hronom,SK032,Banskobystrický,48.53777,18.78512,1012,1012,96601
SK032D516791,Horná Ždaňa,Horna Zdana,municipality,,SK032D,Žiar nad Hronom,SK032,Banskobystrický,48.56962,18.74830,264,264,96604
SK032D516821,Hronská Dúbrava,Hronska Dubrava,municipality,,SK032D,Žiar nad Hronom,SK032,Banskobystrický,48.57842,18.99123,281,281,96611
SK032D516848,Ihráč,Ihrac,municipality,,SK032D,Žiar nad Hronom,SK032,Banskobystrický,48.65563,18.95266,220,220,96701
SK032D516872,Janova Lehota,Janova Lehota,municipality,,SK032D,Žiar nad Hronom,SK032,Banskobystrický,48.65696,18.78126,468,468,96624
SK032D516881,Jastrabá,Jastraba,municipality,,SK032D,Žiar nad Hronom,SK032,Banskobystrický,48.63267,18.93460,252,252,96701
SK032D516937,Kopernica,Kopernica,municipality,,SK032D,Žiar nad Hronom,SK032,Banskobystrický,48.68098,18.87217,236,236,96701
SK032D516945,Kosorín,Kosorin,municipality,,SK032D,Žiar nad Hronom,SK032,Banskobystrický,48.65070,18.80835,194,194,96624
SK032D516961,Krahule,Krahule,municipality,,SK032D,Žiar nad Hronom,SK032,Banskobystrický,48.72748,18.94020,234,234,96701
SK032D516970,Kremnica,Kremnica,city,,SK032D,Žiar nad Hronom,SK032,Banskobystrický,48.70330,18.91882,1136,2272,96701
SK032D516988,Kremnické Bane,Kremnicke Bane,municipality,,SK032D,Žiar nad Hronom,SK032,Banskobystrický,48.73373,18.90797,183,183,96701
SK032D516996,Kunešov,Kunesov,municipality,,SK032D,Žiar nad Hronom,SK032,Banskobystrický,48.73320,18.86963,134,134,96701
SK032D517011,Lehôtka pod Brehmi,Lehotka pod Brehmi,municipality,,SK032D,Žiar nad Hronom,SK032,Banskobystrický,48.54252,18.80620,181,181,96601
SK032D517020,Lovča,Lovca,municipality,,SK032D,Žiar nad Hronom,SK032,Banskobystrický,48.57269,18.81606,294,294,96621
SK032D517038,Lovčica-Trubín,Lovcica-Trubin,municipality,,SK032D,Žiar nad Hronom,SK032,Banskobystrický,48.61747,18.78868,688,688,96623
SK032D517046,Lúčky,Lucky,municipality,,SK032D,Žiar nad Hronom,SK032,Banskobystrický,48.69728,18.89523,97,97,96701
SK032D517089,Nevoľné,Nevolne,municipality,,SK032D,Žiar nad Hronom,SK032,Banskobystrický,48.67036,18.94340,185,185,96701
SK032D517135,Pitelová,Pitelova,municipality,,SK032D,Žiar nad Hronom,SK032,Banskobystrický,48.59849,18.93036,298,298,96611
SK032D517186,Prestavlky,Prestavlky,municipality,,SK032D,Žiar nad Hronom,SK032,Banskobystrický,48.58576,18.75748,358,358,96601
SK032D517194,Prochot,Prochot,municipality,,SK032D,Žiar nad Hronom,SK032,Banskobystrický,48.61116,18.70710,380,380,96604
SK032D517216,Repište,Repiste,municipality,,SK032D,Žiar nad Hronom,SK032,Banskobystrický,48.51537,18.84566,231,231,96603
SK032D517241,Sklené Teplice,Sklene Teplice,municipality,,SK032D,Žiar nad Hronom,SK032,Banskobystrický,48.52882,18.86304,333,333,96603
SK032D517259,Slaská,Slaska,municipality,,SK032D,Žiar nad Hronom,SK032,Banskobystrický,48.65904,18.83607,328,328,96622
SK032D517267,Stará Kremnička,Stara Kremnicka,municipality,,SK032D,Žiar nad Hronom,SK032,Banskobystrický,48.60435,18.88915,411,411,96501
SK032D517313,Trnavá Hora,Trnava Hora,municipality,,SK032D,Žiar nad Hronom,SK032,Banskobystrický,48.59072,18.95649,582,582,96611
SK032D517364,Vyhne,Vyhne,municipality,,SK032D,Žiar nad Hronom,SK032,Banskobystrický,48.50465,18.80129,808,808,96602
SK032D581747,Horná Ves,Horna Ves,municipality,,SK032D,Žiar nad Hronom,SK032,Banskobystrický,48.67746,18.91083,183,183,96701
SK032D599328,Ladomerská Vieska,Ladomerska Vieska,municipality,,SK032D,Žiar nad Hronom,SK032,Banskobystrický,48.57588,18.87546,502,502,96501
SK032D599336,Lutila,Lutila,municipality,,SK032D,Žiar nad Hronom,SK032,Banskobystrický,48.61529,18.84294,755,755,96622
SK0411518964,Vaniškovce,Vaniskovce,municipality,,SK0411,Bardejov,SK041,Prešovský,49.16578,21.29734,126,126,08641
SK0411519006,Bardejov,Bardejov,city,,SK0411,Bardejov,SK041,Prešovský,49.29616,21.27858,4769,9538,08501|08631
SK0411519014,Abrahámovce,Abrahamovce,municipality,,SK0411,Bardejov,SK041,Prešovský,49.16147,21.34259,105,105,08641
SK0411519022,Andrejová,Andrejova,municipality,,SK0411,Bardejov,SK041,Prešovský,49.33284,21.33180,125,125,08637
SK0411519049,Bartošovce,Bartosovce,municipality,,SK0411,Bardejov,SK041,Prešovský,49.19557,21.27719,282,282,08642
SK0411519057,Becherov,Becherov,municipality,,SK0411,Bardejov,SK041,Prešovský,49.41973,21.31246,149,149,08635
SK0411519065,Beloveža,Beloveza,municipality,,SK0411,Bardejov,SK041,Prešovský,49.29652,21.36816,301,301,08614
SK0411519073,Bogliarka,Bogliarka,municipality,,SK0411,Bardejov,SK041,Prešovský,49.27854,21.15141,46,46,08604
SK0411519081,Brezov,Brezov,municipality,,SK0411,Bardejov,SK041,Prešovský,49.14322,21.49328,155,155,08701
SK0411519090,Brezovka,Brezovka,municipality,,SK0411,Bardejov,SK041,Prešovský,49.27184,21.42012,43,43,08611
SK0411519103,Buclovany,Buclovany,municipality,,SK0411,Bardejov,SK041,Prešovský,49.15553,21.36574,85,85,08643
SK0411519111,Cigeľka,Cigelka,municipality,,SK0411,Bardejov,SK041,Prešovský,49.40504,21.14772,146,146,08602
SK0411519138,Dubinné,Dubinne,municipality,,SK0411,Bardejov,SK041,Prešovský,49.24578,21.43729,132,132,08612
SK0411519154,Frička,Fricka,municipality,,SK0411,Bardejov,SK041,Prešovský,49.40181,21.08907,84,84,08602
SK0411519162,Fričkovce,Frickovce,municipality,,SK0411,Bardejov,SK041,Prešovský,49.18531,21.24020,229,229,08642
SK0411519171,Gaboltov,Gaboltov,municipality,,SK0411,Bardejov,SK041,Prešovský,49.36506,21.14197,183,183,08602
SK0411519189,Gerlachov,Gerlachov,municipality,,SK0411,Bardejov,SK041,Prešovský,49.32068,21.11130,270,270,08604
SK0411519201,Hankovce,Hankovce,municipality,,SK0411,Bardejov,SK041,Prešovský,49.20336,21.40595,136,136,08646
SK0411519219,Harhaj,Harhaj,municipality,,SK0411,Bardejov,SK041,Prešovský,49.18767,21.41982,74,74,08645
SK0411519227,Hažlín,Hazlin,municipality,,SK0411,Bardejov,SK041,Prešovský,49.30107,21.41998,418,418,08614
SK0411519235,Hertník,Hertnik,municipality,,SK0411,Bardejov,SK041,Prešovský,49.20689,21.23746,390,390,08642
SK0411519243,Hervartov,Hervartov,municipality,,SK0411,Bardejov,SK041,Prešovský,49.24725,21.20658,194,194,08622
SK0411519251,Hrabovec,Hrabovec,municipality,,SK0411,Bardejov,SK041,Prešovský,49.27287,21.37816,147,147,08611
SK0411519260,Hrabské,Hrabske,municipality,,SK0411,Bardejov,SK041,Prešovský,49.33702,21.07356,129,129,08606
SK0411519278,Hutka,Hutka,municipality,,SK0411,Bardejov,SK041,Prešovský,49.39779,21.42937,59,59,08636
SK0411519286,Chmeľová,Chmelova,municipality,,SK0411,Bardejov,SK041,Prešovský,49.39860,21.29767,195,195,08633
SK0411519294,Janovce,Janovce,municipality,,SK0411,Bardejov,SK041,Prešovský,49.18994,21.30577,157,157,08641
SK0411519308,Jedlinka,Jedlinka,municipality,,SK0411,Bardejov,SK041,Prešovský,49.39866,21.37051,60,60,08636
SK0411519324,Kľušov,Klusov,municipality,,SK0411,Bardejov,SK041,Prešovský,49.24820,21.25641,368,368,08622
SK0411519341,Kobyly,Kobyly,municipality,,SK0411,Bardejov,SK041,Prešovský,49.21484,21.29716,335,335,08622
SK0411519359,Kochanovce,Kochanovce,municipality,,SK0411,Bardejov,SK041,Prešovský,49.19029,21.38752,82,82,08646
SK0411519367,Komárov,Komarov,municipality,,SK0411,Bardejov,SK041,Prešovský,49.28093,21.34932,169,169,08611
SK0411519375,Koprivnica,Koprivnica,municipality,,SK0411,Bardejov,SK041,Prešovský,49.15655,21.39699,231,231,08643|08645
SK0411519383,Kožany,Kozany,municipality,,SK0411,Bardejov,SK041,Prešovský,49.21563,21.49170,44,44,08612
SK0411519405,Krivé,Krive,municipality,,SK0411,Bardejov,SK041,Prešovský,49.29524,21.14842,74,74,08604
SK0411519413,Kríže,Krize,municipality,,SK0411,Bardejov,SK041,Prešovský,49.24269,21.14945,56,56,08604
SK0411519421,Kružlov,Kruzlov,municipality,,SK0411,Bardejov,SK041,Prešovský,49.31004,21.13359,286,286,08604
SK0411519430,Kučín,Kucin,municipality,,SK0411,Bardejov,SK041,Prešovský,49.20918,21.45428,103,103,08612
SK0411519456,Kurima,Kurima,municipality,,SK0411,Bardejov,SK041,Prešovský,49.22742,21.45249,327,327,08612
SK0411519464,Kurov,Kurov,municipality,,SK0411,Bardejov,SK041,Prešovský,49.34208,21.13443,176,176,08604
SK0411519472,Lascov,Lascov,municipality,,SK0411,Bardejov,SK041,Prešovský,49.15793,21.47474,136,136,08645
SK0411519481,Lenartov,Lenartov,municipality,,SK0411,Bardejov,SK041,Prešovský,49.30952,21.01900,240,240,08606
SK0411519499,Lipová,Lipova,municipality,,SK0411,Bardejov,SK041,Prešovský,49.26216,21.48101,39,39,08612
SK0411519502,Livov,Livov,municipality,,SK0411,Bardejov,SK041,Prešovský,49.25247,21.09070,72,72,08605
SK0411519511,Livovská Huta,Livovska Huta,municipality,,SK0411,Bardejov,SK041,Prešovský,49.24338,21.03087,42,42,08605
SK0411519529,Lopúchov,Lopuchov,municipality,,SK0411,Bardejov,SK041,Prešovský,49.13872,21.36962,107,107,08641
SK0411519545,Lukavica,Lukavica,municipality,,SK0411,Bardejov,SK041,Prešovský,49.26238,21.32216,121,121,08621
SK0411519553,Lukov,Lukov,municipality,,SK0411,Bardejov,SK041,Prešovský,49.29276,21.08007,177,177,08605
SK0411519570,Malcov,Malcov,municipality,,SK0411,Bardejov,SK041,Prešovský,49.30532,21.06127,359,359,08606
SK0411519588,Marhaň,Marhan,municipality,,SK0411,Bardejov,SK041,Prešovský,49.17002,21.45003,235,235,08645
SK0411519600,Mikulášová,Mikulasova,municipality,,SK0411,Bardejov,SK041,Prešovský,49.38707,21.38921,128,128,08636
SK0411519618,Mokroluh,Mokroluh,municipality,,SK0411,Bardejov,SK041,Prešovský,49.30845,21.21277,262,262,08601
SK0411519626,Nemcovce,Nemcovce,municipality,,SK0411,Bardejov,SK041,Prešovský,49.20969,21.44071,77,77,08612
SK0411519634,Nižná Polianka,Nizna Polianka,municipality,,SK0411,Bardejov,SK041,Prešovský,49.40485,21.40076,125,125,08636
SK0411519642,Nižná Voľa,Nizna Vola,municipality,,SK0411,Bardejov,SK041,Prešovský,49.22430,21.37132,81,81,08621
SK0411519669,Nižný Tvarožec,Nizny Tvarozec,municipality,,SK0411,Bardejov,SK041,Prešovský,49.36215,21.18502,105,105,08602
SK0411519677,Oľšavce,Olsavce,municipality,,SK0411,Bardejov,SK041,Prešovský,49.20317,21.38467,60,60,08646
SK0411519685,Ondavka,Ondavka,municipality,,SK0411,Bardejov,SK041,Prešovský,49.43759,21.33699,27,27,08636
SK0411519693,Ortuťová,Ortutova,municipality,,SK0411,Bardejov,SK041,Prešovský,49.27047,21.45586,59,59,08612
SK0411519707,Osikov,Osikov,municipality,,SK0411,Bardejov,SK041,Prešovský,49.17421,21.26254,285,285,08642
SK0411519715,Petrová,Petrova,municipality,,SK0411,Bardejov,SK041,Prešovský,49.38519,21.12262,105,105,08602
SK0411519723,Poliakovce,Poliakovce,municipality,,SK0411,Bardejov,SK041,Prešovský,49.25482,21.40622,127,127,08611
SK0411519731,Porúbka,Porubka,municipality,,SK0411,Bardejov,SK041,Prešovský,49.19945,21.42799,70,70,08612
SK0411519740,Regetovka,Regetovka,municipality,,SK0411,Bardejov,SK041,Prešovský,49.42175,21.27121,108,108,08633
SK0411519758,Rešov,Resov,municipality,,SK0411,Bardejov,SK041,Prešovský,49.23910,21.33107,136,136,08621
SK0411519766,Richvald,Richvald,municipality,,SK0411,Bardejov,SK041,Prešovský,49.27516,21.19214,319,319,08501
SK0411519774,Rokytov,Rokytov,municipality,,SK0411,Bardejov,SK041,Prešovský,49.31850,21.18974,135,135,08601
SK0411519782,Smilno,Smilno,municipality,,SK0411,Bardejov,SK041,Prešovský,49.38335,21.35268,268,268,08633
SK0411519791,Snakov,Snakov,municipality,,SK0411,Bardejov,SK041,Prešovský,49.32506,21.05283,170,170,08606
SK0411519804,Stebnícka Huta,Stebnicka Huta,municipality,,SK0411,Bardejov,SK041,Prešovský,49.40984,21.24952,119,119,08633
SK0411519812,Stebník,Stebnik,municipality,,SK0411,Bardejov,SK041,Prešovský,49.37957,21.26696,163,163,08633
SK0411519821,Stuľany,Stulany,municipality,,SK0411,Bardejov,SK041,Prešovský,49.14355,21.40505,179,179,08643
SK0411519839,Sveržov,Sverzov,municipality,,SK0411,Bardejov,SK041,Prešovský,49.33476,21.16030,172,172,08602
SK0411519847,Šarišské Čierne,Sarisske Cierne,municipality,,SK0411,Bardejov,SK041,Prešovský,49.34538,21.38169,123,123,08637
SK0411519855,Šašová,Sasova,municipality,,SK0411,Bardejov,SK041,Prešovský,49.25593,21.44986,60,60,08612
SK0411519863,Šiba,Siba,municipality,,SK0411,Bardejov,SK041,Prešovský,49.23113,21.22338,191,191,08622
SK0411519871,Tarnov,Tarnov,municipality,,SK0411,Bardejov,SK041,Prešovský,49.32060,21.16859,144,144,08601
SK0411519880,Tročany,Trocany,municipality,,SK0411,Bardejov,SK041,Prešovský,49.18246,21.32227,128,128,08641
SK0411519901,Varadka,Varadka,municipality,,SK0411,Bardejov,SK041,Prešovský,49.41201,21.38527,66,66,08636
SK0411519910,Vyšná Polianka,Vysna Polianka,municipality,,SK0411,Bardejov,SK041,Prešovský,49.42904,21.35158,60,60,08636
SK0411519928,Vyšná Voľa,Vysna Vola,municipality,,SK0411,Bardejov,SK041,Prešovský,49.24847,21.36185,125,125,08621
SK0411519936,Raslavice,Raslavice,municipality,,SK0411,Bardejov,SK041,Prešovský,49.14950,21.31967,756,756,08641
SK0411519944,Vyšný Kručov,Vysny Krucov,municipality,,SK0411,Bardejov,SK041,Prešovský,49.16972,21.43416,53,53,08645
SK0411519952,Vyšný Tvarožec,Vysny Tvarozec,municipality,,SK0411,Bardejov,SK041,Prešovský,49.38243,21.19579,65,65,08602
SK0411519961,Zborov,Zborov,municipality,,SK0411,Bardejov,SK041,Prešovský,49.36580,21.30667,738,738,08633
SK0411519979,Zlaté,Zlate,municipality,,SK0411,Bardejov,SK041,Prešovský,49.34069,21.20259,259,259,08601
SK0412518638,Valaškovce,Valaskovce,military_district,,SK0412,Humenné,SK041,Prešovský,48.90031,22.00717,10,10,06783
SK0412520004,Humenné,Humenne,city,,SK0412,Humenné,SK041,Prešovský,48.93583,21.90879,5934,11868,06601
SK0412520012,Adidovce,Adidovce,municipality,,SK0412,Humenné,SK041,Prešovský,49.01591,22.03658,104,104,06732
SK0412520021,Baškovce,Baskovce,municipality,,SK0412,Humenné,SK041,Prešovský,49.03330,21.83772,148,148,06723
SK0412520055,Brekov,Brekov,municipality,,SK0412,Humenné,SK041,Prešovský,48.90515,21.83843,366,366,06601
SK0412520063,Brestov,Brestov,municipality,,SK0412,Humenné,SK041,Prešovský,48.96816,21.88546,258,258,06601
SK0412520110,Černina,Cernina,municipality,,SK0412,Humenné,SK041,Prešovský,49.05284,21.82297,75,75,06723
SK0412520152,Dedačov,Dedacov,municipality,,SK0412,Humenné,SK041,Prešovský,49.03363,21.97316,50,50,06712
SK0412520195,Hankovce,Hankovce,municipality,,SK0412,Humenné,SK041,Prešovský,49.02672,21.94721,175,175,06712
SK0412520225,Hrabovec nad Laborcom,Hrabovec nad Laborcom,municipality,,SK0412,Humenné,SK041,Prešovský,49.09677,21.93894,184,184,06701
SK0412520233,Hrubov,Hrubov,municipality,,SK0412,Humenné,SK041,Prešovský,49.09388,21.86210,156,156,06723
SK0412520241,Hudcovce,Hudcovce,municipality,,SK0412,Humenné,SK041,Prešovský,48.90826,21.79002,136,136,06745
SK0412520250,Rokytov pri Humennom,Rokytov pri Humennom,municipality,,SK0412,Humenné,SK041,Prešovský,49.10443,21.99239,204,204,06713
SK0412520268,Chlmec,Chlmec,municipality,,SK0412,Humenné,SK041,Prešovský,48.88660,21.94001,223,223,06741
SK0412520276,Jabloň,Jablon,municipality,,SK0412,Humenné,SK041,Prešovský,49.06579,21.97910,123,123,06713
SK0412520292,Jankovce,Jankovce,municipality,,SK0412,Humenné,SK041,Prešovský,49.05867,21.79709,94,94,06724
SK0412520331,Kamenica nad Cirochou,Kamenica nad Cirochou,municipality,,SK0412,Humenné,SK041,Prešovský,48.93041,21.99778,830,830,06783
SK0412520349,Kamienka,Kamienka,municipality,,SK0412,Humenné,SK041,Prešovský,48.90600,21.99973,225,225,06783
SK0412520357,Karná,Karna,municipality,,SK0412,Humenné,SK041,Prešovský,48.98327,21.80569,131,131,06745
SK0412520373,Kochanovce,Kochanovce,municipality,,SK0412,Humenné,SK041,Prešovský,48.95331,21.94289,289,289,06601
SK0412520403,Koškovce,Koskovce,municipality,,SK0412,Humenné,SK041,Prešovský,49.04788,21.95509,201,201,06712
SK0412520446,Lieskovec,Lieskovec,municipality,,SK0412,Humenné,SK041,Prešovský,48.95267,21.81698,176,176,06745
SK0412520454,Ľubiša,Lubisa,municipality,,SK0412,Humenné,SK041,Prešovský,49.00447,21.94730,243,243,06711
SK0412520462,Lukačovce,Lukacovce,municipality,,SK0412,Humenné,SK041,Prešovský,49.02934,21.78339,161,161,06724
SK0412520497,Modra nad Cirochou,Modra nad Cirochou,municipality,,SK0412,Humenné,SK041,Prešovský,48.94388,22.04240,330,330,06782
SK0412520501,Myslina,Myslina,municipality,,SK0412,Humenné,SK041,Prešovský,48.94551,21.85344,197,197,06601
SK0412520527,Nechválova Polianka,Nechvalova Polianka,municipality,,SK0412,Humenné,SK041,Prešovský,49.07185,22.09289,96,96,06733
SK0412520535,Nižná Jablonka,Nizna Jablonka,municipality,,SK0412,Humenné,SK041,Prešovský,49.12585,22.08577,87,87,06734
SK0412520543,Nižné Ladičkovce,Nizne Ladickovce,municipality,,SK0412,Humenné,SK041,Prešovský,49.02263,21.90196,130,130,06711
SK0412520560,Ohradzany,Ohradzany,municipality,,SK0412,Humenné,SK041,Prešovský,48.99884,21.84049,245,245,06722
SK0412520624,Papín,Papin,municipality,,SK0412,Humenné,SK041,Prešovský,49.09391,22.06005,343,343,06733
SK0412520667,Porúbka,Porubka,municipality,,SK0412,Humenné,SK041,Prešovský,48.86340,21.95782,123,123,06741
SK0412520683,Ptičie,Pticie,municipality,,SK0412,Humenné,SK041,Prešovský,48.90399,21.95825,259,259,06601|06741
SK0412520721,Rovné,Rovne,municipality,,SK0412,Humenné,SK041,Prešovský,48.97850,22.00767,161,161,06732
SK0412520772,Slovenská Volová,Slovenska Volova,municipality,,SK0412,Humenné,SK041,Prešovský,48.98112,21.84698,196,196,06722
SK0412520781,Slovenské Krivé,Slovenske Krive,municipality,,SK0412,Humenné,SK041,Prešovský,49.07240,22.00379,58,58,06713
SK0412520896,Topoľovka,Topolovka,municipality,,SK0412,Humenné,SK041,Prešovský,48.92444,21.80854,321,321,06745
SK0412520900,Turcovce,Turcovce,municipality,,SK0412,Humenné,SK041,Prešovský,49.05271,21.84599,123,123,06723
SK0412520926,Udavské,Udavske,municipality,,SK0412,Humenné,SK041,Prešovský,48.97395,21.96240,561,561,06731
SK0412520977,Veľopolie,Velopolie,municipality,,SK0412,Humenné,SK041,Prešovský,48.99280,21.95443,137,137,06731
SK0412520985,Víťazovce,Vitazovce,municipality,,SK0412,Humenné,SK041,Prešovský,49.00880,21.80657,147,147,06724
SK0412521019,Vyšná Jablonka,Vysna Jablonka,municipality,,SK0412,Humenné,SK041,Prešovský,49.15483,22.10011,111,111,06734
SK0412521027,Vyšné Ladičkovce,Vysne Ladickovce,municipality,,SK0412,Humenné,SK041,Prešovský,49.03740,21.89027,81,81,06711
SK0412521035,Vyšný Hrušov,Vysny Hrusov,municipality,,SK0412,Humenné,SK041,Prešovský,48.99301,22.01083,175,175,06732
SK0412521043,Závadka,Zavadka,municipality,,SK0412,Humenné,SK041,Prešovský,48.92791,21.84062,171,171,06601
SK0412521086,Zbudské Dlhé,Zbudske Dlhe,municipality,,SK0412,Humenné,SK041,Prešovský,49.08149,21.95729,181,181,06712
SK0412521116,Zubné,Zubne,municipality,,SK0412,Humenné,SK041,Prešovský,49.04650,22.06258,161,161,06733
SK0412528803,Košarovce,Kosarovce,municipality,,SK0412,Humenné,SK041,Prešovský,49.04361,21.78050,184,184,09406
SK0412528897,Nižná Sitnica,Nizna Sitnica,municipality,,SK0412,Humenné,SK041,Prešovský,49.06818,21.79338,115,115,09407
SK0412528951,Pakostov,Pakostov,municipality,,SK0412,Humenné,SK041,Prešovský,49.09260,21.82447,160,160,09407
SK0412529010,Prituľany,Pritulany,municipality,,SK0412,Humenné,SK041,Prešovský,49.12898,21.77443,52,52,09408
SK0412529061,Rohožník,Rohoznik,municipality,,SK0412,Humenné,SK041,Prešovský,49.11178,21.76191,29,29,09407
SK0412529087,Ruská Kajňa,Ruska Kajna,municipality,,SK0412,Humenné,SK041,Prešovský,49.11864,21.83798,57,57,09407
SK0412529095,Ruská Poruba,Ruska Poruba,municipality,,SK0412,Humenné,SK041,Prešovský,49.13976,21.79105,111,111,09408
SK0412529249,Vyšná Sitnica,Vysna Sitnica,municipality,,SK0412,Humenné,SK041,Prešovský,49.09685,21.78849,124,124,09407
SK0412529273,Závada,Zavada,municipality,,SK0412,Humenné,SK041,Prešovský,49.17273,21.78527,46,46,09408
SK0412559547,Jasenov,Jasenov,municipality,,SK0412,Humenné,SK041,Prešovský,48.90810,21.90326,565,565,06601
SK0412559598,Hažín nad Cirochou,Hazin nad Cirochou,municipality,,SK0412,Humenné,SK041,Prešovský,48.92948,21.96092,260,260,06783
SK0412559636,Sopkovce,Sopkovce,municipality,,SK0412,Humenné,SK041,Prešovský,49.01537,21.86818,48,48,06722
SK0412559644,Gruzovce,Gruzovce,municipality,,SK0412,Humenné,SK041,Prešovský,48.97401,21.86564,49,49,06722
SK0412559652,Maškovce,Maskovce,municipality,,SK0412,Humenné,SK041,Prešovský,49.01414,21.99516,32,32,06732
SK0412582140,Lackovce,Lackovce,municipality,,SK0412,Humenné,SK041,Prešovský,48.93918,21.95263,346,346,06601
SK0413523399,Abrahámovce,Abrahamovce,municipality,,SK0413,Kežmarok,SK041,Prešovský,49.04288,20.44483,136,136,05972
SK0413523411,Bušovce,Busovce,municipality,,SK0413,Kežmarok,SK041,Prešovský,49.21868,20.48627,149,149,05993
SK0413523429,Červený Kláštor,Cerveny Klastor,municipality,,SK0413,Kežmarok,SK041,Prešovský,49.39258,20.40978,166,166,05906
SK0413523461,Havka,Havka,municipality,,SK0413,Kežmarok,SK041,Prešovský,49.34458,20.40547,57,57,06101
SK0413523470,Holumnica,Holumnica,municipality,,SK0413,Kežmarok,SK041,Prešovský,49.23528,20.52279,177,177,05994
SK0413523500,Hradisko,Hradisko,municipality,,SK0413,Kežmarok,SK041,Prešovský,49.05736,20.52255,34,34,05971
SK0413523526,Huncovce,Huncovce,municipality,,SK0413,Kežmarok,SK041,Prešovský,49.11503,20.37711,564,564,05992
SK0413523534,Ihľany,Ihlany,municipality,,SK0413,Kežmarok,SK041,Prešovský,49.18377,20.54124,267,267,05994
SK0413523569,Jezersko,Jezersko,municipality,,SK0413,Kežmarok,SK041,Prešovský,49.30042,20.34341,134,134,05904
SK0413523577,Jurské,Jurske,municipality,,SK0413,Kežmarok,SK041,Prešovský,49.20029,20.52821,155,155,05994
SK0413523585,Kežmarok,Kezmarok,city,,SK0413,Kežmarok,SK041,Prešovský,49.13610,20.42960,3656,7312,06001
SK0413523607,Krížová Ves,Krizova Ves,municipality,,SK0413,Kežmarok,SK041,Prešovský,49.18929,20.48474,319,319,05901
SK0413523615,Lechnica,Lechnica,municipality,,SK0413,Kežmarok,SK041,Prešovský,49.38287,20.40773,150,150,05906
SK0413523623,Lendak,Lendak,municipality,,SK0413,Kežmarok,SK041,Prešovský,49.23430,20.35515,1316,1316,05907
SK0413523674,Majere,Majere,municipality,,SK0413,Kežmarok,SK041,Prešovský,49.39604,20.37753,72,72,06101
SK0413523682,Ľubica,Lubica,municipality,,SK0413,Kežmarok,SK041,Prešovský,49.12081,20.44515,1708,1708,05971|06001
SK0413523712,Matiašovce,Matiasovce,municipality,,SK0413,Kežmarok,SK041,Prešovský,49.34993,20.35991,335,335,05904
SK0413523739,Mlynčeky,Mlynceky,municipality,,SK0413,Kežmarok,SK041,Prešovský,49.16813,20.38385,285,285,05976
SK0413523771,Osturňa,Osturna,municipality,,SK0413,Kežmarok,SK041,Prešovský,49.33512,20.23678,367,367,05979
SK0413523780,Podhorany,Podhorany,municipality,,SK0413,Kežmarok,SK041,Prešovský,49.23864,20.48108,137,137,05993
SK0413523798,Rakúsy,Rakusy,municipality,,SK0413,Kežmarok,SK041,Prešovský,49.19344,20.37932,488,488,05976
SK0413523801,Reľov,Relov,municipality,,SK0413,Kežmarok,SK041,Prešovský,49.29820,20.38043,160,160,05904
SK0413523810,Slovenská Ves,Slovenska Ves,municipality,,SK0413,Kežmarok,SK041,Prešovský,49.22583,20.42525,643,643,05902
SK0413523828,Spišská Belá,Spisska Bela,city,,SK0413,Kežmarok,SK041,Prešovský,49.18713,20.45668,2141,4282,05901
SK0413523836,Spišská Stará Ves,Spisska Stara Ves,city,,SK0413,Kežmarok,SK041,Prešovský,49.38289,20.35970,724,1448,06101
SK0413523861,Spišské Hanušovce,Spisske Hanusovce,municipality,,SK0413,Kežmarok,SK041,Prešovský,49.33112,20.34503,256,256,05904
SK0413523887,Stará Lesná,Stara Lesna,municipality,,SK0413,Kežmarok,SK041,Prešovský,49.13861,20.30301,615,615,05952
SK0413523909,Stráne pod Tatrami,Strane pod Tatrami,municipality,,SK0413,Kežmarok,SK041,Prešovský,49.16363,20.36134,210,210,05976
SK0413523976,Toporec,Toporec,municipality,,SK0413,Kežmarok,SK041,Prešovský,49.26507,20.49208,376,376,05995
SK0413523984,Tvarožná,Tvarozna,municipality,,SK0413,Kežmarok,SK041,Prešovský,49.08537,20.47684,273,273,05971
SK0413523992,Veľká Franková,Velka Frankova,municipality,,SK0413,Kežmarok,SK041,Prešovský,49.33642,20.29683,144,144,05978
SK0413524000,Veľká Lomnica,Velka Lomnica,municipality,,SK0413,Kežmarok,SK041,Prešovský,49.11783,20.35606,1581,1581,05952
SK0413524042,Vlková,Vlkova,municipality,,SK0413,Kežmarok,SK041,Prešovský,49.05886,20.43363,368,368,05972
SK0413524051,Vlkovce,Vlkovce,municipality,,SK0413,Kežmarok,SK041,Prešovský,49.04948,20.49946,133,133,05971
SK0413524069,Vojňany,Vojnany,municipality,,SK0413,Kežmarok,SK041,Prešovský,49.24903,20.44069,108,108,05902
SK0413524077,Vrbov,Vrbov,municipality,,SK0413,Kežmarok,SK041,Prešovský,49.08767,20.42575,481,481,05972
SK0413524085,Výborná,Vyborna,municipality,,SK0413,Kežmarok,SK041,Prešovský,49.23443,20.39680,122,122,05902
SK0413524115,Zálesie,Zalesie,municipality,,SK0413,Kežmarok,SK041,Prešovský,49.32494,20.38865,54,54,05904
SK0413524123,Žakovce,Zakovce,municipality,,SK0413,Kežmarok,SK041,Prešovský,49.08301,20.39693,276,276,05973
SK0413559938,Malá Franková,Mala Frankova,municipality,,SK0413,Kežmarok,SK041,Prešovský,49.31359,20.30251,114,114,05978
SK0413581241,Malý Slavkov,Maly Slavkov,municipality,,SK0413,Kežmarok,SK041,Prešovský,49.13808,20.38739,363,363,06001
SK0414526371,Baldovce,Baldovce,municipality,,SK0414,Levoča,SK041,Prešovský,48.99208,20.71338,66,66,05304
SK0414526380,Beharovce,Beharovce,municipality,,SK0414,Levoča,SK041,Prešovský,49.00394,20.81154,94,94,05305
SK0414526401,Bijacovce,Bijacovce,municipality,,SK0414,Levoča,SK041,Prešovský,49.02407,20.79853,237,237,05306
SK0414526410,Brutovce,Brutovce,municipality,,SK0414,Levoča,SK041,Prešovský,49.08617,20.77596,97,97,05373
SK0414526428,Buglovce,Buglovce,municipality,,SK0414,Levoča,SK041,Prešovský,48.98578,20.69481,83,83,05304
SK0414526452,Dlhé Stráže,Dlhe Straze,municipality,,SK0414,Levoča,SK041,Prešovský,49.02622,20.52114,139,139,05401
SK0414526461,Doľany,Dolany,municipality,,SK0414,Levoča,SK041,Prešovský,49.01490,20.65250,98,98,05302
SK0414526479,Domaňovce,Domanovce,municipality,,SK0414,Levoča,SK041,Prešovský,48.96314,20.66001,287,287,05302
SK0414526487,Dravce,Dravce,municipality,,SK0414,Levoča,SK041,Prešovský,49.02010,20.48620,262,262,05314
SK0414526495,Dúbrava,Dubrava,municipality,,SK0414,Levoča,SK041,Prešovský,48.98519,20.84718,139,139,05305
SK0414526517,Granč-Petrovce,Granc-Petrovce,municipality,,SK0414,Levoča,SK041,Prešovský,48.99683,20.80360,247,247,05305
SK0414526525,Harakovce,Harakovce,municipality,,SK0414,Levoča,SK041,Prešovský,48.99837,20.84772,39,39,05305
SK0414526606,Vyšné Repaše,Vysne Repase,municipality,,SK0414,Levoča,SK041,Prešovský,49.06648,20.68540,101,101,05371
SK0414526614,Vyšný Slavkov,Vysny Slavkov,municipality,,SK0414,Levoča,SK041,Prešovský,49.07202,20.85397,169,169,05373
SK0414543179,Jablonov,Jablonov,municipality,,SK0414,Levoča,SK041,Prešovský,49.01688,20.72024,281,281,05303
SK0414543225,Klčov,Klcov,municipality,,SK0414,Levoča,SK041,Prešovský,49.00418,20.66841,222,222,05302
SK0414543276,Kurimany,Kurimany,municipality,,SK0414,Levoča,SK041,Prešovský,48.99909,20.54201,130,130,05401
SK0414543292,Levoča,Levoca,city,,SK0414,Levoča,SK041,Prešovský,49.02379,20.58723,3820,7640,05401
SK0414543314,Lúčka,Lucka,municipality,,SK0414,Levoča,SK041,Prešovský,49.02648,20.72981,54,54,05303
SK0414543381,Nemešany,Nemesany,municipality,,SK0414,Levoča,SK041,Prešovský,49.00189,20.68449,166,166,05302
SK0414543390,Nižné Repaše,Nizne Repase,municipality,,SK0414,Levoča,SK041,Prešovský,49.08701,20.70344,108,108,05371
SK0414543420,Oľšavica,Olsavica,municipality,,SK0414,Levoča,SK041,Prešovský,49.08317,20.75320,137,137,05373
SK0414543446,Ordzovany,Ordzovany,municipality,,SK0414,Levoča,SK041,Prešovský,49.03406,20.78670,77,77,05306
SK0414543454,Pavľany,Pavlany,municipality,,SK0414,Levoča,SK041,Prešovský,49.05690,20.71327,57,57,05371
SK0414543462,Poľanovce,Polanovce,municipality,,SK0414,Levoča,SK041,Prešovský,49.02424,20.84425,102,102,05305
SK0414543471,Pongrácovce,Pongracovce,municipality,,SK0414,Levoča,SK041,Prešovský,49.01925,20.82305,59,59,05305
SK0414543578,Spišské Podhradie,Spisske Podhradie,city,,SK0414,Levoča,SK041,Prešovský,49.00123,20.75276,1098,2196,05304
SK0414543608,Spišský Hrhov,Spissky Hrhov,municipality,,SK0414,Levoča,SK041,Prešovský,48.99927,20.64116,551,551,05302
SK0414543624,Spišský Štvrtok,Spissky Stvrtok,municipality,,SK0414,Levoča,SK041,Prešovský,49.00041,20.46627,688,688,05314
SK0414543641,Studenec,Studenec,municipality,,SK0414,Levoča,SK041,Prešovský,49.01223,20.76901,197,197,05304
SK0414543675,Torysky,Torysky,municipality,,SK0414,Levoča,SK041,Prešovský,49.09590,20.67710,179,179,05371
SK0414543691,Uloža,Uloza,municipality,,SK0414,Levoča,SK041,Prešovský,49.04368,20.64543,141,141,05371
SK0414581640,Korytné,Korytne,municipality,,SK0414,Levoča,SK041,Prešovský,49.00999,20.83834,33,33,05305
SK0415520071,Brestov nad Laborcom,Brestov nad Laborcom,municipality,,SK0415,Medzilaborce,SK041,Prešovský,49.11139,21.93891,51,51,06701
SK0415520098,Čabalovce,Cabalovce,municipality,,SK0415,Medzilaborce,SK041,Prešovský,49.22667,21.96704,148,148,06716
SK0415520101,Čabiny,Cabiny,municipality,,SK0415,Medzilaborce,SK041,Prešovský,49.18240,21.90213,270,270,06702
SK0415520128,Čertižné,Certizne,municipality,,SK0415,Medzilaborce,SK041,Prešovský,49.35047,21.82530,213,213,06752
SK0415520187,Habura,Habura,municipality,,SK0415,Medzilaborce,SK041,Prešovský,49.32632,21.86205,303,303,06752
SK0415520314,Kalinov,Kalinov,municipality,,SK0415,Medzilaborce,SK041,Prešovský,49.31800,21.92153,142,142,06801
SK0415520411,Krásny Brod,Krasny Brod,municipality,,SK0415,Medzilaborce,SK041,Prešovský,49.23921,21.89902,230,230,06801
SK0415520471,Medzilaborce,Medzilaborce,city,,SK0415,Medzilaborce,SK041,Prešovský,49.27664,21.90865,1733,3466,06801
SK0415520519,Ňagov,Nagov,municipality,,SK0415,Medzilaborce,SK041,Prešovský,49.25225,21.93312,171,171,06801
SK0415520578,Oľka,Olka,municipality,,SK0415,Medzilaborce,SK041,Prešovský,49.15439,21.84259,226,226,06704
SK0415520586,Oľšinkov,Olsinkov,municipality,,SK0415,Medzilaborce,SK041,Prešovský,49.19980,22.03899,58,58,06716
SK0415520616,Palota,Palota,municipality,,SK0415,Medzilaborce,SK041,Prešovský,49.26937,21.99376,105,105,06801
SK0415520691,Radvaň nad Laborcom,Radvan nad Laborcom,municipality,,SK0415,Medzilaborce,SK041,Prešovský,49.12976,21.92751,277,277,06701
SK0415520705,Repejov,Repejov,municipality,,SK0415,Medzilaborce,SK041,Prešovský,49.20021,21.81950,105,105,06704
SK0415520713,Roškovce,Roskovce,municipality,,SK0415,Medzilaborce,SK041,Prešovský,49.23944,21.84849,114,114,06702
SK0415520853,Sukov,Sukov,municipality,,SK0415,Medzilaborce,SK041,Prešovský,49.22009,21.87421,80,80,06702
SK0415520861,Svetlice,Svetlice,municipality,,SK0415,Medzilaborce,SK041,Prešovský,49.16865,22.03946,143,143,06716
SK0415520951,Valentovce,Valentovce,municipality,,SK0415,Medzilaborce,SK041,Prešovský,49.17724,21.95174,49,49,06701
SK0415520993,Volica,Volica,municipality,,SK0415,Medzilaborce,SK041,Prešovský,49.15398,21.91974,144,144,06701
SK0415521001,Výrava,Vyrava,municipality,,SK0415,Medzilaborce,SK041,Prešovský,49.19404,22.00278,120,120,06716
SK0415521060,Zbojné,Zbojne,municipality,,SK0415,Medzilaborce,SK041,Prešovský,49.13927,21.99598,134,134,06713
SK0415521078,Zbudská Belá,Zbudska Bela,municipality,,SK0415,Medzilaborce,SK041,Prešovský,49.15296,21.94137,108,108,06701
SK0415559610,Rokytovce,Rokytovce,municipality,,SK0415,Medzilaborce,SK041,Prešovský,49.26351,21.87652,84,84,06801
SK0416523381,Poprad,Poprad,city,,SK0416,Poprad,SK041,Prešovský,49.05829,20.29804,8978,17956,05801|05951|08501
SK0416523402,Batizovce,Batizovce,municipality,,SK0416,Poprad,SK041,Prešovský,49.07360,20.18504,721,721,05935
SK0416523437,Gánovce,Ganovce,municipality,,SK0416,Poprad,SK041,Prešovský,49.02933,20.32241,541,541,05801
SK0416523445,Gerlachov,Gerlachov,municipality,,SK0416,Poprad,SK041,Prešovský,49.09829,20.20564,299,299,05942
SK0416523488,Hôrka,Horka,municipality,,SK0416,Poprad,SK041,Prešovský,49.02022,20.37898,680,680,05912
SK0416523496,Hozelec,Hozelec,municipality,,SK0416,Poprad,SK041,Prešovský,49.03402,20.34696,280,280,05911
SK0416523518,Hranovnica,Hranovnica,municipality,,SK0416,Poprad,SK041,Prešovský,48.99292,20.30740,1222,1222,05916
SK0416523542,Jánovce,Janovce,municipality,,SK0416,Poprad,SK041,Prešovský,49.01676,20.43435,314,314,05913
SK0416523593,Kravany,Kravany,municipality,,SK0416,Poprad,SK041,Prešovský,48.99766,20.20223,263,263,05918
SK0416523631,Liptovská Teplička,Liptovska Teplicka,municipality,,SK0416,Poprad,SK041,Prešovský,48.96722,20.08813,704,704,05940
SK0416523658,Lučivná,Lucivna,municipality,,SK0416,Poprad,SK041,Prešovský,49.05077,20.14609,380,380,05921|05931
SK0416523721,Mengusovce,Mengusovce,municipality,,SK0416,Poprad,SK041,Prešovský,49.07406,20.13969,313,313,05936
SK0416523747,Mlynica,Mlynica,municipality,,SK0416,Poprad,SK041,Prešovský,49.10401,20.30981,457,457,05991
SK0416523763,Nová Lesná,Nova Lesna,municipality,,SK0416,Poprad,SK041,Prešovský,49.12235,20.26563,568,568,05986
SK0416523844,Spišská Teplica,Spisska Teplica,municipality,,SK0416,Poprad,SK041,Prešovský,49.04725,20.24942,794,794,05934
SK0416523852,Spišské Bystré,Spisske Bystre,municipality,,SK0416,Poprad,SK041,Prešovský,48.99302,20.24253,814,814,05918
SK0416523879,Spišský Štiavnik,Spissky Stiavnik,municipality,,SK0416,Poprad,SK041,Prešovský,48.99488,20.35992,482,482,05914
SK0416523925,Svit,Svit,city,,SK0416,Poprad,SK041,Prešovský,49.05775,20.20749,2826,5652,05921
SK0416523933,Štrba,Strba,municipality,,SK0416,Poprad,SK041,Prešovský,49.07199,20.07502,1436,1436,05938|05941|05985
SK0416523950,Švábovce,Svabovce,municipality,,SK0416,Poprad,SK041,Prešovský,49.02639,20.35513,421,421,05911|05912
SK0416524018,Veľký Slavkov,Velky Slavkov,municipality,,SK0416,Poprad,SK041,Prešovský,49.09533,20.28155,453,453,05981|05991
SK0416524026,Vernár,Vernar,municipality,,SK0416,Poprad,SK041,Prešovský,48.91783,20.26965,320,320,05917
SK0416524034,Vikartovce,Vikartovce,municipality,,SK0416,Poprad,SK041,Prešovský,48.99435,20.15276,507,507,05919
SK0416524093,Vydrník,Vydrnik,municipality,,SK0416,Poprad,SK041,Prešovský,49.00044,20.40422,242,242,05914
SK0416524107,Šuňava,Sunava,municipality,,SK0416,Poprad,SK041,Prešovský,49.02994,20.08898,650,650,05939
SK0416524131,Ždiar,Zdiar,municipality,,SK0416,Poprad,SK041,Prešovský,49.27222,20.26633,711,711,05955
SK0416559890,Štôla,Stola,municipality,,SK0416,Poprad,SK041,Prešovský,49.09413,20.14041,285,285,05937
SK0416560103,Vysoké Tatry,Vysoke Tatry,city,,SK0416,Poprad,SK041,Prešovský,49.15052,20.25284,1843,3686,03242|05954|05955|05960|05981|05983|05984|05985|06201
SK0416580368,Tatranská Javorina,Tatranska Javorina,municipality,,SK0416,Poprad,SK041,Prešovský,49.26919,20.14641,127,127,05956
SK0417518522,Haniska,Haniska,municipality,,SK0417,Prešov,SK041,Prešovský,48.95581,21.24052,326,326,08001
SK0417518590,Ľubotice,Lubotice,municipality,,SK0417,Prešov,SK041,Prešovský,49.01117,21.27425,1611,1611,08001|08006
SK0417524140,Prešov,Presov,city,,SK0417,Prešov,SK041,Prešovský,48.99863,21.24730,16199,32398,05801|08001|08005|08006|08212
SK0417524158,Abranovce,Abranovce,municipality,,SK0417,Prešov,SK041,Prešovský,48.93355,21.34389,178,178,08252
SK0417524174,Bajerov,Bajerov,municipality,,SK0417,Prešov,SK041,Prešovský,48.95354,21.11440,155,155,08241
SK0417524191,Bertotovce,Bertotovce,municipality,,SK0417,Prešov,SK041,Prešovský,49.02232,21.02289,193,193,08235
SK0417524212,Brestov,Brestov,municipality,,SK0417,Prešov,SK041,Prešovský,48.86990,21.34935,188,188,08205
SK0417524221,Bretejovce,Bretejovce,municipality,,SK0417,Prešov,SK041,Prešovský,48.82740,21.29479,204,204,08203
SK0417524255,Brežany,Brezany,municipality,,SK0417,Prešov,SK041,Prešovský,48.97927,21.10940,105,105,08241
SK0417524263,Bzenov,Bzenov,municipality,,SK0417,Prešov,SK041,Prešovský,48.94802,21.16584,212,212,08242
SK0417524271,Čelovce,Celovce,municipality,,SK0417,Prešov,SK041,Prešovský,49.07978,21.39930,118,118,08214
SK0417524301,Červenica,Cervenica,municipality,,SK0417,Prešov,SK041,Prešovský,48.88377,21.44902,164,164,08207
SK0417524336,Demjata,Demjata,municipality,,SK0417,Prešov,SK041,Prešovský,49.10671,21.31436,348,348,08213
SK0417524352,Drienov,Drienov,municipality,,SK0417,Prešov,SK041,Prešovský,48.87350,21.27369,746,746,08204
SK0417524361,Drienovská Nová Ves,Drienovska Nova Ves,municipality,,SK0417,Prešov,SK041,Prešovský,48.90320,21.24032,338,338,08201
SK0417524387,Dulova Ves,Dulova Ves,municipality,,SK0417,Prešov,SK041,Prešovský,48.95846,21.28859,683,683,08252
SK0417524395,Fintice,Fintice,municipality,,SK0417,Prešov,SK041,Prešovský,49.05173,21.28089,855,855,08216
SK0417524409,Fričovce,Fricovce,municipality,,SK0417,Prešov,SK041,Prešovský,49.01567,20.96493,361,361,08237
SK0417524417,Fulianka,Fulianka,municipality,,SK0417,Prešov,SK041,Prešovský,49.06436,21.32928,190,190,08212
SK0417524425,Geraltov,Geraltov,municipality,,SK0417,Prešov,SK041,Prešovský,49.14044,21.25568,119,119,08267
SK0417524433,Gregorovce,Gregorovce,municipality,,SK0417,Prešov,SK041,Prešovský,49.06781,21.20753,333,333,08266
SK0417524450,Hendrichovce,Hendrichovce,municipality,,SK0417,Prešov,SK041,Prešovský,49.02181,20.99877,125,125,08235
SK0417524468,Hermanovce,Hermanovce,municipality,,SK0417,Prešov,SK041,Prešovský,49.04655,21.01651,413,413,08235
SK0417524476,Hrabkov,Hrabkov,municipality,,SK0417,Prešov,SK041,Prešovský,48.95928,21.02397,303,303,08233
SK0417524506,Chmeľov,Chmelov,municipality,,SK0417,Prešov,SK041,Prešovský,49.06818,21.43789,305,305,08215
SK0417524514,Chmeľovec,Chmelovec,municipality,,SK0417,Prešov,SK041,Prešovský,49.08249,21.36805,140,140,08212
SK0417524522,Chminianska Nová Ves,Chminianska Nova Ves,municipality,,SK0417,Prešov,SK041,Prešovský,49.00413,21.08143,366,366,08233
SK0417524531,Chminianske Jakubovany,Chminianske Jakubovany,municipality,,SK0417,Prešov,SK041,Prešovský,48.99229,21.00926,298,298,08233
SK0417524549,Chmiňany,Chminany,municipality,,SK0417,Prešov,SK041,Prešovský,49.00146,21.06717,203,203,08233
SK0417524581,Janov,Janov,municipality,,SK0417,Prešov,SK041,Prešovský,48.93948,21.17818,113,113,08242
SK0417524590,Janovík,Janovik,municipality,,SK0417,Prešov,SK041,Prešovský,48.83554,21.28338,195,195,08203
SK0417524620,Kapušany,Kapusany,municipality,,SK0417,Prešov,SK041,Prešovský,49.04511,21.33241,732,732,08212
SK0417524638,Kendice,Kendice,municipality,,SK0417,Prešov,SK041,Prešovský,48.92547,21.24291,542,542,08201
SK0417524646,Klenov,Klenov,municipality,,SK0417,Prešov,SK041,Prešovský,48.92831,21.05519,161,161,08244
SK0417524654,Kojatice,Kojatice,municipality,,SK0417,Prešov,SK041,Prešovský,48.99534,21.12966,363,363,08232
SK0417524662,Kokošovce,Kokosovce,municipality,,SK0417,Prešov,SK041,Prešovský,48.94508,21.33810,342,342,08252
SK0417524697,Krížovany,Krizovany,municipality,,SK0417,Prešov,SK041,Prešovský,48.98039,21.04915,139,139,08233
SK0417524701,Kvačany,Kvacany,municipality,,SK0417,Prešov,SK041,Prešovský,48.94543,21.08757,127,127,08241
SK0417524727,Lada,Lada,municipality,,SK0417,Prešov,SK041,Prešovský,49.04374,21.35870,273,273,08212
SK0417524735,Lažany,Lazany,municipality,,SK0417,Prešov,SK041,Prešovský,49.03716,21.09835,67,67,08232
SK0417524743,Lemešany,Lemesany,municipality,,SK0417,Prešov,SK041,Prešovský,48.84846,21.27136,566,566,08203
SK0417524751,Lesíček,Lesicek,municipality,,SK0417,Prešov,SK041,Prešovský,48.91778,21.38401,86,86,08207
SK0417524760,Ličartovce,Licartovce,municipality,,SK0417,Prešov,SK041,Prešovský,48.87569,21.24718,369,369,08203
SK0417524786,Lipovce,Lipovce,municipality,,SK0417,Prešov,SK041,Prešovský,49.05800,20.95039,325,325,08236
SK0417524794,Ľubovec,Lubovec,municipality,,SK0417,Prešov,SK041,Prešovský,48.91059,21.17642,220,220,08242
SK0417524808,Lúčina,Lucina,municipality,,SK0417,Prešov,SK041,Prešovský,48.89286,21.43083,55,55,08207
SK0417524832,Malý Slivník,Maly Slivnik,municipality,,SK0417,Prešov,SK041,Prešovský,49.11975,21.25581,137,137,08267
SK0417524841,Malý Šariš,Maly Saris,municipality,,SK0417,Prešov,SK041,Prešovský,49.00966,21.18312,712,712,08001
SK0417524867,Miklušovce,Miklusovce,municipality,,SK0417,Prešov,SK041,Prešovský,48.91751,21.07867,132,132,08244
SK0417524883,Mirkovce,Mirkovce,municipality,,SK0417,Prešov,SK041,Prešovský,48.89550,21.32496,199,199,08206
SK0417524905,Mošurov,Mosurov,municipality,,SK0417,Prešov,SK041,Prešovský,49.11988,21.24990,62,62,08267
SK0417524913,Nemcovce,Nemcovce,municipality,,SK0417,Prešov,SK041,Prešovský,49.04959,21.38204,158,158,08212
SK0417524930,Okružná,Okruzna,municipality,,SK0417,Prešov,SK041,Prešovský,49.02214,21.37045,163,163,08212
SK0417524964,Ondrašovce,Ondrasovce,municipality,,SK0417,Prešov,SK041,Prešovský,48.98827,21.07817,35,35,08233
SK0417524999,Ovčie,Ovcie,municipality,,SK0417,Prešov,SK041,Prešovský,48.96327,20.97724,217,217,08238
SK0417525014,Petrovany,Petrovany,municipality,,SK0417,Prešov,SK041,Prešovský,48.91899,21.26080,643,643,08253
SK0417525022,Podhorany,Podhorany,municipality,,SK0417,Prešov,SK041,Prešovský,49.08323,21.35654,280,280,08212
SK0417525031,Podhradík,Podhradik,municipality,,SK0417,Prešov,SK041,Prešovský,49.00277,21.34946,173,173,08006
SK0417525057,Proč,Proc,municipality,,SK0417,Prešov,SK041,Prešovský,49.09440,21.39192,154,154,08214
SK0417525065,Pušovce,Pusovce,municipality,,SK0417,Prešov,SK041,Prešovský,49.08636,21.40839,172,172,08214
SK0417525073,Radatice,Radatice,municipality,,SK0417,Prešov,SK041,Prešovský,48.92958,21.18866,269,269,08242
SK0417525111,Rokycany,Rokycany,municipality,,SK0417,Prešov,SK041,Prešovský,48.96099,21.14124,179,179,08241
SK0417525138,Ruská Nová Ves,Ruska Nova Ves,municipality,,SK0417,Prešov,SK041,Prešovský,48.97732,21.32439,409,409,08005
SK0417525154,Sedlice,Sedlice,municipality,,SK0417,Prešov,SK041,Prešovský,48.91921,21.11692,359,359,08243
SK0417525162,Seniakovce,Seniakovce,municipality,,SK0417,Prešov,SK041,Prešovský,48.82498,21.30194,79,79,08203
SK0417525171,Svinia,Svinia,municipality,,SK0417,Prešov,SK041,Prešovský,49.01179,21.12484,347,347,08232
SK0417525189,Šarišská Poruba,Sarisska Poruba,municipality,,SK0417,Prešov,SK041,Prešovský,49.03878,21.38561,126,126,08212
SK0417525197,Šarišská Trstená,Sarisska Trstena,municipality,,SK0417,Prešov,SK041,Prešovský,49.08712,21.38324,68,68,08214
SK0417525201,Šarišské Bohdanovce,Sarisske Bohdanovce,municipality,,SK0417,Prešov,SK041,Prešovský,48.84575,21.31695,393,393,08205
SK0417525251,Šindliar,Sindliar,municipality,,SK0417,Prešov,SK041,Prešovský,49.03928,20.94282,207,207,08236
SK0417525260,Široké,Siroke,municipality,,SK0417,Prešov,SK041,Prešovský,48.99767,20.93942,813,813,08237
SK0417525278,Štefanovce,Stefanovce,municipality,,SK0417,Prešov,SK041,Prešovský,49.04047,20.97296,95,95,08235
SK0417525286,Teriakovce,Teriakovce,municipality,,SK0417,Prešov,SK041,Prešovský,48.99023,21.30851,418,418,08005
SK0417525294,Terňa,Terna,municipality,,SK0417,Prešov,SK041,Prešovský,49.11672,21.23435,422,422,08267
SK0417525324,Trnkov,Trnkov,municipality,,SK0417,Prešov,SK041,Prešovský,49.03438,21.35718,114,114,08212
SK0417525332,Tuhrina,Tuhrina,municipality,,SK0417,Prešov,SK041,Prešovský,48.89822,21.40629,121,121,08207
SK0417525341,Tulčík,Tulcik,municipality,,SK0417,Prešov,SK041,Prešovský,49.08883,21.30934,430,430,08213
SK0417525383,Varhaňovce,Varhanovce,municipality,,SK0417,Prešov,SK041,Prešovský,48.85447,21.35934,176,176,08205
SK0417525391,Veľký Slivník,Velky Slivnik,municipality,,SK0417,Prešov,SK041,Prešovský,49.11232,21.27635,107,107,08267
SK0417525405,Veľký Šariš,Velky Saris,city,,SK0417,Prešov,SK041,Prešovský,49.04469,21.20516,2155,4310,08221
SK0417525413,Víťaz,Vitaz,municipality,,SK0417,Prešov,SK041,Prešovský,48.97129,20.95359,657,657,08238
SK0417525430,Vyšná Šebastová,Vysna Sebastova,municipality,,SK0417,Prešov,SK041,Prešovský,49.01674,21.32552,482,482,08006
SK0417525448,Záborské,Zaborske,municipality,,SK0417,Prešov,SK041,Prešovský,48.94397,21.29024,431,431,08253
SK0417525456,Záhradné,Zahradne,municipality,,SK0417,Prešov,SK041,Prešovský,49.08915,21.27088,421,421,08216
SK0417525472,Zlatá Baňa,Zlata Bana,municipality,,SK0417,Prešov,SK041,Prešovský,48.94902,21.42133,216,216,08252
SK0417525499,Žehňa,Zehna,municipality,,SK0417,Prešov,SK041,Prešovský,48.91697,21.33761,233,233,08206
SK0417525502,Žipov,Zipov,municipality,,SK0417,Prešov,SK041,Prešovský,48.96599,21.08445,126,126,08241
SK0417525511,Župčany,Zupcany,municipality,,SK0417,Prešov,SK041,Prešovský,49.01341,21.15662,752,752,08001
SK0417556823,Medzany,Medzany,municipality,,SK0417,Prešov,SK041,Prešovský,49.04230,21.15411,408,408,08221
SK0417559971,Lipníky,Lipniky,municipality,,SK0417,Prešov,SK041,Prešovský,49.04796,21.40745,238,238,08212
SK0417559989,Suchá Dolina,Sucha Dolina,municipality,,SK0417,Prešov,SK041,Prešovský,48.91654,21.14232,111,111,08243
SK0418524182,Bajerovce,Bajerovce,municipality,,SK0418,Sabinov,SK041,Prešovský,49.21193,20.79527,141,141,08273
SK0418524204,Bodovce,Bodovce,municipality,,SK0418,Sabinov,SK041,Prešovský,49.11100,21.17518,138,138,08266
SK0418524239,Brezovica,Brezovica,municipality,,SK0418,Sabinov,SK041,Prešovský,49.14427,20.84681,577,577,08274
SK0418524247,Brezovička,Brezovicka,municipality,,SK0418,Sabinov,SK041,Prešovský,49.12913,20.85296,161,161,08274
SK0418524280,Červená Voda,Cervena Voda,municipality,,SK0418,Sabinov,SK041,Prešovský,49.14489,21.09033,232,232,08301
SK0418524298,Červenica pri Sabinove,Cervenica pri Sabinove,municipality,,SK0418,Sabinov,SK041,Prešovský,49.13606,21.02271,335,335,08256
SK0418524310,Ďačov,Dacov,municipality,,SK0418,Sabinov,SK041,Prešovský,49.14827,20.92990,242,242,08271
SK0418524328,Daletice,Daletice,municipality,,SK0418,Sabinov,SK041,Prešovský,49.04048,21.06329,45,45,08263
SK0418524344,Drienica,Drienica,municipality,,SK0418,Sabinov,SK041,Prešovský,49.13182,21.11015,580,580,08301
SK0418524379,Dubovica,Dubovica,municipality,,SK0418,Sabinov,SK041,Prešovský,49.13701,20.95449,458,458,08271
SK0418524441,Hanigovce,Hanigovce,municipality,,SK0418,Sabinov,SK041,Prešovský,49.17281,21.01824,90,90,08256
SK0418524492,Hubošovce,Hubosovce,municipality,,SK0418,Sabinov,SK041,Prešovský,49.09392,21.20527,173,173,08266
SK0418524557,Jakovany,Jakovany,municipality,,SK0418,Sabinov,SK041,Prešovský,49.15293,21.07089,136,136,08301
SK0418524565,Jakubova Voľa,Jakubova Vola,municipality,,SK0418,Sabinov,SK041,Prešovský,49.13151,21.01652,152,152,08256
SK0418524573,Jakubovany,Jakubovany,municipality,,SK0418,Sabinov,SK041,Prešovský,49.10664,21.14094,338,338,08301
SK0418524603,Jarovnice,Jarovnice,municipality,,SK0418,Sabinov,SK041,Prešovský,49.05943,21.05682,534,534,08263
SK0418524611,Kamenica,Kamenica,municipality,,SK0418,Sabinov,SK041,Prešovský,49.18984,20.95727,641,641,08271
SK0418524671,Krásna Lúka,Krasna Luka,municipality,,SK0418,Sabinov,SK041,Prešovský,49.19381,20.82206,307,307,08273
SK0418524689,Krivany,Krivany,municipality,,SK0418,Sabinov,SK041,Prešovský,49.17107,20.91110,359,359,08271
SK0418524778,Lipany,Lipany,city,,SK0418,Sabinov,SK041,Prešovský,49.15651,20.96321,1384,2768,08271
SK0418524816,Lúčka,Lucka,municipality,,SK0418,Sabinov,SK041,Prešovský,49.18436,20.98356,238,238,08271
SK0418524824,Ľutina,Lutina,municipality,,SK0418,Sabinov,SK041,Prešovský,49.16674,21.04988,226,226,08257
SK0418524875,Milpoš,Milpos,municipality,,SK0418,Sabinov,SK041,Prešovský,49.18319,21.00636,201,201,08271
SK0418524921,Nižný Slavkov,Nizny Slavkov,municipality,,SK0418,Sabinov,SK041,Prešovský,49.10230,20.85092,272,272,08275
SK0418524948,Olejníkov,Olejnikov,municipality,,SK0418,Sabinov,SK041,Prešovský,49.18943,21.07839,204,204,08257
SK0418524956,Oľšov,Olsov,municipality,,SK0418,Sabinov,SK041,Prešovský,49.17996,20.87945,121,121,08276
SK0418524981,Ostrovany,Ostrovany,municipality,,SK0418,Sabinov,SK041,Prešovský,49.06329,21.11614,257,257,08222
SK0418525006,Pečovská Nová Ves,Pecovska Nova Ves,municipality,,SK0418,Sabinov,SK041,Prešovský,49.12453,21.04414,853,853,08256
SK0418525049,Poloma,Poloma,municipality,,SK0418,Sabinov,SK041,Prešovský,49.16763,20.83019,242,242,08273
SK0418525081,Ratvaj,Ratvaj,municipality,,SK0418,Sabinov,SK041,Prešovský,49.11262,21.19662,52,52,08266
SK0418525090,Ražňany,Raznany,municipality,,SK0418,Sabinov,SK041,Prešovský,49.08132,21.08341,455,455,08261
SK0418525103,Renčišov,Rencisov,municipality,,SK0418,Sabinov,SK041,Prešovský,49.09407,20.96367,90,90,08263
SK0418525120,Rožkovany,Rozkovany,municipality,,SK0418,Sabinov,SK041,Prešovský,49.13831,20.98916,371,371,08271
SK0418525146,Sabinov,Sabinov,city,,SK0418,Sabinov,SK041,Prešovský,49.10189,21.09916,3024,6048,08301
SK0418525219,Šarišské Dravce,Sarisske Dravce,municipality,,SK0418,Sabinov,SK041,Prešovský,49.17498,20.86469,368,368,08273
SK0418525235,Šarišské Michaľany,Sarisske Michalany,municipality,,SK0418,Sabinov,SK041,Prešovský,49.06915,21.13454,664,664,08222
SK0418525243,Šarišské Sokolovce,Sarisske Sokolovce,municipality,,SK0418,Sabinov,SK041,Prešovský,49.10529,21.16415,255,255,08266
SK0418525308,Tichý Potok,Tichy Potok,municipality,,SK0418,Sabinov,SK041,Prešovský,49.14695,20.78921,153,153,08274
SK0418525316,Torysa,Torysa,municipality,,SK0418,Sabinov,SK041,Prešovský,49.16003,20.88199,417,417,08276
SK0418525359,Uzovce,Uzovce,municipality,,SK0418,Sabinov,SK041,Prešovský,49.09258,21.18141,172,172,08266
SK0418525367,Uzovské Pekľany,Uzovske Peklany,municipality,,SK0418,Sabinov,SK041,Prešovský,49.08625,21.02240,114,114,08263
SK0418525375,Uzovský Šalgov,Uzovsky Salgov,municipality,,SK0418,Sabinov,SK041,Prešovský,49.09136,21.06186,233,233,08261
SK0418525421,Vysoká,Vysoka,municipality,,SK0418,Sabinov,SK041,Prešovský,49.12493,20.88212,89,89,08274
SK0419520039,Belá nad Cirochou,Bela nad Cirochou,municipality,,SK0419,Snina,SK041,Prešovský,48.97376,22.10922,1043,1043,06781
SK0419520080,Brezovec,Brezovec,municipality,,SK0419,Snina,SK041,Prešovský,48.93606,22.38765,42,42,06773
SK0419520136,Čukalovce,Cukalovce,municipality,,SK0419,Snina,SK041,Prešovský,49.10226,22.16911,104,104,06735
SK0419520161,Dlhé nad Cirochou,Dlhe nad Cirochou,municipality,,SK0419,Snina,SK041,Prešovský,48.95990,22.06170,623,623,06782
SK0419520179,Dúbrava,Dubrava,municipality,,SK0419,Snina,SK041,Prešovský,48.87766,22.35672,97,97,06773
SK0419520209,Hostovice,Hostovice,municipality,,SK0419,Snina,SK041,Prešovský,49.11724,22.14403,174,174,06735
SK0419520217,Hrabová Roztoka,Hrabova Roztoka,municipality,,SK0419,Snina,SK041,Prešovský,48.87895,22.30119,32,32,06773
SK0419520284,Jalová,Jalova,municipality,,SK0419,Snina,SK041,Prešovský,49.04001,22.23479,51,51,06761
SK0419520322,Kalná Roztoka,Kalna Roztoka,municipality,,SK0419,Snina,SK041,Prešovský,48.96851,22.31616,200,200,06772
SK0419520365,Klenová,Klenova,municipality,,SK0419,Snina,SK041,Prešovský,48.94143,22.33362,194,194,06772
SK0419520381,Kolbasov,Kolbasov,municipality,,SK0419,Snina,SK041,Prešovský,49.00703,22.38157,85,85,06766
SK0419520390,Kolonica,Kolonica,municipality,,SK0419,Snina,SK041,Prešovský,48.95674,22.25664,221,221,06761
SK0419520438,Ladomirov,Ladomirov,municipality,,SK0419,Snina,SK041,Prešovský,48.92692,22.30609,171,171,06771
SK0419520489,Michajlov,Michajlov,municipality,,SK0419,Snina,SK041,Prešovský,48.90991,22.34513,55,55,06773
SK0419520551,Nová Sedlica,Nova Sedlica,municipality,,SK0419,Snina,SK041,Prešovský,49.04291,22.51344,169,169,06768
SK0419520594,Osadné,Osadne,municipality,,SK0419,Snina,SK041,Prešovský,49.14204,22.15226,136,136,06734
SK0419520632,Parihuzovce,Parihuzovce,municipality,,SK0419,Snina,SK041,Prešovský,49.11038,22.19312,51,51,06735
SK0419520641,Pčoliné,Pcoline,municipality,,SK0419,Snina,SK041,Prešovský,49.06765,22.17039,287,287,06735
SK0419520659,Pichne,Pichne,municipality,,SK0419,Snina,SK041,Prešovský,49.03539,22.12330,233,233,06901
SK0419520675,Príslop,Prislop,municipality,,SK0419,Snina,SK041,Prešovský,49.03870,22.32686,49,49,06766
SK0419520730,Runina,Runina,municipality,,SK0419,Snina,SK041,Prešovský,49.07240,22.40336,82,82,06765
SK0419520748,Ruská Volová,Ruska Volova,municipality,,SK0419,Snina,SK041,Prešovský,48.94456,22.36536,90,90,06772
SK0419520764,Ruský Potok,Rusky Potok,municipality,,SK0419,Snina,SK041,Prešovský,49.02810,22.40959,76,76,06766
SK0419520802,Snina,Snina,city,,SK0419,Snina,SK041,Prešovský,48.98895,22.15248,3533,7066,06901
SK0419520811,Stakčínska Roztoka,Stakcinska Roztoka,municipality,,SK0419,Snina,SK041,Prešovský,49.00238,22.28425,113,113,06761
SK0419520829,Stakčín,Stakcin,municipality,,SK0419,Snina,SK041,Prešovský,49.00200,22.23085,830,830,06761
SK0419520845,Strihovce,Strihovce,municipality,,SK0419,Snina,SK041,Prešovský,48.89680,22.27797,90,90,06773
SK0419520870,Šmigovec,Smigovec,municipality,,SK0419,Snina,SK041,Prešovský,48.89234,22.31686,63,63,06773
SK0419520888,Topoľa,Topola,municipality,,SK0419,Snina,SK041,Prešovský,49.04444,22.35517,139,139,06765
SK0419520918,Ubľa,Ubla,municipality,,SK0419,Snina,SK041,Prešovský,48.89983,22.38922,383,383,06773
SK0419520934,Ulič,Ulic,municipality,,SK0419,Snina,SK041,Prešovský,48.96333,22.42415,349,349,06767
SK0419520942,Uličské Krivé,Ulicske Krive,municipality,,SK0419,Snina,SK041,Prešovský,48.99160,22.43727,123,123,06767
SK0419521051,Zboj,Zboj,municipality,,SK0419,Snina,SK041,Prešovský,49.02735,22.48260,257,257,06768
SK0419521108,Zemplínske Hámre,Zemplinske Hamre,municipality,,SK0419,Snina,SK041,Prešovský,48.94989,22.15269,506,506,06777
SK041A526665,Stará Ľubovňa,Stara Lubovna,city,,SK041A,Stará Ľubovňa,SK041,Prešovský,49.30006,20.68449,3280,6560,06401
SK041A526673,Čirč,Circ,municipality,,SK041A,Stará Ľubovňa,SK041,Prešovský,49.28081,20.92265,324,324,06542
SK041A526681,Ďurková,Durkova,municipality,,SK041A,Stará Ľubovňa,SK041,Prešovský,49.24048,20.87009,90,90,06541
SK041A526690,Forbasy,Forbasy,municipality,,SK041A,Stará Ľubovňa,SK041,Prešovský,49.29748,20.61359,155,155,06501
SK041A526703,Hajtovka,Hajtovka,municipality,,SK041A,Stará Ľubovňa,SK041,Prešovský,49.29644,20.77338,54,54,06545
SK041A526711,Haligovce,Haligovce,municipality,,SK041A,Stará Ľubovňa,SK041,Prešovský,49.37006,20.44859,269,269,06534
SK041A526720,Hniezdne,Hniezdne,municipality,,SK041A,Stará Ľubovňa,SK041,Prešovský,49.30299,20.63207,503,503,06501
SK041A526738,Hraničné,Hranicne,municipality,,SK041A,Stará Ľubovňa,SK041,Prešovský,49.37567,20.69662,93,93,06522
SK041A526746,Hromoš,Hromos,municipality,,SK041A,Stará Ľubovňa,SK041,Prešovský,49.25290,20.79523,194,194,06545
SK041A526754,Chmeľnica,Chmelnica,municipality,,SK041A,Stará Ľubovňa,SK041,Prešovský,49.29579,20.72942,317,317,06401
SK041A526762,Jakubany,Jakubany,municipality,,SK041A,Stará Ľubovňa,SK041,Prešovský,49.24684,20.69379,660,660,06512
SK041A526771,Jarabina,Jarabina,municipality,,SK041A,Stará Ľubovňa,SK041,Prešovský,49.33630,20.65713,369,369,06531
SK041A526789,Kamienka,Kamienka,municipality,,SK041A,Stará Ľubovňa,SK041,Prešovský,49.33289,20.61323,460,460,06532
SK041A526797,Kolačkov,Kolackov,municipality,,SK041A,Stará Ľubovňa,SK041,Prešovský,49.26087,20.62900,229,229,06511
SK041A526801,Kremná,Kremna,municipality,,SK041A,Stará Ľubovňa,SK041,Prešovský,49.35677,20.69684,53,53,06522
SK041A526819,Kyjov,Kyjov,municipality,,SK041A,Stará Ľubovňa,SK041,Prešovský,49.21789,20.93892,246,246,06548
SK041A526827,Lacková,Lackova,municipality,,SK041A,Stará Ľubovňa,SK041,Prešovský,49.30730,20.59431,85,85,06501
SK041A526835,Legnava,Legnava,municipality,,SK041A,Stará Ľubovňa,SK041,Prešovský,49.33852,20.85095,98,98,06546
SK041A526843,Lesnica,Lesnica,municipality,,SK041A,Stará Ľubovňa,SK041,Prešovský,49.40119,20.47152,179,179,06533
SK041A526851,Litmanová,Litmanova,municipality,,SK041A,Stará Ľubovňa,SK041,Prešovský,49.36929,20.62248,248,248,06531
SK041A526860,Lomnička,Lomnicka,municipality,,SK041A,Stará Ľubovňa,SK041,Prešovský,49.24836,20.56967,142,142,06503
SK041A526878,Ľubotín,Lubotin,municipality,,SK041A,Stará Ľubovňa,SK041,Prešovský,49.26190,20.87597,374,374,06541
SK041A526886,Malý Lipník,Maly Lipnik,municipality,,SK041A,Stará Ľubovňa,SK041,Prešovský,49.33422,20.79274,255,255,06546
SK041A526894,Matysová,Matysova,municipality,,SK041A,Stará Ľubovňa,SK041,Prešovský,49.31868,20.75280,94,94,06546
SK041A526908,Mníšek nad Popradom,Mnisek nad Popradom,municipality,,SK041A,Stará Ľubovňa,SK041,Prešovský,49.41359,20.71582,273,273,06522
SK041A526916,Nižné Ružbachy,Nizne Ruzbachy,municipality,,SK041A,Stará Ľubovňa,SK041,Prešovský,49.28249,20.57538,223,223,06502
SK041A526924,Nová Ľubovňa,Nova Lubovna,municipality,,SK041A,Stará Ľubovňa,SK041,Prešovský,49.27545,20.68427,835,835,06511
SK041A526932,Obručné,Obrucne,municipality,,SK041A,Stará Ľubovňa,SK041,Prešovský,49.30502,20.98313,34,34,06542
SK041A526941,Orlov,Orlov,municipality,,SK041A,Stará Ľubovňa,SK041,Prešovský,49.28498,20.87407,343,343,06543
SK041A526959,Plaveč,Plavec,municipality,,SK041A,Stará Ľubovňa,SK041,Prešovský,49.26146,20.84167,569,569,06544
SK041A526967,Plavnica,Plavnica,municipality,,SK041A,Stará Ľubovňa,SK041,Prešovský,49.27515,20.78010,515,515,06545
SK041A526975,Podolínec,Podolinec,city,,SK041A,Stará Ľubovňa,SK041,Prešovský,49.25841,20.53431,889,1778,06503
SK041A526983,Pusté Pole,Puste Pole,municipality,,SK041A,Stará Ľubovňa,SK041,Prešovský,49.21603,20.90316,100,100,06541
SK041A526991,Ruská Voľa nad Popradom,Ruska Vola nad Popradom,municipality,,SK041A,Stará Ľubovňa,SK041,Prešovský,49.29687,20.93828,56,56,06542
SK041A527009,Starina,Starina,municipality,,SK041A,Stará Ľubovňa,SK041,Prešovský,49.32558,20.82762,77,77,06546
SK041A527017,Stráňany,Stranany,municipality,,SK041A,Stará Ľubovňa,SK041,Prešovský,49.36727,20.54036,116,116,06533
SK041A527025,Sulín,Sulin,municipality,,SK041A,Stará Ľubovňa,SK041,Prešovský,49.36814,20.75950,194,194,06546
SK041A527033,Šambron,Sambron,municipality,,SK041A,Stará Ľubovňa,SK041,Prešovský,49.22527,20.74961,172,172,06545
SK041A527041,Šarišské Jastrabie,Sarisske Jastrabie,municipality,,SK041A,Stará Ľubovňa,SK041,Prešovský,49.24382,20.90889,324,324,06548
SK041A527050,Údol,Udol,municipality,,SK041A,Stará Ľubovňa,SK041,Prešovský,49.29235,20.80732,171,171,06545
SK041A527068,Veľká Lesná,Velka Lesna,municipality,,SK041A,Stará Ľubovňa,SK041,Prešovský,49.33456,20.43784,175,175,06534
SK041A527076,Veľký Lipník,Velky Lipnik,municipality,,SK041A,Stará Ľubovňa,SK041,Prešovský,49.37435,20.49662,347,347,06533
SK041A527084,Vislanka,Vislanka,municipality,,SK041A,Stará Ľubovňa,SK041,Prešovský,49.23359,20.86138,101,101,06541
SK041A527092,Vyšné Ružbachy,Vysne Ruzbachy,municipality,,SK041A,Stará Ľubovňa,SK041,Prešovský,49.30617,20.56314,549,549,06502
SK041B527114,Baňa,Bana,municipality,,SK041B,Stropkov,SK041,Prešovský,49.21474,21.60830,74,74,09101
SK041B527157,Breznica,Breznica,municipality,,SK041B,Stropkov,SK041,Prešovský,49.16286,21.66171,250,250,09101
SK041B527165,Breznička,Breznicka,municipality,,SK041B,Stropkov,SK041,Prešovský,49.22319,21.70258,48,48,09101
SK041B527173,Brusnica,Brusnica,municipality,,SK041B,Stropkov,SK041,Prešovský,49.15352,21.69817,114,114,09031
SK041B527181,Bukovce,Bukovce,municipality,,SK041B,Stropkov,SK041,Prešovský,49.26622,21.71551,142,142,09022
SK041B527190,Bystrá,Bystra,municipality,,SK041B,Stropkov,SK041,Prešovský,49.24348,21.82023,37,37,09023
SK041B527203,Bžany,Bzany,municipality,,SK041B,Stropkov,SK041,Prešovský,49.06205,21.65976,521,521,09033
SK041B527262,Duplín,Duplin,municipality,,SK041B,Stropkov,SK041,Prešovský,49.23673,21.62618,171,171,09101
SK041B527289,Gribov,Gribov,municipality,,SK041B,Stropkov,SK041,Prešovský,49.29519,21.72215,59,59,09022
SK041B527297,Havaj,Havaj,municipality,,SK041B,Stropkov,SK041,Prešovský,49.25589,21.78445,134,134,09023
SK041B527335,Chotča,Chotca,municipality,,SK041B,Stropkov,SK041,Prešovský,49.24410,21.68078,199,199,09021
SK041B527343,Jakušovce,Jakusovce,municipality,,SK041B,Stropkov,SK041,Prešovský,49.15759,21.74960,26,26,09031
SK041B527386,Kolbovce,Kolbovce,municipality,,SK041B,Stropkov,SK041,Prešovský,49.16436,21.72701,54,54,09031
SK041B527408,Korunková,Korunkova,municipality,,SK041B,Stropkov,SK041,Prešovský,49.19939,21.74677,46,46,09031
SK041B527416,Kožuchovce,Kozuchovce,municipality,,SK041B,Stropkov,SK041,Prešovský,49.31939,21.70508,20,20,09022
SK041B527467,Krišľovce,Krislovce,municipality,,SK041B,Stropkov,SK041,Prešovský,49.13880,21.72269,17,17,09031
SK041B527475,Krušinec,Krusinec,municipality,,SK041B,Stropkov,SK041,Prešovský,49.23078,21.66233,74,74,09101
SK041B527513,Lomné,Lomne,municipality,,SK041B,Stropkov,SK041,Prešovský,49.10604,21.63341,95,95,09033
SK041B527521,Makovce,Makovce,municipality,,SK041B,Stropkov,SK041,Prešovský,49.25772,21.75266,58,58,09023
SK041B527530,Malá Poľana,Mala Polana,municipality,,SK041B,Stropkov,SK041,Prešovský,49.28102,21.82104,73,73,09024
SK041B527572,Miková,Mikova,municipality,,SK041B,Stropkov,SK041,Prešovský,49.29820,21.82184,123,123,09024
SK041B527581,Miňovce,Minovce,municipality,,SK041B,Stropkov,SK041,Prešovský,49.13462,21.65098,111,111,09032
SK041B527611,Mrázovce,Mrazovce,municipality,,SK041B,Stropkov,SK041,Prešovský,49.11575,21.67055,28,28,09034
SK041B527637,Nižná Olšava,Nizna Olsava,municipality,,SK041B,Stropkov,SK041,Prešovský,49.14301,21.63466,122,122,09032
SK041B527700,Oľšavka,Olsavka,municipality,,SK041B,Stropkov,SK041,Prešovský,49.29237,21.68665,77,77,09022
SK041B527718,Potôčky,Potocky,municipality,,SK041B,Stropkov,SK041,Prešovský,49.20942,21.71638,25,25,09101
SK041B527726,Potoky,Potoky,municipality,,SK041B,Stropkov,SK041,Prešovský,49.25838,21.62556,36,36,09101
SK041B527793,Kručov,Krucov,municipality,,SK041B,Stropkov,SK041,Prešovský,49.11370,21.60782,79,79,09032
SK041B527815,Soľník,Solnik,municipality,,SK041B,Stropkov,SK041,Prešovský,49.21520,21.74425,28,28,09031
SK041B527823,Staškovce,Staskovce,municipality,,SK041B,Stropkov,SK041,Prešovský,49.28009,21.75295,103,103,09023
SK041B527840,Stropkov,Stropkov,city,,SK041B,Stropkov,SK041,Prešovský,49.20242,21.65231,2387,4774,08001|09101
SK041B527866,Šandal,Sandal,municipality,,SK041B,Stropkov,SK041,Prešovský,49.18826,21.62087,126,126,09101
SK041B527912,Tisinec,Tisinec,municipality,,SK041B,Stropkov,SK041,Prešovský,49.21956,21.64045,160,160,09101
SK041B527921,Tokajík,Tokajik,municipality,,SK041B,Stropkov,SK041,Prešovský,49.10644,21.70858,45,45,09034
SK041B527939,Turany nad Ondavou,Turany nad Ondavou,municipality,,SK041B,Stropkov,SK041,Prešovský,49.09334,21.65404,163,163,09033
SK041B527971,Varechovce,Varechovce,municipality,,SK041B,Stropkov,SK041,Prešovský,49.22393,21.80684,83,83,09023
SK041B527980,Veľkrop,Velkrop,municipality,,SK041B,Stropkov,SK041,Prešovský,49.24137,21.74898,63,63,09101
SK041B527998,Vislava,Vislava,municipality,,SK041B,Stropkov,SK041,Prešovský,49.27983,21.66102,69,69,09021
SK041B528005,Vladiča,Vladica,municipality,,SK041B,Stropkov,SK041,Prešovský,49.31898,21.79409,132,132,09023
SK041B528013,Vojtovce,Vojtovce,municipality,,SK041B,Stropkov,SK041,Prešovský,49.20511,21.69330,43,43,09101
SK041B528021,Vyškovce,Vyskovce,municipality,,SK041B,Stropkov,SK041,Prešovský,49.25194,21.66967,56,56,09021
SK041B528048,Vyšná Olšava,Vysna Olsava,municipality,,SK041B,Stropkov,SK041,Prešovský,49.15834,21.60511,163,163,09032
SK041B560073,Vyšný Hrabovec,Vysny Hrabovec,municipality,,SK041B,Stropkov,SK041,Prešovský,49.08915,21.68766,59,59,09034
SK041C519197,Giraltovce,Giraltovce,city,,SK041C,Svidník,SK041,Prešovský,49.11318,21.51838,914,1828,08701
SK041C519316,Kalnište,Kalniste,municipality,,SK041C,Svidník,SK041,Prešovský,49.12963,21.48393,159,159,08701
SK041C519332,Kobylnice,Kobylnice,municipality,,SK041C,Svidník,SK041,Prešovský,49.09156,21.54284,41,41,08701
SK041C519391,Kračúnovce,Kracunovce,municipality,,SK041C,Svidník,SK041,Prešovský,49.09679,21.48721,386,386,08701
SK041C519448,Kuková,Kukova,municipality,,SK041C,Svidník,SK041,Prešovský,49.10910,21.45172,238,238,08644
SK041C519537,Lúčka,Lucka,municipality,,SK041C,Svidník,SK041,Prešovský,49.10236,21.47406,163,163,08701
SK041C519561,Lužany pri Topli,Luzany pri Topli,municipality,,SK041C,Svidník,SK041,Prešovský,49.11992,21.49247,82,82,08701
SK041C519596,Mičakovce,Micakovce,municipality,,SK041C,Svidník,SK041,Prešovský,49.08669,21.52093,53,53,08701
SK041C519987,Železník,Zeleznik,municipality,,SK041C,Svidník,SK041,Prešovský,49.09196,21.50070,161,161,08701
SK041C519995,Želmanovce,Zelmanovce,municipality,,SK041C,Svidník,SK041,Prešovský,49.11819,21.42739,101,101,08644
SK041C527106,Svidník,Svidnik,city,,SK041C,Svidník,SK041,Prešovský,49.30969,21.57447,2350,4700,08901
SK041C527122,Belejovce,Belejovce,municipality,,SK041C,Svidník,SK041,Prešovský,49.37430,21.54435,23,23,08901
SK041C527131,Beňadikovce,Benadikovce,municipality,,SK041C,Svidník,SK041,Prešovský,49.23213,21.54711,95,95,09042
SK041C527149,Bodružal,Bodruzal,municipality,,SK041C,Svidník,SK041,Prešovský,49.35315,21.70790,35,35,09005
SK041C527211,Cernina,Cernina,municipality,,SK041C,Svidník,SK041,Prešovský,49.29538,21.47414,175,175,09016
SK041C527220,Cigla,Cigla,municipality,,SK041C,Svidník,SK041,Prešovský,49.36118,21.39594,53,53,08637
SK041C527238,Dlhoňa,Dlhona,municipality,,SK041C,Svidník,SK041,Prešovský,49.40242,21.56869,38,38,09002
SK041C527246,Dobroslava,Dobroslava,municipality,,SK041C,Svidník,SK041,Prešovský,49.36470,21.61672,40,40,09001
SK041C527254,Dubová,Dubova,municipality,,SK041C,Svidník,SK041,Prešovský,49.36278,21.43321,112,112,09011
SK041C527271,Fijaš,Fijas,municipality,,SK041C,Svidník,SK041,Prešovský,49.12610,21.57397,53,53,08701
SK041C527301,Havranec,Havranec,municipality,,SK041C,Svidník,SK041,Prešovský,49.41092,21.55597,14,14,09002
SK041C527319,Hrabovčík,Hrabovcik,municipality,,SK041C,Svidník,SK041,Prešovský,49.28079,21.55672,123,123,08901
SK041C527327,Hunkovce,Hunkovce,municipality,,SK041C,Svidník,SK041,Prešovský,49.36085,21.65251,95,95,09003
SK041C527351,Jurkova Voľa,Jurkova Vola,municipality,,SK041C,Svidník,SK041,Prešovský,49.32187,21.51045,55,55,08901
SK041C527360,Kapišová,Kapisova,municipality,,SK041C,Svidník,SK041,Prešovský,49.34436,21.59528,126,126,09001
SK041C527378,Kečkovce,Keckovce,municipality,,SK041C,Svidník,SK041,Prešovský,49.38739,21.51341,91,91,09011
SK041C527394,Korejovce,Korejovce,municipality,,SK041C,Svidník,SK041,Prešovský,49.37801,21.64364,39,39,09005
SK041C527424,Krajná Bystrá,Krajna Bystra,municipality,,SK041C,Svidník,SK041,Prešovský,49.38408,21.67647,84,84,09005
SK041C527432,Krajná Poľana,Krajna Polana,municipality,,SK041C,Svidník,SK041,Prešovský,49.36305,21.68435,63,63,09005
SK041C527441,Krajná Porúbka,Krajna Porubka,municipality,,SK041C,Svidník,SK041,Prešovský,49.41317,21.64801,31,31,09005
SK041C527459,Krajné Čierno,Krajne Cierno,municipality,,SK041C,Svidník,SK041,Prešovský,49.34937,21.66234,34,34,09003
SK041C527483,Kružlová,Kruzlova,municipality,,SK041C,Svidník,SK041,Prešovský,49.36264,21.58158,135,135,09002
SK041C527491,Kurimka,Kurimka,municipality,,SK041C,Svidník,SK041,Prešovský,49.31991,21.43806,164,164,09016
SK041C527505,Ladomirová,Ladomirova,municipality,,SK041C,Svidník,SK041,Prešovský,49.32988,21.62491,238,238,09003
SK041C527548,Matovce,Matovce,municipality,,SK041C,Svidník,SK041,Prešovský,49.13916,21.54668,47,47,09042
SK041C527556,Medvedie,Medvedie,municipality,,SK041C,Svidník,SK041,Prešovský,49.39901,21.64040,41,41,09005
SK041C527564,Mestisko,Mestisko,municipality,,SK041C,Svidník,SK041,Prešovský,49.26034,21.58310,193,193,09041
SK041C527599,Miroľa,Mirola,municipality,,SK041C,Svidník,SK041,Prešovský,49.32815,21.73251,45,45,09005
SK041C527602,Mlynárovce,Mlynarovce,municipality,,SK041C,Svidník,SK041,Prešovský,49.25071,21.52960,112,112,09016
SK041C527629,Nižná Jedľová,Nizna Jedlova,municipality,,SK041C,Svidník,SK041,Prešovský,49.33260,21.55876,107,107,08901
SK041C527645,Nižná Pisaná,Nizna Pisana,municipality,,SK041C,Svidník,SK041,Prešovský,49.38382,21.60153,53,53,09001
SK041C527653,Nižný Komárnik,Nizny Komarnik,municipality,,SK041C,Svidník,SK041,Prešovský,49.37548,21.69659,65,65,09005
SK041C527661,Nižný Mirošov,Nizny Mirosov,municipality,,SK041C,Svidník,SK041,Prešovský,49.36201,21.47221,90,90,09011
SK041C527670,Nižný Orlík,Nizny Orlik,municipality,,SK041C,Svidník,SK041,Prešovský,49.33474,21.52693,129,129,09011
SK041C527688,Nová Polianka,Nova Polianka,municipality,,SK041C,Svidník,SK041,Prešovský,49.28745,21.62083,25,25,08901
SK041C527696,Okrúhle,Okruhle,municipality,,SK041C,Svidník,SK041,Prešovský,49.18187,21.55203,193,193,09042
SK041C527734,Príkra,Prikra,municipality,,SK041C,Svidník,SK041,Prešovský,49.36166,21.73920,26,26,09005
SK041C527742,Pstriná,Pstrina,municipality,,SK041C,Svidník,SK041,Prešovský,49.30939,21.74733,54,54,09005
SK041C527751,Radoma,Radoma,municipality,,SK041C,Svidník,SK041,Prešovský,49.19822,21.56678,166,166,09042
SK041C527769,Rakovčík,Rakovcik,municipality,,SK041C,Svidník,SK041,Prešovský,49.24370,21.57763,63,63,08901
SK041C527777,Rovné,Rovne,municipality,,SK041C,Svidník,SK041,Prešovský,49.28125,21.51781,146,146,09016
SK041C527785,Roztoky,Roztoky,municipality,,SK041C,Svidník,SK041,Prešovský,49.38746,21.49300,90,90,09011
SK041C527807,Soboš,Sobos,municipality,,SK041C,Svidník,SK041,Prešovský,49.14658,21.55388,68,68,09042
SK041C527831,Stročín,Strocin,municipality,,SK041C,Svidník,SK041,Prešovský,49.26477,21.59532,159,159,08901
SK041C527858,Svidnička,Svidnicka,municipality,,SK041C,Svidník,SK041,Prešovský,49.38318,21.56908,75,75,09002
SK041C527874,Šarbov,Sarbov,municipality,,SK041C,Svidník,SK041,Prešovský,49.42668,21.63077,19,19,09005
SK041C527882,Šarišský Štiavnik,Sarissky Stiavnik,municipality,,SK041C,Svidník,SK041,Prešovský,49.21343,21.56482,75,75,09042
SK041C527891,Šemetkovce,Semetkovce,municipality,,SK041C,Svidník,SK041,Prešovský,49.31022,21.66210,51,51,09003
SK041C527904,Štefurov,Stefurov,municipality,,SK041C,Svidník,SK041,Prešovský,49.17652,21.50439,46,46,09042
SK041C527947,Vagrinec,Vagrinec,municipality,,SK041C,Svidník,SK041,Prešovský,49.31319,21.62871,51,51,09003
SK041C527955,Valkovce,Valkovce,municipality,,SK041C,Svidník,SK041,Prešovský,49.17145,21.53236,78,78,09042
SK041C527963,Vápeník,Vapenik,municipality,,SK041C,Svidník,SK041,Prešovský,49.39387,21.54001,40,40,09002
SK041C528030,Vyšná Jedľová,Vysna Jedlova,municipality,,SK041C,Svidník,SK041,Prešovský,49.34711,21.54236,61,61,08901
SK041C528056,Vyšná Pisaná,Vysna Pisana,municipality,,SK041C,Svidník,SK041,Prešovský,49.40164,21.61368,37,37,09001
SK041C528064,Vyšný Komárnik,Vysny Komarnik,municipality,,SK041C,Svidník,SK041,Prešovský,49.40231,21.70515,46,46,09005
SK041C528072,Vyšný Mirošov,Vysny Mirosov,municipality,,SK041C,Svidník,SK041,Prešovský,49.38643,21.44623,157,157,09011
SK041C528081,Vyšný Orlík,Vysny Orlik,municipality,,SK041C,Svidník,SK041,Prešovský,49.34340,21.50069,144,144,09011
SK041C580601,Dukovce,Dukovce,municipality,,SK041C,Svidník,SK041,Prešovský,49.12160,21.41526,87,87,08644
SK041D528731,Holčíkovce,Holcikovce,municipality,,SK041D,Vranov nad Topľou,SK041,Prešovský,49.01455,21.71419,673,673,09405
SK041D528749,Jasenovce,Jasenovce,municipality,,SK041D,Vranov nad Topľou,SK041,Prešovský,48.99820,21.74679,105,105,09405
SK041D528757,Jastrabie nad Topľou,Jastrabie nad Toplou,municipality,,SK041D,Vranov nad Topľou,SK041,Prešovský,48.93945,21.60567,127,127,09435
SK041D528765,Juskova Voľa,Juskova Vola,municipality,,SK041D,Vranov nad Topľou,SK041,Prešovský,48.87895,21.56622,102,102,09412
SK041D528773,Kamenná Poruba,Kamenna Poruba,municipality,,SK041D,Vranov nad Topľou,SK041,Prešovský,48.84742,21.65262,240,240,09303
SK041D528781,Kladzany,Kladzany,municipality,,SK041D,Vranov nad Topľou,SK041,Prešovský,48.88518,21.74995,202,202,09421
SK041D528790,Komárany,Komarany,municipality,,SK041D,Vranov nad Topľou,SK041,Prešovský,48.92081,21.64034,170,170,09301
SK041D528811,Kučín,Kucin,municipality,,SK041D,Vranov nad Topľou,SK041,Prešovský,48.86913,21.74625,122,122,09421
SK041D528820,Kvakovce,Kvakovce,municipality,,SK041D,Vranov nad Topľou,SK041,Prešovský,49.01547,21.67752,1049,1049,09402
SK041D528838,Majerovce,Majerovce,municipality,,SK041D,Vranov nad Topľou,SK041,Prešovský,48.89182,21.71626,147,147,09409
SK041D528846,Malá Domaša,Mala Domasa,municipality,,SK041D,Vranov nad Topľou,SK041,Prešovský,48.97004,21.71136,158,158,09402
SK041D528854,Matiaška,Matiaska,municipality,,SK041D,Vranov nad Topľou,SK041,Prešovský,49.06189,21.58215,87,87,09431
SK041D528862,Medzianky,Medzianky,municipality,,SK041D,Vranov nad Topľou,SK041,Prešovský,49.03703,21.47008,112,112,09431
SK041D528871,Merník,Mernik,municipality,,SK041D,Vranov nad Topľou,SK041,Prešovský,48.94882,21.64348,188,188,09423
SK041D528889,Michalok,Michalok,municipality,,SK041D,Vranov nad Topľou,SK041,Prešovský,48.99177,21.63241,123,123,09423
SK041D528901,Nižný Hrabovec,Nizny Hrabovec,municipality,,SK041D,Vranov nad Topľou,SK041,Prešovský,48.85272,21.75461,453,453,09421
SK041D528919,Nižný Hrušov,Nizny Hrusov,municipality,,SK041D,Vranov nad Topľou,SK041,Prešovský,48.80895,21.77226,519,519,09422
SK041D528927,Nižný Kručov,Nizny Krucov,municipality,,SK041D,Vranov nad Topľou,SK041,Prešovský,48.91170,21.65364,116,116,09301
SK041D528935,Nová Kelča,Nova Kelca,municipality,,SK041D,Vranov nad Topľou,SK041,Prešovský,49.06039,21.68553,436,436,09404
SK041D528943,Ondavské Matiašovce,Ondavske Matiasovce,municipality,,SK041D,Vranov nad Topľou,SK041,Prešovský,48.93641,21.74471,209,209,09401
SK041D528960,Pavlovce,Pavlovce,municipality,,SK041D,Vranov nad Topľou,SK041,Prešovský,49.02913,21.44399,275,275,09431
SK041D528978,Petkovce,Petkovce,municipality,,SK041D,Vranov nad Topľou,SK041,Prešovský,49.00175,21.59918,58,58,09433
SK041D528986,Petrovce,Petrovce,municipality,,SK041D,Vranov nad Topľou,SK041,Prešovský,49.00041,21.48158,168,168,09431
SK041D528994,Piskorovce,Piskorovce,municipality,,SK041D,Vranov nad Topľou,SK041,Prešovský,49.10627,21.73288,54,54,09405
SK041D529001,Poša,Posa,municipality,,SK041D,Vranov nad Topľou,SK041,Prešovský,48.83853,21.75713,224,224,09421
SK041D529028,Prosačov,Prosacov,municipality,,SK041D,Vranov nad Topľou,SK041,Prešovský,49.04175,21.53718,66,66,09431
SK041D529036,Radvanovce,Radvanovce,municipality,,SK041D,Vranov nad Topľou,SK041,Prešovský,49.04974,21.45979,68,68,09431
SK041D529044,Rafajovce,Rafajovce,municipality,,SK041D,Vranov nad Topľou,SK041,Prešovský,49.04270,21.73875,51,51,09405
SK041D529052,Remeniny,Remeniny,municipality,,SK041D,Vranov nad Topľou,SK041,Prešovský,49.03603,21.55176,118,118,09431
SK041D529079,Rudlov,Rudlov,municipality,,SK041D,Vranov nad Topľou,SK041,Prešovský,48.92281,21.57182,189,189,09435
SK041D529109,Ruská Voľa,Ruska Vola,municipality,,SK041D,Vranov nad Topľou,SK041,Prešovský,49.09602,21.59009,28,28,09431
SK041D529117,Vyšný Kazimír,Vysny Kazimir,municipality,,SK041D,Vranov nad Topľou,SK041,Prešovský,48.94001,21.68124,92,92,09409
SK041D529125,Sačurov,Sacurov,municipality,,SK041D,Vranov nad Topľou,SK041,Prešovský,48.82088,21.69400,494,494,09413
SK041D529133,Sečovská Polianka,Secovska Polianka,municipality,,SK041D,Vranov nad Topľou,SK041,Prešovský,48.78336,21.68227,727,727,09414
SK041D529141,Sedliská,Sedliska,municipality,,SK041D,Vranov nad Topľou,SK041,Prešovský,48.90660,21.72863,386,386,09409
SK041D529150,Skrabské,Skrabske,municipality,,SK041D,Vranov nad Topľou,SK041,Prešovský,49.00751,21.57849,180,180,09433
SK041D529168,Slovenská Kajňa,Slovenska Kajna,municipality,,SK041D,Vranov nad Topľou,SK041,Prešovský,48.96621,21.70066,235,235,09402
SK041D529176,Soľ,Sol,municipality,,SK041D,Vranov nad Topľou,SK041,Prešovský,48.92629,21.59751,518,518,09435
SK041D529184,Štefanovce,Stefanovce,municipality,,SK041D,Vranov nad Topľou,SK041,Prešovský,48.95950,21.77325,55,55,09401
SK041D529192,Tovarné,Tovarne,municipality,,SK041D,Vranov nad Topľou,SK041,Prešovský,48.91336,21.75811,304,304,09401
SK041D529206,Tovarnianska Polianka,Tovarnianska Polianka,municipality,,SK041D,Vranov nad Topľou,SK041,Prešovský,48.89903,21.77303,45,45,09401
SK041D529214,Vavrinec,Vavrinec,municipality,,SK041D,Vranov nad Topľou,SK041,Prešovský,49.04897,21.59661,22,22,09431
SK041D529222,Vechec,Vechec,municipality,,SK041D,Vranov nad Topľou,SK041,Prešovský,48.87120,21.62196,490,490,09412
SK041D529231,Vlača,Vlaca,municipality,,SK041D,Vranov nad Topľou,SK041,Prešovský,49.04824,21.51144,77,77,09431
SK041D529257,Vyšný Žipov,Vysny Zipov,municipality,,SK041D,Vranov nad Topľou,SK041,Prešovský,48.98489,21.58778,340,340,09433
SK041D529265,Zámutov,Zamutov,municipality,,SK041D,Vranov nad Topľou,SK041,Prešovský,48.90107,21.55531,692,692,09415
SK041D529281,Zlatník,Zlatnik,municipality,,SK041D,Vranov nad Topľou,SK041,Prešovský,48.96636,21.54534,33,33,09433
SK041D529290,Žalobín,Zalobin,municipality,,SK041D,Vranov nad Topľou,SK041,Prešovský,48.96952,21.72890,213,213,09403
SK041D544051,Vranov nad Topľou,Vranov nad Toplou,city,,SK041D,Vranov nad Topľou,SK041,Prešovský,48.88282,21.68221,4221,8442,03401|09301|09302|09303
SK041D544060,Babie,Babie,municipality,,SK041D,Vranov nad Topľou,SK041,Prešovský,49.06988,21.49109,95,95,09431
SK041D544078,Banské,Banske,municipality,,SK041D,Vranov nad Topľou,SK041,Prešovský,48.82920,21.57125,399,399,09412
SK041D544086,Benkovce,Benkovce,municipality,,SK041D,Vranov nad Topľou,SK041,Prešovský,48.95035,21.71005,161,161,09402
SK041D544094,Bystré,Bystre,municipality,,SK041D,Vranov nad Topľou,SK041,Prešovský,49.00749,21.54007,650,650,09434
SK041D544108,Cabov,Cabov,municipality,,SK041D,Vranov nad Topľou,SK041,Prešovský,48.80403,21.64268,129,129,09414
SK041D544116,Čaklov,Caklov,municipality,,SK041D,Vranov nad Topľou,SK041,Prešovský,48.90554,21.62541,521,521,09435
SK041D544124,Čičava,Cicava,municipality,,SK041D,Vranov nad Topľou,SK041,Prešovský,48.92484,21.66458,209,209,09301
SK041D544132,Čierne nad Topľou,Cierne nad Toplou,municipality,,SK041D,Vranov nad Topľou,SK041,Prešovský,48.99591,21.56722,258,258,09434
SK041D544141,Ďapalovce,Dapalovce,municipality,,SK041D,Vranov nad Topľou,SK041,Prešovský,49.06674,21.75012,126,126,09405
SK041D544159,Davidov,Davidov,municipality,,SK041D,Vranov nad Topľou,SK041,Prešovský,48.82521,21.63452,257,257,09303
SK041D544167,Detrík,Detrik,municipality,,SK041D,Vranov nad Topľou,SK041,Prešovský,49.04228,21.62129,37,37,09431
SK041D544175,Dlhé Klčovo,Dlhe Klcovo,municipality,,SK041D,Vranov nad Topľou,SK041,Prešovský,48.81116,21.73970,384,384,09413
SK041D544183,Ďurďoš,Durdos,municipality,,SK041D,Vranov nad Topľou,SK041,Prešovský,49.04817,21.52283,91,91,09431
SK041D544191,Giglovce,Giglovce,municipality,,SK041D,Vranov nad Topľou,SK041,Prešovský,49.00076,21.73020,57,57,09405
SK041D544205,Girovce,Girovce,municipality,,SK041D,Vranov nad Topľou,SK041,Prešovský,49.01385,21.75787,29,29,09406
SK041D544213,Hanušovce nad Topľou,Hanusovce nad Toplou,city,,SK041D,Vranov nad Topľou,SK041,Prešovský,49.02560,21.50119,742,1484,09431
SK041D544221,Hermanovce nad Topľou,Hermanovce nad Toplou,municipality,,SK041D,Vranov nad Topľou,SK041,Prešovský,48.98368,21.51087,232,232,09434
SK041D544230,Hlinné,Hlinne,municipality,,SK041D,Vranov nad Topľou,SK041,Prešovský,48.95154,21.57685,370,370,05801|09433|09435
SK041D581674,Hencovce,Hencovce,municipality,,SK041D,Vranov nad Topľou,SK041,Prešovský,48.87327,21.73092,410,410,09302
SK0421526509,Gelnica,Gelnica,city,,SK0421,Gelnica,SK042,Košický,48.85699,20.94119,1935,3870,05601
SK0421526541,Helcmanovce,Helcmanovce,municipality,,SK0421,Gelnica,SK042,Košický,48.83092,20.86954,622,622,05563
SK0421526550,Henclová,Henclova,municipality,,SK0421,Gelnica,SK042,Košický,48.78650,20.59510,111,111,05333
SK0421526631,Závadka,Zavadka,municipality,,SK0421,Gelnica,SK042,Košický,48.86573,20.61774,245,245,05333
SK0421526649,Žakarovce,Zakarovce,municipality,,SK0421,Gelnica,SK042,Košický,48.87808,20.92532,376,376,05571
SK0421543144,Hrišovce,Hrisovce,municipality,,SK0421,Gelnica,SK042,Košický,48.94542,20.90825,118,118,05351
SK0421543187,Jaklovce,Jaklovce,municipality,,SK0421,Gelnica,SK042,Košický,48.87629,20.99766,892,892,05561
SK0421543233,Kluknava,Kluknava,municipality,,SK0421,Gelnica,SK042,Košický,48.92681,20.94074,696,696,05351
SK0421543241,Kojšov,Kojsov,municipality,,SK0421,Gelnica,SK042,Košický,48.82202,20.98700,382,382,05552
SK0421543322,Margecany,Margecany,municipality,,SK0421,Gelnica,SK042,Košický,48.89174,21.01647,823,823,05501
SK0421543365,Mníšek nad Hnilcom,Mnisek nad Hnilcom,municipality,,SK0421,Gelnica,SK042,Košický,48.80363,20.80470,571,571,05564
SK0421543373,Nálepkovo,Nalepkovo,municipality,,SK0421,Gelnica,SK042,Košický,48.83728,20.61554,880,880,05333
SK0421543497,Prakovce,Prakovce,municipality,,SK0421,Gelnica,SK042,Košický,48.81398,20.90517,714,714,05562
SK0421543501,Richnava,Richnava,municipality,,SK0421,Gelnica,SK042,Košický,48.92631,20.92099,318,318,05351
SK0421543551,Smolnícka Huta,Smolnicka Huta,municipality,,SK0421,Gelnica,SK042,Košický,48.74903,20.77671,257,257,05565
SK0421543560,Smolník,Smolnik,municipality,,SK0421,Gelnica,SK042,Košický,48.72985,20.73832,623,623,05566
SK0421543632,Stará Voda,Stara Voda,municipality,,SK0421,Gelnica,SK042,Košický,48.79808,20.67505,179,179,05334
SK0421543659,Švedlár,Svedlar,municipality,,SK0421,Gelnica,SK042,Košický,48.81211,20.71434,596,596,05334
SK0421543683,Úhorná,Uhorna,municipality,,SK0421,Gelnica,SK042,Košický,48.70563,20.67587,156,156,05566
SK0421543705,Veľký Folkmar,Velky Folkmar,municipality,,SK0421,Gelnica,SK042,Košický,48.85641,21.01449,491,491,05551
SK0422598119,Košice-Kavečany,Kosice-Kavecany,city_district,Košice,SK0422,Košice I,SK042,Košický,48.77177,21.21123,762,1524,04001
SK0422598127,Košice-Ťahanovce,Kosice-Tahanovce,city_district,Košice,SK0422,Košice I,SK042,Košický,48.75805,21.25713,952,1904,04001|04013
SK0422598151,Košice-Sever,Kosice-Sever,city_district,Košice,SK0422,Košice I,SK042,Košický,48.73843,21.24209,7003,14006,04001
SK0422598186,Košice-Staré Mesto,Kosice-Stare Mesto,city_district,Košice,SK0422,Košice I,SK042,Košický,48.72514,21.25474,4750,9500,04001
SK0422599875,Košice-Sídlisko Ťahanovce,Kosice-Sidlisko Tahanovce,city_district,Košice,SK0422,Košice I,SK042,Košický,48.75736,21.27269,687,1374,04001|04013
SK0422599891,Košice-Džungľa,Kosice-Dzungla,city_district,Košice,SK0422,Košice I,SK042,Košický,48.73827,21.26709,246,492,04001
SK0423598194,Košice-Lorinčík,Kosice-Lorincik,city_district,Košice,SK0423,Košice II,SK042,Košický,48.69101,21.19657,431,862,04001|04011
SK0423598208,Košice-Pereš,Kosice-Peres,city_district,Košice,SK0423,Košice II,SK042,Košický,48.68929,21.20852,909,1818,04011
SK0423598216,Košice-Myslava,Kosice-Myslava,city_district,Košice,SK0423,Košice II,SK042,Košický,48.71153,21.20397,1260,2520,04015|04016|04023
SK0423598224,Košice-Západ,Kosice-Zapad,city_district,Košice,SK0423,Košice II,SK042,Košický,48.71080,21.23155,5527,11054,04001|04011|04013|04016|04023
SK0423599841,Košice-Šaca,Kosice-Saca,city_district,Košice,SK0423,Košice II,SK042,Košický,48.62874,21.17956,2772,5544,04015
SK0423599859,Košice-Poľov,Kosice-Polov,city_district,Košice,SK0423,Košice II,SK042,Košický,48.66511,21.19182,453,906,04015
SK0423599883,Košice-Sídlisko KVP,Kosice-Sidlisko KVP,city_district,Košice,SK0423,Košice II,SK042,Košický,48.71335,21.21415,790,1580,04015|04023
SK0423599972,Košice-Luník IX,Kosice-Lunik IX,city_district,Košice,SK0423,Košice II,SK042,Košický,48.69711,21.22170,32,64,04011
SK0424598682,Košice-Dargovských hrdinov,Kosice-Dargovskych hrdinov,city_district,Košice,SK0424,Košice III,SK042,Košický,48.73425,21.28356,1260,2520,04001|04013|04014|04022
SK0424599018,Košice-Košická Nová Ves,Kosice-Kosicka Nova Ves,city_district,Košice,SK0424,Košice III,SK042,Košický,48.72860,21.30228,1331,2662,04001|04014|04022
SK0425599093,Košice-Barca,Kosice-Barca,city_district,Košice,SK0425,Košice IV,SK042,Košický,48.67893,21.26377,1587,3174,04001|04011|04017
SK0425599786,Košice-Šebastovce,Kosice-Sebastovce,city_district,Košice,SK0425,Košice IV,SK042,Košický,48.65451,21.26663,291,582,04017
SK0425599794,Košice-Krásna,Kosice-Krasna,city_district,Košice,SK0425,Košice IV,SK042,Košický,48.67192,21.31741,2070,4140,04018
SK0425599816,Košice-Nad jazerom,Kosice-Nad jazerom,city_district,Košice,SK0425,Košice IV,SK042,Košický,48.68529,21.29225,1307,2614,04012|04018
SK0425599824,Košice-Juh,Kosice-Juh,city_district,Košice,SK0425,Košice IV,SK042,Košický,48.70829,21.25864,5029,10058,04001|04011|04012|04017
SK0425599913,Košice-Vyšné Opátske,Kosice-Vysne Opatske,city_district,Košice,SK0425,Košice IV,SK042,Košický,48.71228,21.28595,1399,2798,04001|04022
SK0426518107,Hosťovce,Hostovce,municipality,,SK0426,Košice - okolie,SK042,Košický,48.57171,20.85456,118,118,04402
SK0426518115,Slančík,Slancik,municipality,,SK0426,Košice - okolie,SK042,Košický,48.66061,21.49079,101,101,04417
SK0426518123,Háj,Haj,municipality,,SK0426,Košice - okolie,SK042,Košický,48.62975,20.85255,132,132,04402
SK0426518140,Nižná Hutka,Nizna Hutka,municipality,,SK0426,Košice - okolie,SK042,Košický,48.65853,21.35931,239,239,04018
SK0426521141,Bačkovík,Backovik,municipality,,SK0426,Košice - okolie,SK042,Košický,48.78199,21.43287,128,128,04445
SK0426521159,Baška,Baska,municipality,,SK0426,Košice - okolie,SK042,Košický,48.70906,21.18136,365,365,04016
SK0426521167,Belža,Belza,municipality,,SK0426,Košice - okolie,SK042,Košický,48.58014,21.27225,185,185,04458
SK0426521175,Beniakovce,Beniakovce,municipality,,SK0426,Košice - okolie,SK042,Košický,48.76766,21.31569,303,303,04442
SK0426521183,Bidovce,Bidovce,municipality,,SK0426,Košice - okolie,SK042,Košický,48.73723,21.44049,453,453,04445
SK0426521191,Blažice,Blazice,municipality,,SK0426,Košice - okolie,SK042,Košický,48.66705,21.41139,152,152,04416
SK0426521205,Bohdanovce,Bohdanovce,municipality,,SK0426,Košice - okolie,SK042,Košický,48.65655,21.39973,409,409,04416
SK0426521213,Boliarov,Boliarov,municipality,,SK0426,Košice - okolie,SK042,Košický,48.80239,21.43137,169,169,04447
SK0426521221,Budimír,Budimir,municipality,,SK0426,Košice - okolie,SK042,Košický,48.79910,21.30188,500,500,04443
SK0426521248,Bukovec,Bukovec,municipality,,SK0426,Košice - okolie,SK042,Košický,48.71143,21.14710,374,374,04420
SK0426521256,Bunetice,Bunetice,municipality,,SK0426,Košice - okolie,SK042,Košický,48.86114,21.39358,54,54,04447
SK0426521264,Buzica,Buzica,municipality,,SK0426,Košice - okolie,SK042,Košický,48.53156,21.07602,348,348,04473
SK0426521272,Cestice,Cestice,municipality,,SK0426,Košice - okolie,SK042,Košický,48.59172,21.10071,331,331,04471
SK0426521281,Čakanovce,Cakanovce,municipality,,SK0426,Košice - okolie,SK042,Košický,48.76699,21.44214,164,164,04445
SK0426521299,Čaňa,Cana,municipality,,SK0426,Košice - okolie,SK042,Košický,48.61059,21.32347,2018,2018,04414
SK0426521302,Čečejovce,Cecejovce,municipality,,SK0426,Košice - okolie,SK042,Košický,48.59412,21.06334,772,772,04471
SK0426521311,Čižatice,Cizatice,municipality,,SK0426,Košice - okolie,SK042,Košický,48.79591,21.39234,153,153,04447
SK0426521329,Debraď,Debrad,municipality,,SK0426,Košice - okolie,SK042,Košický,48.65133,20.97755,193,193,04501
SK0426521337,Drienovec,Drienovec,municipality,,SK0426,Košice - okolie,SK042,Košický,48.61101,20.94749,571,571,04401
SK0426521345,Družstevná pri Hornáde,Druzstevna pri Hornade,municipality,,SK0426,Košice - okolie,SK042,Košický,48.80209,21.24962,731,731,04431
SK0426521353,Ďurďošík,Durdosik,municipality,,SK0426,Košice - okolie,SK042,Košický,48.74111,21.41339,289,289,04445
SK0426521361,Ďurkov,Durkov,municipality,,SK0426,Košice - okolie,SK042,Košický,48.70877,21.44246,437,437,04419
SK0426521370,Geča,Geca,municipality,,SK0426,Košice - okolie,SK042,Košický,48.62537,21.30963,663,663,04410
SK0426521388,Gyňov,Gynov,municipality,,SK0426,Košice - okolie,SK042,Košický,48.58875,21.30368,259,259,04414
SK0426521396,Hačava,Hacava,municipality,,SK0426,Košice - okolie,SK042,Košický,48.66619,20.83902,158,158,04402
SK0426521400,Haniska,Haniska,municipality,,SK0426,Košice - okolie,SK042,Košický,48.62041,21.25373,635,635,04457
SK0426521418,Herľany,Herlany,municipality,,SK0426,Košice - okolie,SK042,Košický,48.79771,21.47589,135,135,04445
SK0426521426,Hodkovce,Hodkovce,municipality,,SK0426,Košice - okolie,SK042,Košický,48.67832,21.09999,160,160,04421
SK0426521442,Hrašovík,Hrasovik,municipality,,SK0426,Košice - okolie,SK042,Košický,48.74647,21.32008,173,173,04442
SK0426521469,Hýľov,Hylov,municipality,,SK0426,Košice - okolie,SK042,Košický,48.73017,21.10579,226,226,04412
SK0426521477,Chrastné,Chrastne,municipality,,SK0426,Košice - okolie,SK042,Košický,48.79366,21.35413,223,223,04444
SK0426521485,Janík,Janik,municipality,,SK0426,Košice - okolie,SK042,Košický,48.55572,20.96761,265,265,04405
SK0426521493,Jasov,Jasov,municipality,,SK0426,Košice - okolie,SK042,Košický,48.68236,20.97450,758,758,04423
SK0426521507,Kalša,Kalsa,municipality,,SK0426,Košice - okolie,SK042,Košický,48.61340,21.52480,280,280,04418
SK0426521523,Kecerovce,Kecerovce,municipality,,SK0426,Košice - okolie,SK042,Košický,48.82545,21.41466,389,389,04447
SK0426521540,Kecerovský Lipovec,Kecerovsky Lipovec,municipality,,SK0426,Košice - okolie,SK042,Košický,48.84438,21.43446,59,59,04447
SK0426521558,Kokšov-Bakša,Koksov-Baksa,municipality,,SK0426,Košice - okolie,SK042,Košický,48.64628,21.32394,440,440,04413
SK0426521566,Komárovce,Komarovce,municipality,,SK0426,Košice - okolie,SK042,Košický,48.57288,21.12028,192,192,04455
SK0426521574,Košická Belá,Kosicka Bela,municipality,,SK0426,Košice - okolie,SK042,Košický,48.81890,21.08406,851,851,04465
SK0426521582,Košická Polianka,Kosicka Polianka,municipality,,SK0426,Košice - okolie,SK042,Košický,48.69276,21.34664,351,351,04441
SK0426521591,Košické Oľšany,Kosicke Olsany,municipality,,SK0426,Košice - okolie,SK042,Košický,48.73028,21.34262,436,436,04442
SK0426521604,Košický Klečenov,Kosicky Klecenov,municipality,,SK0426,Košice - okolie,SK042,Košický,48.74325,21.50823,158,158,04445
SK0426521612,Kráľovce,Kralovce,municipality,,SK0426,Košice - okolie,SK042,Košický,48.80294,21.32911,263,263,04444
SK0426521639,Kysak,Kysak,municipality,,SK0426,Košice - okolie,SK042,Košický,48.85530,21.21536,699,699,04481
SK0426521655,Malá Ida,Mala Ida,municipality,,SK0426,Košice - okolie,SK042,Košický,48.67754,21.16937,770,770,04420
SK0426521663,Malá Lodina,Mala Lodina,municipality,,SK0426,Košice - okolie,SK042,Košický,48.87807,21.13226,143,143,04481
SK0426521671,Medzev,Medzev,city,,SK0426,Košice - okolie,SK042,Košický,48.70085,20.89037,1266,2532,04425
SK0426521680,Mokrance,Mokrance,municipality,,SK0426,Košice - okolie,SK042,Košický,48.59603,21.02276,585,585,04501
SK0426521698,Moldava nad Bodvou,Moldava nad Bodvou,city,,SK0426,Košice - okolie,SK042,Košický,48.61455,20.99655,2183,4366,04501
SK0426521701,Mudrovce,Mudrovce,municipality,,SK0426,Košice - okolie,SK042,Košický,48.82803,21.44952,34,34,04447
SK0426521728,Nižná Kamenica,Nizna Kamenica,municipality,,SK0426,Košice - okolie,SK042,Košický,48.76020,21.47804,292,292,04445
SK0426521736,Nižná Myšľa,Nizna Mysla,municipality,,SK0426,Košice - okolie,SK042,Košický,48.62419,21.36490,464,464,04415
SK0426521744,Nižný Čaj,Nizny Caj,municipality,,SK0426,Košice - okolie,SK042,Košický,48.66598,21.39751,94,94,04416
SK0426521752,Nižný Klátov,Nizny Klatov,municipality,,SK0426,Košice - okolie,SK042,Košický,48.72684,21.15091,711,711,04412
SK0426521761,Nižný Lánec,Nizny Lanec,municipality,,SK0426,Košice - okolie,SK042,Košický,48.53666,21.10962,107,107,04473
SK0426521779,Turnianska Nová Ves,Turnianska Nova Ves,municipality,,SK0426,Košice - okolie,SK042,Košický,48.57848,20.88786,131,131,04402
SK0426521787,Nováčany,Novacany,municipality,,SK0426,Košice - okolie,SK042,Košický,48.69142,21.07149,298,298,04421
SK0426521795,Nová Polhora,Nova Polhora,municipality,,SK0426,Košice - okolie,SK042,Košický,48.83099,21.31858,180,180,04444
SK0426521809,Nový Salaš,Novy Salas,municipality,,SK0426,Košice - okolie,SK042,Košický,48.61136,21.47341,99,99,04417
SK0426521817,Obišovce,Obisovce,municipality,,SK0426,Košice - okolie,SK042,Košický,48.86224,21.23610,234,234,04481
SK0426521825,Olšovany,Olsovany,municipality,,SK0426,Košice - okolie,SK042,Košický,48.70618,21.40649,169,169,04419
SK0426521833,Opátka,Opatka,municipality,,SK0426,Košice - okolie,SK042,Košický,48.78745,21.05835,79,79,04465
SK0426521841,Opiná,Opina,municipality,,SK0426,Košice - okolie,SK042,Košický,48.85394,21.42714,74,74,04447
SK0426521850,Paňovce,Panovce,municipality,,SK0426,Košice - okolie,SK042,Košický,48.64710,21.06214,286,286,04471
SK0426521868,Peder,Peder,municipality,,SK0426,Košice - okolie,SK042,Košický,48.57806,20.95173,164,164,04405
SK0426521876,Perín-Chym,Perin-Chym,municipality,,SK0426,Košice - okolie,SK042,Košický,48.53168,21.17092,589,589,04474
SK0426521884,Ploské,Ploske,municipality,,SK0426,Košice - okolie,SK042,Košický,48.81688,21.32701,362,362,04444
SK0426521892,Poproč,Poproc,municipality,,SK0426,Košice - okolie,SK042,Košický,48.71142,20.97475,1062,1062,04424
SK0426521906,Rákoš,Rakos,municipality,,SK0426,Košice - okolie,SK042,Košický,48.64287,21.42746,140,140,04416
SK0426521914,Rankovce,Rankovce,municipality,,SK0426,Košice - okolie,SK042,Košický,48.81089,21.46189,156,156,04445
SK0426521922,Rešica,Resica,municipality,,SK0426,Košice - okolie,SK042,Košický,48.54208,21.04019,150,150,04473
SK0426521931,Rozhanovce,Rozhanovce,municipality,,SK0426,Košice - okolie,SK042,Košický,48.75161,21.34422,831,831,04442
SK0426521949,Rudník,Rudnik,municipality,,SK0426,Košice - okolie,SK042,Košický,48.69283,21.00875,282,282,04423
SK0426521957,Ruskov,Ruskov,municipality,,SK0426,Košice - okolie,SK042,Košický,48.68250,21.43432,665,665,04419
SK0426521965,Sady nad Torysou,Sady nad Torysou,municipality,,SK0426,Košice - okolie,SK042,Košický,48.70758,21.34382,564,564,04441
SK0426521973,Seňa,Sena,municipality,,SK0426,Košice - okolie,SK042,Košický,48.56135,21.25911,685,685,04458
SK0426521981,Skároš,Skaros,municipality,,SK0426,Košice - okolie,SK042,Košický,48.58753,21.37909,353,353,04411
SK0426522007,Slanec,Slanec,municipality,,SK0426,Košice - okolie,SK042,Košický,48.63540,21.47559,495,495,04417
SK0426522015,Slanská Huta,Slanska Huta,municipality,,SK0426,Košice - okolie,SK042,Košický,48.59869,21.46416,129,129,04417
SK0426522023,Slanské Nové Mesto,Slanske Nove Mesto,municipality,,SK0426,Košice - okolie,SK042,Košický,48.63097,21.52270,216,216,04418
SK0426522031,Sokoľ,Sokol,municipality,,SK0426,Košice - okolie,SK042,Košický,48.81356,21.22012,433,433,04431
SK0426522040,Svinica,Svinica,municipality,,SK0426,Košice - okolie,SK042,Košický,48.73384,21.46319,345,345,04445
SK0426522066,Šemša,Semsa,municipality,,SK0426,Košice - okolie,SK042,Košický,48.67722,21.11346,371,371,04421
SK0426522074,Štós,Stos,municipality,,SK0426,Košice - okolie,SK042,Košický,48.70944,20.78733,324,324,04426
SK0426522082,Trebejov,Trebejov,municipality,,SK0426,Košice - okolie,SK042,Košický,48.83793,21.21789,220,220,04481
SK0426522091,Trsťany,Trstany,municipality,,SK0426,Košice - okolie,SK042,Košický,48.75879,21.40650,143,143,04445
SK0426522104,Trstené pri Hornáde,Trstene pri Hornade,municipality,,SK0426,Košice - okolie,SK042,Košický,48.57471,21.33516,510,510,04411
SK0426522121,Vajkovce,Vajkovce,municipality,,SK0426,Košice - okolie,SK042,Košický,48.78318,21.32558,321,321,04443
SK0426522139,Valaliky,Valaliky,municipality,,SK0426,Košice - okolie,SK042,Košický,48.64091,21.29733,1363,1363,04413
SK0426522147,Veľká Ida,Velka Ida,municipality,,SK0426,Košice - okolie,SK042,Košický,48.59443,21.16755,781,781,04455
SK0426522155,Veľká Lodina,Velka Lodina,municipality,,SK0426,Košice - okolie,SK042,Košický,48.85866,21.15891,183,183,04481
SK0426522163,Vtáčkovce,Vtackovce,municipality,,SK0426,Košice - okolie,SK042,Košický,48.84384,21.38719,89,89,04447
SK0426522171,Vyšná Hutka,Vysna Hutka,municipality,,SK0426,Košice - okolie,SK042,Košický,48.67510,21.35404,256,256,04018
SK0426522180,Vyšná Kamenica,Vysna Kamenica,municipality,,SK0426,Košice - okolie,SK042,Košický,48.78002,21.48315,159,159,04445
SK0426522198,Vyšná Myšľa,Vysna Mysla,municipality,,SK0426,Košice - okolie,SK042,Košický,48.63469,21.38747,341,341,04415
SK0426522201,Vyšný Čaj,Vysny Caj,municipality,,SK0426,Košice - okolie,SK042,Košický,48.68365,21.39974,109,109,04416
SK0426522210,Vyšný Klátov,Vysny Klatov,municipality,,SK0426,Košice - okolie,SK042,Košický,48.74423,21.12403,187,187,04412
SK0426522244,Zlatá Idka,Zlata Idka,municipality,,SK0426,Košice - okolie,SK042,Košický,48.74940,21.00785,377,377,04461
SK0426522252,Žarnov,Zarnov,municipality,,SK0426,Košice - okolie,SK042,Košický,48.58326,20.92411,160,160,04402
SK0426522261,Ždaňa,Zdana,municipality,,SK0426,Košice - okolie,SK042,Košický,48.60238,21.34910,405,405,04411
SK0426559687,Kechnec,Kechnec,municipality,,SK0426,Košice - okolie,SK042,Košický,48.55230,21.26344,372,372,04458
SK0426559784,Turňa nad Bodvou,Turna nad Bodvou,municipality,,SK0426,Košice - okolie,SK042,Košický,48.60042,20.87821,767,767,04402
SK0426559831,Bočiar,Bociar,municipality,,SK0426,Košice - okolie,SK042,Košický,48.59232,21.23512,89,89,04457
SK0426559865,Sokoľany,Sokolany,municipality,,SK0426,Košice - okolie,SK042,Košický,48.61533,21.21540,700,700,04457
SK0426559873,Dvorníky-Včeláre,Dvorniky-Vcelare,municipality,,SK0426,Košice - okolie,SK042,Košický,48.59953,20.83280,249,249,04402
SK0426559881,Zádiel,Zadiel,municipality,,SK0426,Košice - okolie,SK042,Košický,48.61358,20.83259,88,88,04402
SK0426580252,Milhosť,Milhost,municipality,,SK0426,Košice - okolie,SK042,Košický,48.53906,21.26768,147,147,04458
SK0426582093,Vyšný Medzev,Vysny Medzev,municipality,,SK0426,Košice - okolie,SK042,Košický,48.71888,20.90802,375,375,04425
SK0426582514,Kostoľany nad Hornádom,Kostolany nad Hornadom,municipality,,SK0426,Košice - okolie,SK042,Košický,48.79429,21.24030,548,548,04431
SK0426599310,Chorváty,Chorvaty,municipality,,SK0426,Košice - okolie,SK042,Košický,48.56555,20.87397,72,72,04402
SK0427513857,Budince,Budince,municipality,,SK0427,Michalovce,SK042,Košický,48.54403,22.12287,51,51,07677
SK0427522279,Michalovce,Michalovce,city,,SK0427,Michalovce,SK042,Košický,48.75489,21.91624,7091,14182,07101
SK0427522287,Bajany,Bajany,municipality,,SK0427,Michalovce,SK042,Košický,48.60397,22.11090,163,163,07254
SK0427522295,Bánovce nad Ondavou,Banovce nad Ondavou,municipality,,SK0427,Michalovce,SK042,Košický,48.68314,21.81363,261,261,07204|07205
SK0427522368,Bracovce,Bracovce,municipality,,SK0427,Michalovce,SK042,Košický,48.64585,21.83779,291,291,07205
SK0427522376,Budkovce,Budkovce,municipality,,SK0427,Michalovce,SK042,Košický,48.63389,21.92744,478,478,07213|07215
SK0427522392,Čečehov,Cecehov,municipality,,SK0427,Michalovce,SK042,Košický,48.72392,21.99020,128,128,07211
SK0427522406,Dúbravka,Dubravka,municipality,,SK0427,Michalovce,SK042,Košický,48.63616,21.88734,254,254,07215
SK0427522414,Falkušovce,Falkusovce,municipality,,SK0427,Michalovce,SK042,Košický,48.63109,21.84184,199,199,07205
SK0427522431,Hatalov,Hatalov,municipality,,SK0427,Michalovce,SK042,Košický,48.66068,21.88834,237,237,07216
SK0427522449,Hažín,Hazin,municipality,,SK0427,Michalovce,SK042,Košický,48.75265,22.01907,178,178,07234
SK0427522465,Hnojné,Hnojne,municipality,,SK0427,Michalovce,SK042,Košický,48.77812,22.06928,88,88,07233
SK0427522481,Horovce,Horovce,municipality,,SK0427,Michalovce,SK042,Košický,48.70556,21.76900,255,255,07202
SK0427522511,Iňačovce,Inacovce,municipality,,SK0427,Michalovce,SK042,Košický,48.69705,22.03127,177,177,07211
SK0427522546,Jastrabie pri Michalovciach,Jastrabie pri Michalovciach,municipality,,SK0427,Michalovce,SK042,Košický,48.71234,22.02834,113,113,07211
SK0427522562,Jovsa,Jovsa,municipality,,SK0427,Michalovce,SK042,Košický,48.81872,22.09324,306,306,07232
SK0427522571,Kačanov,Kacanov,municipality,,SK0427,Michalovce,SK042,Košický,48.61257,21.84512,101,101,07205
SK0427522589,Kaluža,Kaluza,municipality,,SK0427,Michalovce,SK042,Košický,48.80969,22.00446,330,330,07236
SK0427522597,Klokočov,Klokocov,municipality,,SK0427,Michalovce,SK042,Košický,48.81456,22.03161,399,399,07231
SK0427522635,Zemplínske Kopčany,Zemplinske Kopcany,municipality,,SK0427,Michalovce,SK042,Košický,48.58959,21.92130,84,84,07217
SK0427522651,Krásnovce,Krasnovce,municipality,,SK0427,Michalovce,SK042,Košický,48.72003,21.88332,204,204,07201
SK0427522686,Kusín,Kusin,municipality,,SK0427,Michalovce,SK042,Košický,48.81585,22.06299,168,168,07232
SK0427522694,Lastomír,Lastomir,municipality,,SK0427,Michalovce,SK042,Košický,48.70428,21.92186,409,409,07237
SK0427522708,Laškovce,Laskovce,municipality,,SK0427,Michalovce,SK042,Košický,48.69964,21.85003,105,105,07201
SK0427522724,Lesné,Lesne,municipality,,SK0427,Michalovce,SK042,Košický,48.79858,21.81546,145,145,07101
SK0427522732,Ložín,Lozin,municipality,,SK0427,Michalovce,SK042,Košický,48.66199,21.83620,278,278,07205
SK0427522741,Lúčky,Lucky,municipality,,SK0427,Michalovce,SK042,Košický,48.76679,22.04042,178,178,07234
SK0427522759,Malčice,Malcice,municipality,,SK0427,Michalovce,SK042,Košický,48.57640,21.85285,391,391,07206
SK0427522767,Malé Raškovce,Male Raskovce,municipality,,SK0427,Michalovce,SK042,Košický,48.57977,21.91870,81,81,07217
SK0427522783,Markovce,Markovce,municipality,,SK0427,Michalovce,SK042,Košický,48.59159,21.84189,162,162,07206
SK0427522791,Moravany,Moravany,municipality,,SK0427,Michalovce,SK042,Košický,48.73996,21.78482,350,350,07203
SK0427522805,Nacina Ves,Nacina Ves,municipality,,SK0427,Michalovce,SK042,Košický,48.82133,21.85379,449,449,07101|07221
SK0427522848,Oreské,Oreske,municipality,,SK0427,Michalovce,SK042,Košický,48.85899,21.90406,162,162,07223
SK0427522864,Palín,Palin,municipality,,SK0427,Michalovce,SK042,Košický,48.65817,21.98777,283,283,07213
SK0427522872,Pavlovce nad Uhom,Pavlovce nad Uhom,municipality,,SK0427,Michalovce,SK042,Košický,48.61590,22.06540,1015,1015,07214
SK0427522881,Petrikovce,Petrikovce,municipality,,SK0427,Michalovce,SK042,Košický,48.54673,21.85764,91,91,07206
SK0427522902,Petrovce nad Laborcom,Petrovce nad Laborcom,municipality,,SK0427,Michalovce,SK042,Košický,48.79278,21.87312,247,247,07101
SK0427522945,Poruba pod Vihorlatom,Poruba pod Vihorlatom,municipality,,SK0427,Michalovce,SK042,Košický,48.82575,22.13686,195,195,07232
SK0427522961,Pozdišovce,Pozdisovce,municipality,,SK0427,Michalovce,SK042,Košický,48.72599,21.85419,409,409,07201
SK0427522988,Pusté Čemerné,Puste Cemerne,municipality,,SK0427,Michalovce,SK042,Košický,48.84157,21.81838,169,169,07222
SK0427522996,Rakovec nad Ondavou,Rakovec nad Ondavou,municipality,,SK0427,Michalovce,SK042,Košický,48.77133,21.78282,352,352,07203
SK0427523054,Senné,Senne,municipality,,SK0427,Michalovce,SK042,Košický,48.66622,22.02487,215,215,07213
SK0427523062,Slavkovce,Slavkovce,municipality,,SK0427,Michalovce,SK042,Košický,48.60345,21.92157,148,148,07217
SK0427523071,Sliepkovce,Sliepkovce,municipality,,SK0427,Michalovce,SK042,Košický,48.67229,21.94599,200,200,07237
SK0427523097,Staré,Stare,municipality,,SK0427,Michalovce,SK042,Košický,48.86189,21.87481,267,267,07223
SK0427523101,Strážske,Strazske,city,,SK0427,Michalovce,SK042,Košický,48.87401,21.83619,1456,2912,07222
SK0427523119,Stretava,Stretava,municipality,,SK0427,Michalovce,SK042,Košický,48.64408,22.00416,195,195,07213
SK0427523127,Stretavka,Stretavka,municipality,,SK0427,Michalovce,SK042,Košický,48.62221,21.98827,82,82,07213
SK0427523135,Suché,Suche,municipality,,SK0427,Michalovce,SK042,Košický,48.76526,21.83583,158,158,07101
SK0427523151,Šamudovce,Samudovce,municipality,,SK0427,Michalovce,SK042,Košický,48.70692,21.88645,135,135,07201
SK0427523186,Trhovište,Trhoviste,municipality,,SK0427,Michalovce,SK042,Košický,48.69849,21.80412,380,380,07204
SK0427523194,Trnava pri Laborci,Trnava pri Laborci,municipality,,SK0427,Michalovce,SK042,Košický,48.81974,21.93167,364,364,07231
SK0427523208,Tušice,Tusice,municipality,,SK0427,Michalovce,SK042,Košický,48.72650,21.74866,239,239,07202
SK0427523216,Tušická Nová Ves,Tusicka Nova Ves,municipality,,SK0427,Michalovce,SK042,Košický,48.71678,21.75412,191,191,07202
SK0427523241,Zalužice,Zaluzice,municipality,,SK0427,Michalovce,SK042,Košický,48.75815,21.98573,442,442,07234
SK0427523259,Vinné,Vinne,municipality,,SK0427,Michalovce,SK042,Košický,48.80508,21.97432,1625,1625,07231
SK0427523275,Voľa,Vola,municipality,,SK0427,Michalovce,SK042,Košický,48.84401,21.85034,106,106,07221
SK0427523283,Vrbnica,Vrbnica,municipality,,SK0427,Michalovce,SK042,Košický,48.67896,21.88518,152,152,07216
SK0427523291,Vysoká nad Uhom,Vysoka nad Uhom,municipality,,SK0427,Michalovce,SK042,Košický,48.62714,22.09224,295,295,07214
SK0427523348,Závadka,Zavadka,municipality,,SK0427,Michalovce,SK042,Košický,48.76623,22.06590,129,129,07233
SK0427523356,Zbudza,Zbudza,municipality,,SK0427,Michalovce,SK042,Košický,48.81475,21.89262,180,180,07223
SK0427523364,Zemplínska Široká,Zemplinska Siroka,municipality,,SK0427,Michalovce,SK042,Košický,48.69366,21.97685,303,303,07213
SK0427523372,Žbince,Zbince,municipality,,SK0427,Michalovce,SK042,Košický,48.66972,21.88238,212,212,07216
SK0427528137,Beša,Besa,municipality,,SK0427,Michalovce,SK042,Košický,48.53403,21.95149,139,139,07672
SK0427528277,Čičarovce,Cicarovce,municipality,,SK0427,Michalovce,SK042,Košický,48.53984,22.02576,282,282,07671
SK0427528307,Čierne Pole,Cierne Pole,municipality,,SK0427,Michalovce,SK042,Košický,48.57888,22.07622,108,108,07901
SK0427528331,Drahňov,Drahnov,municipality,,SK0427,Michalovce,SK042,Košický,48.59321,21.96743,302,302,07674
SK0427528391,Ižkovce,Izkovce,municipality,,SK0427,Michalovce,SK042,Košický,48.55756,21.95601,62,62,07672
SK0427528404,Kapušianske Kľačany,Kapusianske Klacany,municipality,,SK0427,Michalovce,SK042,Košický,48.53001,22.10871,218,218,07901
SK0427528463,Krišovská Liesková,Krisovska Lieskova,municipality,,SK0427,Michalovce,SK042,Košický,48.58384,22.03011,235,235,07901
SK0427528579,Maťovské Vojkovce,Matovske Vojkovce,municipality,,SK0427,Michalovce,SK042,Košický,48.56689,22.14060,200,200,07901
SK0427528633,Oborín,Oborin,municipality,,SK0427,Michalovce,SK042,Košický,48.54047,21.88225,215,215,07675
SK0427528692,Ptrukša,Ptruksa,municipality,,SK0427,Michalovce,SK042,Košický,48.48677,22.14049,175,175,07677
SK0427528714,Ruská,Ruska,municipality,,SK0427,Michalovce,SK042,Košický,48.52830,22.14134,175,175,07677
SK0427543853,Veľké Kapušany,Velke Kapusany,city,,SK0427,Michalovce,SK042,Košický,48.55269,22.07697,1671,3342,07901
SK0427543870,Veľké Raškovce,Velke Raskovce,municipality,,SK0427,Michalovce,SK042,Košický,48.55586,21.91334,116,116,07675
SK0427543888,Veľké Slemence,Velke Slemence,municipality,,SK0427,Michalovce,SK042,Košický,48.50992,22.14429,210,210,07677
SK0427543942,Vojany,Vojany,municipality,,SK0427,Michalovce,SK042,Košický,48.56792,21.98818,352,352,07672
SK0428514578,Bretka,Bretka,municipality,,SK0428,Rožňava,SK042,Košický,48.48820,20.34217,145,145,98046
SK0428514748,Gemerská Panica,Gemerska Panica,municipality,,SK0428,Rožňava,SK042,Košický,48.47247,20.34923,361,361,98046
SK0428525529,Rožňava,Roznava,city,,SK0428,Rožňava,SK042,Košický,48.65896,20.53222,3772,7544,04801
SK0428525537,Ardovo,Ardovo,municipality,,SK0428,Rožňava,SK042,Košický,48.53249,20.41682,90,90,04955
SK0428525545,Betliar,Betliar,municipality,,SK0428,Rožňava,SK042,Košický,48.70276,20.50712,587,587,04921
SK0428525553,Bohúňovo,Bohunovo,municipality,,SK0428,Rožňava,SK042,Košický,48.51331,20.38203,132,132,04912
SK0428525561,Bôrka,Borka,municipality,,SK0428,Rožňava,SK042,Košický,48.63215,20.76465,168,168,04942
SK0428525570,Brdárka,Brdarka,municipality,,SK0428,Rožňava,SK042,Košický,48.76746,20.33837,52,52,04934
SK0428525596,Čierna Lehota,Cierna Lehota,municipality,,SK0428,Rožňava,SK042,Košický,48.72329,20.25257,272,272,04936
SK0428525600,Čoltovo,Coltovo,municipality,,SK0428,Rožňava,SK042,Košický,48.49478,20.37535,174,174,04912
SK0428525618,Dedinky,Dedinky,municipality,,SK0428,Rožňava,SK042,Košický,48.86563,20.37794,283,283,04973
SK0428525626,Dlhá Ves,Dlha Ves,municipality,,SK0428,Rožňava,SK042,Košický,48.49426,20.43884,239,239,04955
SK0428525634,Dobšiná,Dobsina,city,,SK0428,Rožňava,SK042,Košický,48.82083,20.36693,1318,2636,04925
SK0428525642,Drnava,Drnava,municipality,,SK0428,Rožňava,SK042,Košický,48.64055,20.65608,310,310,04942
SK0428525651,Gemerská Hôrka,Gemerska Horka,municipality,,SK0428,Rožňava,SK042,Košický,48.53486,20.37788,410,410,04912
SK0428525669,Gemerská Poloma,Gemerska Poloma,municipality,,SK0428,Rožňava,SK042,Košický,48.71232,20.47943,808,808,04922
SK0428525693,Gočaltovo,Gocaltovo,municipality,,SK0428,Rožňava,SK042,Košický,48.63819,20.34562,87,87,04932
SK0428525707,Gočovo,Gocovo,municipality,,SK0428,Rožňava,SK042,Košický,48.75889,20.41778,215,215,04924
SK0428525715,Hanková,Hankova,municipality,,SK0428,Rožňava,SK042,Košický,48.74926,20.31342,55,55,04934
SK0428525723,Henckovce,Henckovce,municipality,,SK0428,Rožňava,SK042,Košický,48.71279,20.43245,192,192,04923
SK0428525731,Honce,Honce,municipality,,SK0428,Rožňava,SK042,Košický,48.66784,20.40740,225,225,04932
SK0428525740,Hrhov,Hrhov,municipality,,SK0428,Rožňava,SK042,Košický,48.60590,20.74873,535,535,04944
SK0428525758,Hrušov,Hrusov,municipality,,SK0428,Rožňava,SK042,Košický,48.58537,20.63464,248,248,04943
SK0428525782,Jablonov nad Turňou,Jablonov nad Turnou,municipality,,SK0428,Rožňava,SK042,Košický,48.59162,20.67156,439,439,04943
SK0428525821,Kečovo,Kecovo,municipality,,SK0428,Rožňava,SK042,Košický,48.49204,20.48486,176,176,04955
SK0428525839,Kobeliarovo,Kobeliarovo,municipality,,SK0428,Rožňava,SK042,Košický,48.74436,20.37218,146,146,04923
SK0428525847,Koceľovce,Kocelovce,municipality,,SK0428,Rožňava,SK042,Košický,48.70901,20.34197,101,101,04935
SK0428525855,Kováčová,Kovacova,municipality,,SK0428,Rožňava,SK042,Košický,48.64032,20.69890,83,83,04942
SK0428525863,Krásnohorská Dlhá Lúka,Krasnohorska Dlha Luka,municipality,,SK0428,Rožňava,SK042,Košický,48.62499,20.57803,306,306,04945
SK0428525871,Krásnohorské Podhradie,Krasnohorske Podhradie,municipality,,SK0428,Rožňava,SK042,Košický,48.65245,20.59900,734,734,04941
SK0428525898,Kunova Teplica,Kunova Teplica,municipality,,SK0428,Rožňava,SK042,Košický,48.61131,20.38167,207,207,04932
SK0428525910,Lipovník,Lipovnik,municipality,,SK0428,Rožňava,SK042,Košický,48.62889,20.62128,364,364,04942
SK0428525936,Lúčka,Lucka,municipality,,SK0428,Rožňava,SK042,Košický,48.63571,20.72232,121,121,04942
SK0428525952,Markuška,Markuska,municipality,,SK0428,Rožňava,SK042,Košický,48.72980,20.32520,64,64,04934
SK0428525961,Meliata,Meliata,municipality,,SK0428,Rožňava,SK042,Košický,48.51565,20.33078,104,104,04912
SK0428526045,Nižná Slaná,Nizna Slana,municipality,,SK0428,Rožňava,SK042,Košický,48.72688,20.41058,347,347,04923
SK0428526053,Ochtiná,Ochtina,municipality,,SK0428,Rožňava,SK042,Košický,48.68324,20.32564,230,230,04935
SK0428526061,Pača,Paca,municipality,,SK0428,Rožňava,SK042,Košický,48.67905,20.60916,250,250,04941
SK0428526070,Pašková,Paskova,municipality,,SK0428,Rožňava,SK042,Košický,48.59179,20.38343,100,100,04932
SK0428526088,Petrovo,Petrovo,municipality,,SK0428,Rožňava,SK042,Košický,48.71377,20.36309,55,55,04935
SK0428526096,Plešivec,Plesivec,municipality,,SK0428,Rožňava,SK042,Košický,48.54653,20.40370,668,668,04911
SK0428526126,Rakovnica,Rakovnica,municipality,,SK0428,Rožňava,SK042,Košický,48.65793,20.45938,364,364,04931
SK0428526134,Rejdová,Rejdova,municipality,,SK0428,Rožňava,SK042,Košický,48.79028,20.28379,387,387,04926
SK0428526177,Rochovce,Rochovce,municipality,,SK0428,Rožňava,SK042,Košický,48.70214,20.30031,161,161,04936
SK0428526185,Roštár,Rostar,municipality,,SK0428,Rožňava,SK042,Košický,48.69198,20.34979,174,174,04935
SK0428526193,Rozložná,Rozlozna,municipality,,SK0428,Rožňava,SK042,Košický,48.61760,20.35011,82,82,04932
SK0428526207,Rožňavské Bystré,Roznavske Bystre,municipality,,SK0428,Rožňava,SK042,Košický,48.66524,20.44103,228,228,04931
SK0428526215,Rudná,Rudna,municipality,,SK0428,Rožňava,SK042,Košický,48.65897,20.48873,361,361,04801
SK0428526223,Silica,Silica,municipality,,SK0428,Rožňava,SK042,Košický,48.55532,20.52243,276,276,04952
SK0428526231,Silická Brezová,Silicka Brezova,municipality,,SK0428,Rožňava,SK042,Košický,48.53269,20.48523,83,83,04911
SK0428526240,Silická Jablonica,Silicka Jablonica,municipality,,SK0428,Rožňava,SK042,Košický,48.55864,20.60903,173,173,04943
SK0428526266,Slavec,Slavec,municipality,,SK0428,Rožňava,SK042,Košický,48.58314,20.46631,180,180,04911
SK0428526274,Slavoška,Slavoska,municipality,,SK0428,Rožňava,SK042,Košický,48.72721,20.33755,56,56,04934
SK0428526282,Slavošovce,Slavosovce,municipality,,SK0428,Rožňava,SK042,Košický,48.71594,20.27426,552,552,04936
SK0428526291,Stratená,Stratena,municipality,,SK0428,Rožňava,SK042,Košický,48.87139,20.33244,143,143,04971
SK0428526312,Štítnik,Stitnik,municipality,,SK0428,Rožňava,SK042,Košický,48.65893,20.36456,623,623,04932
SK0428526339,Vlachovo,Vlachovo,municipality,,SK0428,Rožňava,SK042,Košický,48.77411,20.41421,360,360,04924
SK0428526347,Vyšná Slaná,Vysna Slana,municipality,,SK0428,Rožňava,SK042,Košický,48.78644,20.31814,244,244,04926
SK0428560022,Brzotín,Brzotin,municipality,,SK0428,Rožňava,SK042,Košický,48.63152,20.49646,483,483,04951
SK0428560031,Čučma,Cucma,municipality,,SK0428,Rožňava,SK042,Košický,48.69033,20.54282,252,252,04801
SK0428560049,Jovice,Jovice,municipality,,SK0428,Rožňava,SK042,Košický,48.63171,20.54997,297,297,04945
SK0428560065,Kružná,Kruzna,municipality,,SK0428,Rožňava,SK042,Košický,48.63798,20.47254,175,175,04951
SK0429522309,Baškovce,Baskovce,municipality,,SK0429,Sobrance,SK042,Košický,48.78449,22.20613,100,100,07301
SK0429522317,Beňatina,Benatina,municipality,,SK0429,Sobrance,SK042,Košický,48.80878,22.32549,103,103,07264
SK0429522325,Bežovce,Bezovce,municipality,,SK0429,Sobrance,SK042,Košický,48.63026,22.15302,387,387,07253
SK0429522333,Blatná Polianka,Blatna Polianka,municipality,,SK0429,Sobrance,SK042,Košický,48.69202,22.10775,84,84,07244
SK0429522341,Blatné Remety,Blatne Remety,municipality,,SK0429,Sobrance,SK042,Košický,48.71018,22.10379,133,133,07244
SK0429522350,Blatné Revištia,Blatne Revistia,municipality,,SK0429,Sobrance,SK042,Košický,48.73781,22.07954,96,96,07243
SK0429522384,Bunkovce,Bunkovce,municipality,,SK0429,Sobrance,SK042,Košický,48.72428,22.11767,101,101,07244
SK0429522422,Fekišovce,Fekisovce,municipality,,SK0429,Sobrance,SK042,Košický,48.77168,22.08479,99,99,07233
SK0429522457,Hlivištia,Hlivistia,municipality,,SK0429,Sobrance,SK042,Košický,48.80523,22.21889,144,144,07301
SK0429522473,Horňa,Horna,municipality,,SK0429,Sobrance,SK042,Košický,48.75834,22.20111,143,143,07301
SK0429522490,Husák,Husak,municipality,,SK0429,Sobrance,SK042,Košický,48.69863,22.28760,95,95,07251
SK0429522503,Choňkovce,Chonkovce,municipality,,SK0429,Sobrance,SK042,Košický,48.77930,22.24004,253,253,07263
SK0429522520,Inovce,Inovce,municipality,,SK0429,Sobrance,SK042,Košický,48.82312,22.35695,97,97,07264
SK0429522538,Jasenov,Jasenov,municipality,,SK0429,Sobrance,SK042,Košický,48.79630,22.16871,125,125,07301
SK0429522554,Jenkovce,Jenkovce,municipality,,SK0429,Sobrance,SK042,Košický,48.65344,22.21126,204,204,07252
SK0429522601,Kolibabovce,Kolibabovce,municipality,,SK0429,Sobrance,SK042,Košický,48.71960,22.25780,68,68,07261
SK0429522627,Koňuš,Konus,municipality,,SK0429,Sobrance,SK042,Košický,48.77550,22.26769,155,155,07263
SK0429522643,Koromľa,Koromla,municipality,,SK0429,Sobrance,SK042,Košický,48.71567,22.29278,169,169,07262
SK0429522660,Krčava,Krcava,municipality,,SK0429,Sobrance,SK042,Košický,48.68061,22.24870,160,160,07251
SK0429522678,Kristy,Kristy,municipality,,SK0429,Sobrance,SK042,Košický,48.68626,22.18941,86,86,07255
SK0429522716,Lekárovce,Lekarovce,municipality,,SK0429,Sobrance,SK042,Košický,48.60374,22.15619,393,393,07254
SK0429522813,Nižná Rybnica,Nizna Rybnica,municipality,,SK0429,Sobrance,SK042,Košický,48.75101,22.15062,157,157,07301
SK0429522821,Nižné Nemecké,Nizne Nemecke,municipality,,SK0429,Sobrance,SK042,Košický,48.65172,22.23755,125,125,07252
SK0429522830,Orechová,Orechova,municipality,,SK0429,Sobrance,SK042,Košický,48.70683,22.22508,103,103,07251
SK0429522856,Ostrov,Ostrov,municipality,,SK0429,Sobrance,SK042,Košický,48.71758,22.16382,108,108,07255
SK0429522899,Petrovce,Petrovce,municipality,,SK0429,Sobrance,SK042,Košický,48.70644,22.32315,115,115,07262
SK0429522911,Pinkovce,Pinkovce,municipality,,SK0429,Sobrance,SK042,Košický,48.60840,22.18500,90,90,07254
SK0429522929,Podhoroď,Podhorod,municipality,,SK0429,Sobrance,SK042,Košický,48.81666,22.29955,166,166,07264
SK0429522937,Porostov,Porostov,municipality,,SK0429,Sobrance,SK042,Košický,48.69770,22.17641,89,89,07255
SK0429522953,Porúbka,Porubka,municipality,,SK0429,Sobrance,SK042,Košický,48.73135,22.26403,176,176,07261
SK0429522970,Priekopa,Priekopa,municipality,,SK0429,Sobrance,SK042,Košický,48.75083,22.27327,117,117,07261
SK0429523003,Remetské Hámre,Remetske Hamre,municipality,,SK0429,Sobrance,SK042,Košický,48.84988,22.18397,309,309,07241
SK0429523011,Ruská Bystrá,Ruska Bystra,municipality,,SK0429,Sobrance,SK042,Košický,48.85675,22.29666,63,63,07264
SK0429523020,Ruskovce,Ruskovce,municipality,,SK0429,Sobrance,SK042,Košický,48.77685,22.16535,92,92,07301
SK0429523038,Ruský Hrabovec,Rusky Hrabovec,municipality,,SK0429,Sobrance,SK042,Košický,48.85527,22.35264,143,143,07264
SK0429523046,Sejkov,Sejkov,municipality,,SK0429,Sobrance,SK042,Košický,48.68068,22.22388,101,101,07251
SK0429523089,Sobrance,Sobrance,city,,SK0429,Sobrance,SK042,Košický,48.74329,22.17945,1449,2898,07301
SK0429523143,Svätuš,Svatus,municipality,,SK0429,Sobrance,SK042,Košický,48.68398,22.14117,63,63,07255
SK0429523160,Tašuľa,Tasula,municipality,,SK0429,Sobrance,SK042,Košický,48.65885,22.17246,87,87,07252
SK0429523178,Tibava,Tibava,municipality,,SK0429,Sobrance,SK042,Košický,48.74179,22.20913,210,210,07301
SK0429523224,Úbrež,Ubrez,municipality,,SK0429,Sobrance,SK042,Košický,48.78699,22.12763,244,244,07242
SK0429523232,Veľké Revištia,Velke Revistia,municipality,,SK0429,Sobrance,SK042,Košický,48.74631,22.09861,185,185,07243
SK0429523267,Vojnatina,Vojnatina,municipality,,SK0429,Sobrance,SK042,Košický,48.73422,22.22827,118,118,07261
SK0429523305,Vyšná Rybnica,Vysna Rybnica,municipality,,SK0429,Sobrance,SK042,Košický,48.82135,22.17640,158,158,07241
SK0429523313,Vyšné Nemecké,Vysne Nemecke,municipality,,SK0429,Sobrance,SK042,Košický,48.65916,22.26378,128,128,07251
SK0429523321,Vyšné Remety,Vysne Remety,municipality,,SK0429,Sobrance,SK042,Košický,48.82756,22.16704,156,156,07241
SK0429523330,Záhor,Zahor,municipality,,SK0429,Sobrance,SK042,Košický,48.62431,22.20180,248,248,07253
SK042A526355,Spišská Nová Ves,Spisska Nova Ves,city,,SK042A,Spišská Nová Ves,SK042,Košický,48.94147,20.55803,7897,15794,05201|05205|05331
SK042A526363,Arnutovce,Arnutovce,municipality,,SK042A,Spišská Nová Ves,SK042,Košický,48.97831,20.49457,144,144,05313
SK042A526398,Betlanovce,Betlanovce,municipality,,SK042A,Spišská Nová Ves,SK042,Košický,48.97908,20.39099,214,214,05315
SK042A526436,Bystrany,Bystrany,municipality,,SK042A,Spišská Nová Ves,SK042,Košický,48.94942,20.75769,318,318,05362
SK042A526444,Danišovce,Danisovce,municipality,,SK042A,Spišská Nová Ves,SK042,Košický,48.94907,20.61983,155,155,05322
SK042A526533,Harichovce,Harichovce,municipality,,SK042A,Spišská Nová Ves,SK042,Košický,48.96309,20.58289,602,602,05301
SK042A526568,Hincovce,Hincovce,municipality,,SK042A,Spišská Nová Ves,SK042,Košický,48.96159,20.72490,85,85,05363
SK042A526576,Hnilčík,Hnilcik,municipality,,SK042A,Spišská Nová Ves,SK042,Košický,48.86284,20.56084,447,447,05332
SK042A526584,Hnilec,Hnilec,municipality,,SK042A,Spišská Nová Ves,SK042,Košický,48.83304,20.50073,305,305,05375
SK042A526592,Hrabušice,Hrabusice,municipality,,SK042A,Spišská Nová Ves,SK042,Košický,48.97679,20.41103,740,740,05315
SK042A526657,Žehra,Zehra,municipality,,SK042A,Spišská Nová Ves,SK042,Košický,48.97944,20.78954,187,187,05361
SK042A543152,Chrasť nad Hornádom,Chrast nad Hornadom,municipality,,SK042A,Spišská Nová Ves,SK042,Košický,48.92623,20.69970,192,192,05363
SK042A543161,Iliašovce,Iliasovce,municipality,,SK042A,Spišská Nová Ves,SK042,Košický,48.99013,20.52592,312,312,05311
SK042A543195,Jamník,Jamnik,municipality,,SK042A,Spišská Nová Ves,SK042,Košický,48.94376,20.66254,356,356,05322
SK042A543209,Kaľava,Kalava,municipality,,SK042A,Spišská Nová Ves,SK042,Košický,48.93482,20.86836,141,141,05342
SK042A543250,Kolinovce,Kolinovce,municipality,,SK042A,Spišská Nová Ves,SK042,Košický,48.92788,20.85295,190,190,05342
SK042A543268,Krompachy,Krompachy,city,,SK042A,Spišská Nová Ves,SK042,Košický,48.91480,20.87553,2047,4094,05342
SK042A543284,Letanovce,Letanovce,municipality,,SK042A,Spišská Nová Ves,SK042,Košický,48.98114,20.46060,531,531,05313
SK042A543306,Lieskovany,Lieskovany,municipality,,SK042A,Spišská Nová Ves,SK042,Košický,48.92835,20.60286,121,121,05321
SK042A543331,Markušovce,Markusovce,municipality,,SK042A,Spišská Nová Ves,SK042,Košický,48.91330,20.62738,721,721,05321
SK042A543349,Matejovce nad Hornádom,Matejovce nad Hornadom,municipality,,SK042A,Spišská Nová Ves,SK042,Košický,48.91599,20.67007,186,186,05321
SK042A543357,Mlynky,Mlynky,municipality,,SK042A,Spišská Nová Ves,SK042,Košický,48.85611,20.41203,431,431,05376
SK042A543403,Odorín,Odorin,municipality,,SK042A,Spišská Nová Ves,SK042,Košický,48.93316,20.63431,326,326,05322
SK042A543411,Olcnava,Olcnava,municipality,,SK042A,Spišská Nová Ves,SK042,Košický,48.92695,20.75313,320,320,05361
SK042A543438,Oľšavka,Olsavka,municipality,,SK042A,Spišská Nová Ves,SK042,Košický,48.96444,20.82273,69,69,05361
SK042A543489,Poráč,Porac,municipality,,SK042A,Spišská Nová Ves,SK042,Košický,48.88386,20.72422,411,411,05323
SK042A543519,Rudňany,Rudnany,municipality,,SK042A,Spišská Nová Ves,SK042,Košický,48.88159,20.67738,494,494,05323
SK042A543527,Slatvina,Slatvina,municipality,,SK042A,Spišská Nová Ves,SK042,Košický,48.96150,20.84267,106,106,05361
SK042A543535,Slovinky,Slovinky,municipality,,SK042A,Spišská Nová Ves,SK042,Košický,48.87683,20.84121,608,608,05340
SK042A543586,Spišské Tomášovce,Spisske Tomasovce,municipality,,SK042A,Spišská Nová Ves,SK042,Košický,48.95831,20.47338,683,683,05201
SK042A543594,Spišské Vlachy,Spisske Vlachy,city,,SK042A,Spišská Nová Ves,SK042,Košický,48.94610,20.79751,1611,3222,05361
SK042A543616,Spišský Hrušov,Spissky Hrusov,municipality,,SK042A,Spišská Nová Ves,SK042,Košický,48.94627,20.70620,402,402,05363
SK042A543667,Teplička,Teplicka,municipality,,SK042A,Spišská Nová Ves,SK042,Košický,48.90663,20.58279,417,417,05201
SK042A543713,Vítkovce,Vitkovce,municipality,,SK042A,Spišská Nová Ves,SK042,Košický,48.92607,20.71767,119,119,05363
SK042A543721,Vojkovce,Vojkovce,municipality,,SK042A,Spišská Nová Ves,SK042,Košický,48.95388,20.86080,142,142,05361
SK042A560154,Smižany,Smizany,municipality,,SK042A,Spišská Nová Ves,SK042,Košický,48.95555,20.52123,2378,2378,05311
SK042B513792,Malá Tŕňa,Mala Trna,municipality,,SK042B,Trebišov,SK042,Košický,48.45470,21.68214,210,210,07682
SK042B513806,Veľká Tŕňa,Velka Trna,municipality,,SK042B,Trebišov,SK042,Košický,48.46928,21.67983,251,251,07682
SK042B513831,Klin nad Bodrogom,Klin nad Bodrogom,municipality,,SK042B,Trebišov,SK042,Košický,48.38181,21.72752,104,104,07631
SK042B513849,Stanča,Stanca,municipality,,SK042B,Trebišov,SK042,Košický,48.56943,21.65577,152,152,07616
SK042B528099,Trebišov,Trebisov,city,,SK042B,Trebišov,SK042,Košický,48.62527,21.71955,4670,9340,07501
SK042B528102,Bačka,Backa,municipality,,SK042B,Trebišov,SK042,Košický,48.44252,22.04981,186,186,07684
SK042B528111,Bačkov,Backov,municipality,,SK042B,Trebišov,SK042,Košický,48.73926,21.62082,248,248,07661
SK042B528129,Bara,Bara,municipality,,SK042B,Trebišov,SK042,Košický,48.42495,21.71849,215,215,07632
SK042B528145,Biel,Biel,municipality,,SK042B,Trebišov,SK042,Košický,48.40882,22.05888,407,407,07641
SK042B528153,Svätá Mária,Svata Maria,municipality,,SK042B,Trebišov,SK042,Košický,48.43270,21.84111,216,216,07635
SK042B528161,Boľ,Bol,municipality,,SK042B,Trebišov,SK042,Košický,48.47066,21.94208,228,228,07653
SK042B528170,Borša,Borsa,municipality,,SK042B,Trebišov,SK042,Košický,48.39248,21.70423,520,520,07632
SK042B528188,Boťany,Botany,municipality,,SK042B,Trebišov,SK042,Košický,48.44510,22.09177,330,330,07643
SK042B528200,Brehov,Brehov,municipality,,SK042B,Trebišov,SK042,Košický,48.48647,21.81708,220,220,07605
SK042B528218,Brezina,Brezina,municipality,,SK042B,Trebišov,SK042,Košický,48.54982,21.55339,264,264,07612
SK042B528226,Byšta,Bysta,municipality,,SK042B,Trebišov,SK042,Košický,48.52849,21.54404,142,142,07613
SK042B528234,Cejkov,Cejkov,municipality,,SK042B,Trebišov,SK042,Košický,48.46682,21.76338,424,424,07605
SK042B528242,Čeľovce,Celovce,municipality,,SK042B,Trebišov,SK042,Košický,48.60309,21.62759,205,205,07617
SK042B528251,Čerhov,Cerhov,municipality,,SK042B,Trebišov,SK042,Košický,48.46346,21.64646,265,265,07681
SK042B528269,Černochov,Cernochov,municipality,,SK042B,Trebišov,SK042,Košický,48.43885,21.73275,185,185,07632
SK042B528285,Čierna,Cierna,municipality,,SK042B,Trebišov,SK042,Košický,48.43005,22.10924,151,151,07643
SK042B528293,Čierna nad Tisou,Cierna nad Tisou,city,,SK042B,Trebišov,SK042,Košický,48.41726,22.08475,685,1370,07643
SK042B528315,Dargov,Dargov,municipality,,SK042B,Trebišov,SK042,Košický,48.73105,21.58496,258,258,07661
SK042B528323,Dobrá,Dobra,municipality,,SK042B,Trebišov,SK042,Košický,48.41226,22.02877,152,152,07641
SK042B528340,Dvorianky,Dvorianky,municipality,,SK042B,Trebišov,SK042,Košický,48.73063,21.70741,220,220,07662
SK042B528358,Egreš,Egres,municipality,,SK042B,Trebišov,SK042,Košický,48.61413,21.60555,122,122,07501
SK042B528366,Hraň,Hran,municipality,,SK042B,Trebišov,SK042,Košický,48.54404,21.78566,454,454,07603
SK042B528374,Hrčeľ,Hrcel,municipality,,SK042B,Trebišov,SK042,Košický,48.52043,21.69294,197,197,07615
SK042B528382,Hriadky,Hriadky,municipality,,SK042B,Trebišov,SK042,Košický,48.69894,21.70756,182,182,07622
SK042B528412,Kašov,Kasov,municipality,,SK042B,Trebišov,SK042,Košický,48.48998,21.74207,135,135,07602
SK042B528421,Kazimír,Kazimir,municipality,,SK042B,Trebišov,SK042,Košický,48.52545,21.58455,291,291,07613
SK042B528439,Kožuchov,Kozuchov,municipality,,SK042B,Trebišov,SK042,Košický,48.56564,21.72447,85,85,07601
SK042B528447,Kráľovský Chlmec,Kralovsky Chlmec,city,,SK042B,Trebišov,SK042,Košický,48.42297,21.97780,2153,4306,07701
SK042B528455,Kravany,Kravany,municipality,,SK042B,Trebišov,SK042,Košický,48.75981,21.64119,95,95,07661
SK042B528471,Kuzmice,Kuzmice,municipality,,SK042B,Trebišov,SK042,Košický,48.57894,21.56980,524,524,07612
SK042B528480,Kysta,Kysta,municipality,,SK042B,Trebišov,SK042,Košický,48.51387,21.71936,143,143,07602
SK042B528498,Ladmovce,Ladmovce,municipality,,SK042B,Trebišov,SK042,Košický,48.41370,21.78020,179,179,07634
SK042B528501,Lastovce,Lastovce,municipality,,SK042B,Trebišov,SK042,Košický,48.53808,21.62578,276,276,07614
SK042B528510,Leles,Leles,municipality,,SK042B,Trebišov,SK042,Košický,48.46353,22.02761,520,520,07684
SK042B528528,Luhyňa,Luhyna,municipality,,SK042B,Trebišov,SK042,Košický,48.48990,21.63644,135,135,07614
SK042B528536,Malé Ozorovce,Male Ozorovce,municipality,,SK042B,Trebišov,SK042,Košický,48.68314,21.61366,210,210,07801
SK042B528544,Malé Trakany,Male Trakany,municipality,,SK042B,Trebišov,SK042,Košický,48.39889,22.10686,384,384,07642
SK042B528552,Malý Horeš,Maly Hores,municipality,,SK042B,Trebišov,SK042,Košický,48.39667,21.95168,393,393,07652
SK042B528561,Malý Kamenec,Maly Kamenec,municipality,,SK042B,Trebišov,SK042,Košický,48.35237,21.78764,173,173,07636
SK042B528587,Michaľany,Michalany,municipality,,SK042B,Trebišov,SK042,Košický,48.51476,21.62315,435,435,07614
SK042B528609,Nižný Žipov,Nizny Zipov,municipality,,SK042B,Trebišov,SK042,Košický,48.58187,21.63689,359,359,07617
SK042B528617,Novosad,Novosad,municipality,,SK042B,Trebišov,SK042,Košický,48.52447,21.74519,301,301,07602
SK042B528625,Nový Ruskov,Novy Ruskov,municipality,,SK042B,Trebišov,SK042,Košický,48.64767,21.67904,269,269,07501
SK042B528641,Plechotice,Plechotice,municipality,,SK042B,Trebišov,SK042,Košický,48.62582,21.64125,246,246,07501
SK042B528650,Svätuše,Svatuse,municipality,,SK042B,Trebišov,SK042,Košický,48.43021,21.92094,325,325,07683
SK042B528668,Poľany,Polany,municipality,,SK042B,Trebišov,SK042,Košický,48.46933,21.99190,188,188,07684
SK042B528676,Parchovany,Parchovany,municipality,,SK042B,Trebišov,SK042,Košický,48.75082,21.70965,628,628,07662
SK042B528684,Pribeník,Pribenik,municipality,,SK042B,Trebišov,SK042,Košický,48.39312,22.00004,417,417,07651
SK042B528706,Rad,Rad,municipality,,SK042B,Trebišov,SK042,Košický,48.45310,21.86384,207,207,07637
SK042B528722,Sečovce,Secovce,city,,SK042B,Trebišov,SK042,Košický,48.70073,21.65595,1953,3906,07801
SK042B543730,Sirník,Sirnik,municipality,,SK042B,Trebišov,SK042,Košický,48.51934,21.80248,184,184,07603
SK042B543748,Slivník,Slivnik,municipality,,SK042B,Trebišov,SK042,Košický,48.59917,21.55620,263,263,07612
SK042B543756,Slovenské Nové Mesto,Slovenske Nove Mesto,municipality,,SK042B,Trebišov,SK042,Košický,48.40354,21.67038,332,332,07633
SK042B543764,Soľnička,Solnicka,municipality,,SK042B,Trebišov,SK042,Košický,48.47577,21.95970,91,91,07653
SK042B543772,Somotor,Somotor,municipality,,SK042B,Trebišov,SK042,Košický,48.40449,21.80900,581,581,07635
SK042B543781,Stankovce,Stankovce,municipality,,SK042B,Trebišov,SK042,Košický,48.76393,21.65892,73,73,07661
SK042B543799,Strážne,Strazne,municipality,,SK042B,Trebišov,SK042,Košický,48.36522,21.86800,296,296,07652
SK042B543802,Streda nad Bodrogom,Streda nad Bodrogom,municipality,,SK042B,Trebišov,SK042,Košický,48.37707,21.75821,971,971,07631
SK042B543811,Svinice,Svinice,municipality,,SK042B,Trebišov,SK042,Košický,48.45723,21.88152,108,108,07637
SK042B543829,Trnávka,Trnavka,municipality,,SK042B,Trebišov,SK042,Košický,48.70586,21.61872,85,85,07801
SK042B543845,Veľaty,Velaty,municipality,,SK042B,Trebišov,SK042,Košický,48.52340,21.65857,309,309,07615
SK042B543861,Veľké Ozorovce,Velke Ozorovce,municipality,,SK042B,Trebišov,SK042,Košický,48.66311,21.60811,244,244,07801
SK042B543896,Veľké Trakany,Velke Trakany,municipality,,SK042B,Trebišov,SK042,Košický,48.39285,22.09314,489,489,07642
SK042B543900,Veľký Horeš,Velky Hores,municipality,,SK042B,Trebišov,SK042,Košický,48.38571,21.91197,378,378,07652
SK042B543918,Veľký Kamenec,Velky Kamenec,municipality,,SK042B,Trebišov,SK042,Košický,48.36149,21.80852,333,333,07636
SK042B543926,Viničky,Vinicky,municipality,,SK042B,Trebišov,SK042,Košický,48.39988,21.73664,367,367,07631
SK042B543934,Višňov,Visnov,municipality,,SK042B,Trebišov,SK042,Košický,48.74774,21.66900,89,89,07661
SK042B543951,Vojčice,Vojcice,municipality,,SK042B,Trebišov,SK042,Košický,48.67896,21.71520,569,569,07622
SK042B543969,Vojka,Vojka,municipality,,SK042B,Trebišov,SK042,Košický,48.46114,21.91475,172,172,07683
SK042B543977,Zatín,Zatin,municipality,,SK042B,Trebišov,SK042,Košický,48.47557,21.90264,259,259,07653
SK042B543985,Zbehňov,Zbehnov,municipality,,SK042B,Trebišov,SK042,Košický,48.68900,21.62809,120,120,07801
SK042B543993,Zemplín,Zemplin,municipality,,SK042B,Trebišov,SK042,Košický,48.44045,21.81104,181,181,07634
SK042B544001,Zemplínska Nová Ves,Zemplinska Nova Ves,municipality,,SK042B,Trebišov,SK042,Košický,48.56958,21.66939,302,302,07616
SK042B544019,Zemplínska Teplica,Zemplinska Teplica,municipality,,SK042B,Trebišov,SK042,Košický,48.64666,21.57134,510,510,04001|07664
SK042B544027,Zemplínske Hradište,Zemplinske Hradiste,municipality,,SK042B,Trebišov,SK042,Košický,48.58186,21.73730,406,406,07601
SK042B544035,Zemplínske Jastrabie,Zemplinske Jastrabie,municipality,,SK042B,Trebišov,SK042,Košický,48.49737,21.77625,214,214,07605
SK042B544043,Zemplínsky Branč,Zemplinsky Branc,municipality,,SK042B,Trebišov,SK042,Košický,48.54275,21.72186,149,149,07602
