postal_code,postal_code_formatted,latitude,longitude,bbox_min_lat,bbox_min_lon,bbox_max_lat,bbox_max_lon,municipalities_count,address_points,weight
01001,010 01,49.21047,18.74981,49.17007,18.67364,49.25519,18.83514,2,6914,13299
01003,010 03,49.23925,18.74130,49.21813,18.70808,49.25699,18.77711,1,2029,4058
01004,010 04,49.20673,18.69663,49.18106,18.65471,49.22904,18.78031,5,3002,4816
01007,010 07,49.19744,18.74067,49.19268,18.73411,49.20180,18.74579,1,404,808
01008,010 08,49.20960,18.76329,49.20044,18.74951,49.21657,18.77259,1,681,1362
01009,010 09,49.18601,18.73346,49.17863,18.72491,49.19476,18.74056,1,847,1694
01014,010 14,49.25662,18.75150,49.24841,18.73821,49.26658,18.76639,1,761,1522
01015,010 15,49.21260,18.71150,49.20829,18.70658,49.21614,18.71416,1,328,656
01301,013 01,49.22474,18.79334,49.21331,18.77485,49.23274,18.81102,1,1453,1453
01302,013 02,49.22470,18.84006,49.19962,18.82834,49.25565,18.87586,3,1106,1106
01303,013 03,49.20463,18.87568,49.18657,18.84479,49.22377,18.90518,2,1956,1956
01304,013 04,49.21904,18.91430,49.20894,18.90063,49.23108,18.93233,2,749,749
01305,013 05,49.24357,18.95344,49.21396,18.90273,49.28835,19.01142,4,2098,2098
01306,013 06,49.26524,19.03974,49.22776,18.99586,49.29270,19.08980,2,2194,2194
01311,013 11,49.16494,18.70812,49.14396,18.62839,49.18299,18.73056,3,1759,1759
01312,013 12,49.14856,18.75082,49.14344,18.73657,49.15265,18.76664,1,755,755
01313,013 13,49.11909,18.69067,49.09393,18.66233,49.13758,18.73893,4,2770,4100
01314,013 14,49.09115,18.68675,49.07772,18.68065,49.10397,18.69346,1,585,585
01315,013 15,49.01454,18.60710,48.95070,18.51600,49.06353,18.70088,3,1410,1410
01318,013 18,49.17294,18.66251,49.15923,18.62871,49.18556,18.70430,2,1020,1020
01319,013 19,49.11557,18.64419,49.09851,18.61894,49.12994,18.66725,3,715,715
01322,013 22,49.18192,18.76802,49.17035,18.75846,49.19479,18.78230,1,1218,1218
01323,013 23,49.16216,18.78347,49.15508,18.76755,49.17120,18.80193,1,1033,1033
01324,013 24,49.18642,18.86334,49.17685,18.84905,49.19326,18.87328,2,1075,1075
01325,013 25,49.17335,18.82048,49.16414,18.81477,49.18103,18.82821,2,583,583
01331,013 31,49.27891,18.69467,49.24938,18.66386,49.31397,18.71427,2,1145,1145
01332,013 32,49.29014,18.63600,49.25711,18.59161,49.36208,18.68514,2,1936,1936
01341,013 41,49.22840,18.62954,49.20996,18.60029,49.24266,18.65359,3,786,786
01342,013 42,49.25593,18.66097,49.24836,18.64806,49.25989,18.67386,1,494,494
01351,013 51,49.19439,18.52887,49.17736,18.50931,49.21279,18.55715,2,874,874
01352,013 52,49.16633,18.57763,49.13092,18.55269,49.18928,18.60221,2,852,852
01353,013 53,49.25814,18.51849,49.25045,18.48767,49.28024,18.53967,1,665,665
01354,013 54,49.28116,18.53050,49.25561,18.50520,49.31974,18.54679,2,998,998
01355,013 55,49.24468,18.46414,49.21942,18.43107,49.27782,18.48091,1,1511,1511
01356,013 56,49.21127,18.48714,49.20277,18.47619,49.21933,18.49924,1,419,419
01361,013 61,49.24138,18.59898,49.22765,18.58435,49.25916,18.62478,1,959,959
01362,013 62,49.31073,18.57167,49.27934,18.53519,49.35328,18.59907,1,1728,1728
01401,014 01,49.22309,18.56207,49.19979,18.51559,49.25594,18.60003,2,4108,7873
01501,015 01,49.08259,18.63363,49.03629,18.58387,49.10887,18.71121,5,2339,3836
01701,017 01,49.10543,18.44534,49.06989,18.39486,49.14516,18.50640,3,5204,9848
01704,017 04,49.15349,18.45935,49.12638,18.44173,49.17296,18.47942,1,1009,2018
01705,017 05,49.14258,18.49985,48.89679,18.00559,49.15369,18.57010,5,1077,1767
01706,017 06,49.13650,18.39075,48.90995,18.38038,49.14965,18.48693,2,376,751
01707,017 07,49.09731,18.46803,49.08764,18.45842,49.10389,18.48075,2,704,1408
01801,018 01,49.16805,18.40000,49.14541,18.37287,49.20009,18.43744,1,1091,1091
01802,018 02,49.20145,18.36140,49.18085,18.31040,49.23812,18.38549,3,1200,1200
01803,018 03,49.25151,18.30864,49.21949,18.26017,49.29319,18.34992,1,912,912
01812,018 12,49.20735,18.43032,49.18736,18.41148,49.22151,18.45104,2,937,937
01813,018 13,49.24144,18.39703,49.21844,18.31677,49.31340,18.43001,1,2110,2110
01815,018 15,49.08735,18.52728,49.05304,18.49764,49.12055,18.58611,3,902,902
01816,018 16,49.04594,18.55681,49.00936,18.51919,49.07787,18.59711,4,958,958
01817,018 17,49.17890,18.45089,49.17315,18.44128,49.18512,18.45951,1,460,460
01821,018 21,49.05563,18.41959,49.04172,18.40285,49.06712,18.44158,3,688,688
01822,018 22,49.01617,18.47798,48.99894,18.43766,49.04207,18.50723,4,1542,1542
01826,018 26,49.16844,18.49705,49.16227,18.48509,49.17464,18.50686,1,618,618
01831,018 31,48.97740,18.31118,48.96109,18.28967,48.98584,18.33386,1,626,626
01832,018 32,48.95156,18.42640,48.92377,18.36722,48.97642,18.45998,1,551,551
01835,018 35,48.94239,18.30408,48.93141,18.28493,48.95462,18.31041,1,471,471
01841,018 41,48.95827,18.16997,48.94242,18.14568,48.97287,18.19920,1,4336,8672
01851,018 51,48.93681,18.14660,48.92720,18.13182,48.94694,18.16722,1,3168,6336
01852,018 52,49.02665,18.21821,49.01135,18.16837,49.04945,18.25620,5,1823,1823
01853,018 53,48.98386,18.14888,48.97433,18.13043,48.99899,18.16210,2,924,924
01854,018 54,49.00037,18.17414,48.98548,18.15407,49.01789,18.19198,3,720,720
01855,018 55,49.04047,18.21930,49.03420,18.20990,49.04618,18.22784,1,329,329
01856,018 56,49.08823,18.18048,49.08166,18.16866,49.09398,18.19082,1,361,361
01857,018 57,49.06363,18.20627,49.05718,18.20073,49.06907,18.21255,1,364,364
01861,018 61,49.05813,18.33015,49.02835,18.29172,49.08842,18.38106,2,3003,3003
01863,018 63,49.03503,18.28797,49.02219,18.27521,49.04489,18.30778,1,1030,1030
01864,018 64,49.00736,18.26055,48.99737,18.25052,49.01444,18.27715,1,1126,1126
01901,019 01,48.99408,18.23313,48.97693,18.21069,49.00655,18.26011,1,2341,4682
02001,020 01,49.11951,18.32223,49.09309,18.28450,49.14364,18.36423,3,5274,9572
02051,020 51,49.15767,18.28466,49.13725,18.26177,49.21233,18.30852,1,989,989
02052,020 52,49.17752,18.25432,49.16667,18.23894,49.18620,18.26913,2,554,554
02053,020 53,49.19097,18.22743,49.18163,18.20570,49.20553,18.25151,2,653,653
02054,020 54,49.19604,18.17855,49.17520,18.13675,49.22225,18.20916,1,1016,1016
02055,020 55,49.23706,18.21740,49.19913,18.17532,49.28192,18.26018,1,1224,1224
02061,020 61,49.07110,18.28253,49.06090,18.25220,49.08952,18.30903,3,2240,2240
02062,020 62,49.05681,18.24376,49.04054,18.21155,49.08501,18.28139,2,650,650
02063,020 63,49.10741,18.21460,49.09861,18.20237,49.11601,18.22824,1,447,447
02064,020 64,49.14950,18.21001,49.13944,18.18234,49.15686,18.24242,1,453,453
02071,020 71,49.14056,18.35591,49.12822,18.33994,49.15335,18.37496,1,418,418
02072,020 72,48.98480,18.40572,48.97818,18.39471,48.98963,18.41606,1,466,466
02201,022 01,49.44000,18.78814,49.40258,18.75489,49.47060,18.83507,3,4893,9749
02204,022 04,49.43236,18.77111,49.41975,18.75685,49.44131,18.78818,2,584,1165
02301,023 01,49.43630,18.88660,49.40823,18.83371,49.47313,18.95676,1,2191,2191
02302,023 02,49.38919,18.83699,49.35951,18.79531,49.41388,18.87397,2,2715,5044
02303,023 03,49.38092,18.88576,49.36557,18.86743,49.39297,18.90815,1,803,803
02304,023 04,49.34292,18.92962,49.30715,18.88128,49.38835,18.98452,3,1666,1666
02305,023 05,49.35238,19.01710,49.31047,18.97465,49.39091,19.08490,1,1255,1255
02311,023 11,49.39862,18.71680,49.36846,18.66242,49.41422,18.77206,1,996,996
02312,023 12,49.48027,18.79336,49.46519,18.76461,49.50044,18.82441,1,1077,1077
02313,023 13,49.50044,18.83405,49.48009,18.80762,49.51326,18.86780,1,1375,1375
02314,023 14,49.49718,18.91245,49.47215,18.86888,49.51585,18.96797,1,1685,1685
02321,023 21,49.41618,18.55183,49.39786,18.50336,49.44285,18.59208,1,996,996
02322,023 22,49.46295,18.58143,49.42647,18.52339,49.50228,18.65830,1,1322,1322
02331,023 31,49.28750,18.74148,49.26835,18.70858,49.31555,18.76241,3,1207,1207
02332,023 32,49.26794,18.78304,49.24892,18.76329,49.30341,18.81199,2,604,783
02333,023 33,49.31051,18.81746,49.30341,18.80165,49.31805,18.84252,1,576,576
02334,023 34,49.33777,18.82923,49.32621,18.80481,49.34648,18.88351,2,1153,1153
02335,023 35,49.34999,18.78773,49.34182,18.76615,49.36430,18.80755,1,837,837
02336,023 36,49.29036,18.79698,49.26988,18.76327,49.30556,18.84643,3,1298,1756
02341,023 41,49.31565,18.74349,49.29664,18.72378,49.33940,18.75990,1,1320,1320
02345,023 45,49.26508,18.87795,49.25652,18.83673,49.28888,18.91401,2,1042,1042
02351,023 51,49.44214,18.73054,49.41761,18.69114,49.46810,18.75608,1,1983,1983
02352,023 52,49.44106,18.66067,49.40766,18.62781,49.47549,18.71408,4,822,823
02353,023 53,49.42639,18.69712,49.41211,18.67366,49.44677,18.71710,2,866,866
02354,023 54,49.39874,18.61815,49.36477,18.57663,49.43398,18.66404,2,2412,4517
02355,023 55,49.37967,18.52616,49.35109,18.45253,49.42826,18.58585,1,1352,1352
02356,023 56,49.36745,18.46919,49.33403,18.41044,49.39487,18.50027,1,1179,1179
02357,023 57,49.41259,18.66142,49.40185,18.64358,49.42423,18.68059,2,674,674
02401,024 01,49.30235,18.77636,49.28954,18.75610,49.31215,18.79807,3,2556,5111
02404,024 04,49.30823,18.79006,49.30382,18.78390,49.31287,18.79576,1,674,1348
02601,026 01,49.21376,19.30354,49.16613,19.25941,49.25589,19.37675,11,6879,11317
02705,027 05,49.27761,19.15341,49.23992,19.10475,49.30536,19.20791,1,1523,1523
02712,027 12,49.36069,19.69305,49.26312,19.65749,49.39126,19.77686,3,1729,1729
02713,027 13,49.36634,19.77698,49.34650,19.74567,49.37427,19.80308,2,814,814
02721,027 21,49.17085,19.21956,49.15805,19.20722,49.18277,19.22934,1,647,647
02732,027 32,49.25848,19.60536,49.19419,19.49964,49.28609,19.75484,5,1868,1868
02741,027 41,49.25758,19.37832,49.22673,19.32917,49.28000,19.40833,3,1035,1035
02742,027 42,49.29903,19.49821,49.28225,19.44592,49.31931,19.56643,2,787,787
02743,027 43,49.30948,19.52033,49.29905,19.50084,49.32179,19.53782,1,1290,1290
02744,027 44,49.33135,19.54972,49.31832,19.53250,49.35045,19.57243,2,2397,4521
02751,027 51,49.15222,19.13066,49.15032,19.12172,49.15480,19.13759,2,180,180
02753,027 53,49.21206,19.22211,49.20176,19.21484,49.22039,19.23034,1,357,357
02754,027 54,49.20602,19.25176,49.19016,19.23037,49.22289,19.27744,2,1127,1127
02755,027 55,49.25185,19.45277,49.21753,19.41909,49.30395,19.51660,4,1541,1541
02801,028 01,49.35581,19.61171,49.29821,19.52104,49.41391,19.69258,3,2875,4969
02901,029 01,49.40324,19.47866,49.36806,19.45065,49.43607,19.52882,2,2695,4859
02941,029 41,49.43996,19.48709,49.42827,19.46574,49.45247,19.50365,1,727,727
02942,029 42,49.43007,19.54110,49.42384,19.52481,49.43745,19.55587,1,707,707
02943,029 43,49.44481,19.51402,49.43239,19.50197,49.45601,19.52498,2,866,906
02944,029 44,49.48446,19.47688,49.46493,19.45140,49.50379,19.50101,1,1564,1564
02945,029 45,49.50727,19.52120,49.49197,19.49792,49.52537,19.53917,1,716,716
02946,029 46,49.50701,19.41688,49.49657,19.38848,49.51834,19.44237,1,647,647
02947,029 47,49.52079,19.44691,49.50100,19.41203,49.54607,19.47825,2,1263,1263
02951,029 51,49.36462,19.41446,49.34567,19.37634,49.38174,19.45319,3,1293,1293
02952,029 52,49.32811,19.35651,49.31190,19.32761,49.34569,19.38658,2,1544,1544
02953,029 53,49.38758,19.38184,49.38139,19.37291,49.39359,19.39175,1,475,475
02954,029 54,49.36811,19.32189,49.35357,19.29569,49.38280,19.34666,2,584,584
02955,029 55,49.42947,19.26135,49.42220,19.22991,49.45359,19.29164,1,1076,1076
02956,029 56,49.38968,19.28408,49.37338,19.25721,49.41414,19.30819,1,1619,1619
02957,029 57,49.36867,19.17171,49.33890,19.12704,49.38966,19.22186,1,1465,1465
02962,029 62,49.47164,19.38113,49.44688,19.35048,49.49653,19.39527,1,1007,1007
02963,029 63,49.46073,19.32320,49.43138,19.28834,49.49251,19.35230,3,1174,1174
02964,029 64,49.39290,19.43838,49.38462,19.42489,49.40403,19.45092,1,658,658
03101,031 01,49.07810,19.60881,49.04838,19.55414,49.10412,19.64555,4,7571,13897
03104,031 04,49.07777,19.65244,49.06756,19.62801,49.09329,19.67425,2,1246,2329
03105,031 05,49.10070,19.58924,49.08945,19.56810,49.11036,19.61074,2,1263,2451
03202,032 02,49.05452,19.64884,49.04898,19.64325,49.06233,19.65545,1,705,705
03203,032 03,49.04864,19.67914,49.02484,19.65922,49.06628,19.68971,2,964,964
03204,032 04,49.10103,19.71331,49.07256,19.67772,49.13970,19.75746,4,915,915
03205,032 05,49.12645,19.65677,49.11000,19.64673,49.14007,19.68366,2,575,575
03211,032 11,49.04717,19.53548,49.01626,19.52402,49.07706,19.54535,3,726,726
03212,032 12,49.03834,19.49987,49.03263,19.49236,49.04345,19.51161,1,533,533
03213,032 13,49.09214,19.47473,49.07642,19.46432,49.09957,19.49145,1,373,373
03214,032 14,49.05104,19.48391,49.02784,19.47104,49.07382,19.50786,3,941,941
03215,032 15,49.05545,19.43145,48.94319,19.39136,49.07340,19.46051,2,922,922
03221,032 21,49.12211,19.61371,49.10572,19.58213,49.14209,19.63304,6,1296,1296
03223,032 23,49.14670,19.51295,49.10431,19.46259,49.19614,19.58246,8,1249,1249
03231,032 31,49.04491,19.82788,49.03938,19.81975,49.05069,19.83764,1,649,649
03232,032 32,49.05953,19.88938,49.05514,19.87661,49.06696,19.90050,1,944,944
03233,032 33,49.02159,19.79172,49.01624,19.77936,49.02871,19.80425,3,309,309
03234,032 34,48.94481,19.76211,48.90010,19.70543,48.98368,19.84892,3,801,801
03242,032 42,49.10244,19.80885,49.06155,19.75066,49.17578,19.92289,3,1741,1782
03244,032 44,49.08851,19.81593,49.08270,19.80884,49.09532,19.82382,1,539,539
03261,032 61,49.05875,19.98115,49.05337,19.96717,49.06789,19.99110,1,983,983
03301,033 01,49.04616,19.73238,49.01155,19.68883,49.08465,19.78511,5,3448,4973
03401,034 01,49.07456,19.30212,48.86788,19.20310,49.11472,21.66658,5,6473,11927
03403,034 03,49.02644,19.29046,48.96215,19.20127,49.05317,19.30496,1,943,1886
03406,034 06,49.09018,19.25963,49.08284,19.24859,49.09571,19.26998,1,660,1320
03471,034 71,49.04643,19.33232,49.03785,19.32779,49.05500,19.33664,1,419,419
03472,034 72,48.93963,19.32310,48.93185,19.29708,48.94841,19.35051,1,1289,1289
03473,034 73,48.95062,19.26590,48.94404,19.25829,48.95737,19.27710,1,742,742
03474,034 74,48.92141,19.18136,48.90118,19.15181,48.94340,19.23478,1,747,747
03481,034 81,49.08954,19.35244,49.08292,19.34229,49.09551,19.36303,1,922,922
03482,034 82,49.12690,19.40591,49.11964,19.39729,49.13489,19.41759,2,837,837
03483,034 83,49.09915,19.41882,49.08971,19.38200,49.11290,19.44798,6,1514,1514
03484,034 84,49.06157,19.39177,49.04753,19.37676,49.08059,19.41240,1,1407,1407
03491,034 91,49.11875,19.18405,49.10931,19.15383,49.13141,19.21644,3,1107,1107
03492,034 92,49.14584,19.16960,49.13895,19.15503,49.15004,19.18164,1,518,518
03495,034 95,49.09233,19.30933,49.08394,19.30070,49.10307,19.31749,2,1261,1261
03496,034 96,49.13725,19.26688,49.13224,19.23266,49.14947,19.29788,2,844,844
03601,036 01,49.07311,18.91659,49.04658,18.87030,49.10433,18.95764,1,9004,18008
03802,038 02,49.04121,18.96549,49.00376,18.93964,49.06359,19.08909,5,1037,1037
03803,038 03,49.04402,19.00170,49.03437,18.98125,49.06779,19.03055,3,425,425
03804,038 04,49.05051,18.87969,49.04458,18.86560,49.05811,18.89195,1,598,598
03811,038 11,49.00220,18.97755,48.99556,18.96555,49.00963,18.99102,1,612,612
03812,038 12,48.98741,18.96574,48.98262,18.95564,48.99576,18.97819,1,427,427
03815,038 15,48.93648,18.92644,48.93065,18.91831,48.94408,18.93727,2,593,593
03821,038 21,48.90929,18.88691,48.90051,18.87964,48.91619,18.89992,1,722,722
03822,038 22,48.90795,18.76076,48.86322,18.70152,48.95632,18.80896,8,1004,1004
03823,038 23,48.86427,18.78813,48.82125,18.74968,48.87471,18.81243,2,433,433
03831,038 31,48.97042,18.70304,48.96807,18.68954,48.97517,18.71588,1,244,244
03835,038 35,49.00542,18.83812,48.99582,18.75299,49.04563,18.86139,1,923,923
03840,038 40,49.02546,18.92286,49.02097,18.91394,49.02913,18.93028,1,424,424
03841,038 41,49.02645,18.88801,49.00768,18.83157,49.04011,18.91548,4,1174,1174
03842,038 42,48.98777,18.88812,48.96681,18.85527,49.00492,18.95274,6,1114,1114
03843,038 43,48.96861,18.82215,48.94652,18.72197,49.01033,18.88438,5,1166,1166
03844,038 44,48.92925,18.83481,48.91846,18.82683,48.93935,18.84403,4,337,337
03845,038 45,48.90131,18.83524,48.87642,18.79293,48.91330,18.85726,4,535,535
03846,038 46,48.82288,18.88605,48.81572,18.87780,48.82878,18.89593,1,598,598
03847,038 47,48.78506,18.82684,48.77822,18.80792,48.79246,18.85414,1,419,419
03848,038 48,48.75828,18.92285,48.74366,18.86999,48.79878,19.00821,1,332,332
03851,038 51,49.08575,19.02311,49.08039,19.01430,49.09210,19.02955,1,381,381
03852,038 52,49.10096,18.99242,49.08598,18.96727,49.11770,19.01090,2,1832,1832
03853,038 53,49.11455,19.03750,49.10416,19.02204,49.12465,19.04981,1,1545,3090
03854,038 54,49.12951,19.08287,49.06605,19.04886,49.18110,19.11399,5,848,848
03861,038 61,49.11219,18.92049,49.08957,18.88099,49.13349,18.96157,4,5317,9791
03901,039 01,48.86601,18.86429,48.83096,18.82304,48.89127,18.91055,4,2220,3947
04001,040 01,48.72482,21.25309,48.68915,21.20465,48.76449,21.29480,14,18936,37871
04011,040 11,48.70784,21.22984,48.68442,21.19814,48.72614,21.25947,6,7106,14212
04012,040 12,48.68529,21.29225,48.67198,21.27383,48.70017,21.30557,2,1321,2642
04013,040 13,48.75752,21.26126,48.74686,21.24670,48.76714,21.27610,4,1624,3248
04014,040 14,48.72860,21.30228,48.71393,21.28964,48.77201,21.32091,2,1330,2660
04015,040 15,48.63083,21.18352,48.58905,21.15336,48.67534,21.24307,4,3501,7002
04016,040 16,48.71100,21.19963,48.69943,21.17341,48.72762,21.22255,3,1517,2669
04017,040 17,48.67466,21.26434,48.65029,21.22242,48.69165,21.32223,3,1898,3796
04018,040 18,48.67192,21.31741,48.66095,21.29532,48.68474,21.35047,4,2571,4647
04022,040 22,48.73315,21.28494,48.71764,21.27287,48.74809,21.29565,3,1259,2518
04023,040 23,48.71509,21.21264,48.70686,21.20346,48.72472,21.22031,3,646,1292
04401,044 01,48.61101,20.94749,48.60606,20.93536,48.62012,20.95829,1,571,571
04402,044 02,48.59697,20.87097,48.56095,20.80390,48.64044,20.92725,9,1875,1875
04405,044 05,48.56114,20.95994,48.52662,20.94679,48.58138,20.98538,2,429,429
04410,044 10,48.62537,21.30963,48.61809,21.30209,48.63036,21.32006,1,663,663
04411,044 11,48.59550,21.35242,48.56249,21.32942,48.60614,21.39274,3,1268,1268
04412,044 12,48.73237,21.13725,48.72304,21.10220,48.74755,21.16969,3,1124,1124
04413,044 13,48.64114,21.29874,48.62797,21.28143,48.65146,21.32251,2,1803,1803
04414,044 14,48.60988,21.32208,48.59687,21.30204,48.62413,21.33707,2,2277,2277
04415,044 15,48.62744,21.37266,48.61119,21.35248,48.64574,21.39749,2,805,805
04416,044 16,48.65912,21.40482,48.62861,21.38020,48.68603,21.43215,5,904,904
04417,044 17,48.63120,21.47617,48.56519,21.45891,48.66681,21.49488,4,824,824
04418,044 18,48.62453,21.52281,48.60286,21.51396,48.70039,21.55911,2,496,496
04419,044 19,48.69121,21.43640,48.67113,21.39739,48.71644,21.48773,3,1271,1271
04420,044 20,48.68492,21.16797,48.65570,21.13127,48.71894,21.17819,2,1144,1144
04421,044 21,48.68031,21.09616,48.66685,21.06463,48.69778,21.15017,3,829,829
04423,044 23,48.68318,20.97713,48.66235,20.93669,48.75927,21.04070,2,1040,1040
04424,044 24,48.71142,20.97475,48.70372,20.96623,48.71984,20.98794,1,1062,1062
04425,044 25,48.70336,20.89224,48.68428,20.87078,48.72038,20.91847,2,1641,2907
04426,044 26,48.70944,20.78733,48.70590,20.77914,48.71389,20.79836,1,324,324
04431,044 31,48.80119,21.23893,48.78012,21.21146,48.82163,21.26300,3,1712,1712
04441,044 41,48.70459,21.34525,48.68533,21.32046,48.71529,21.37171,2,915,915
04442,044 42,48.74894,21.33650,48.72128,21.31126,48.77638,21.37316,4,1743,1743
04443,044 43,48.79424,21.30815,48.77718,21.29386,48.80766,21.33129,2,821,821
04444,044 44,48.81273,21.32707,48.78865,21.30739,48.83551,21.36853,4,1028,1028
04445,044 45,48.76369,21.44241,48.71509,21.40139,48.81484,21.53665,11,2422,2422
04447,044 47,48.82441,21.41323,48.78942,21.37584,48.87294,21.48265,8,1021,1021
04455,044 55,48.59000,21.16171,48.56830,21.11084,48.61653,21.17654,2,973,973
04457,044 57,48.61826,21.23453,48.58770,21.19754,48.64089,21.27143,3,1424,1424
04458,044 58,48.55897,21.26242,48.53190,21.22604,48.59772,21.31168,4,1389,1389
04461,044 61,48.74940,21.00785,48.73057,20.98742,48.76438,21.03245,1,377,377
04465,044 65,48.81879,21.08377,48.78078,21.04074,48.85215,21.13077,2,930,930
04471,044 71,48.60472,21.06960,48.58493,21.04441,48.65242,21.11512,3,1389,1389
04473,044 73,48.53424,21.07446,48.49804,21.03297,48.54585,21.12656,3,605,605
04474,044 74,48.53168,21.17092,48.51729,21.12297,48.57423,21.19476,1,589,589
04481,044 81,48.85375,21.21930,48.83023,21.17527,48.87691,21.25702,5,1479,1479
04501,045 01,48.61134,21.00020,48.58583,20.97253,48.65626,21.03252,3,2961,5144
04801,048 01,48.65993,20.53195,48.64548,20.50013,48.68070,20.56126,3,4385,8157
04901,049 01,48.74289,20.05235,48.69811,19.91641,48.79573,20.12916,3,760,760
04911,049 11,48.55495,20.41813,48.53034,20.38273,48.60206,20.48765,3,931,931
04912,049 12,48.52357,20.37538,48.49027,20.32638,48.54862,20.41368,4,820,820
04913,049 13,48.57189,20.30419,48.55921,20.29177,48.58822,20.32783,2,362,362
04914,049 14,48.57782,20.27224,48.51829,20.23835,48.59374,20.30073,3,313,313
04916,049 16,48.63273,20.24127,48.59213,20.21555,48.68602,20.29681,3,956,1619
04918,049 18,48.66052,20.19068,48.65014,20.17206,48.67519,20.20629,5,806,810
04921,049 21,48.70276,20.50712,48.69757,20.49780,48.70903,20.51530,1,587,587
04922,049 22,48.71232,20.47943,48.70681,20.46921,48.71906,20.48669,1,808,808
04923,049 23,48.72686,20.41018,48.69061,20.36770,48.75053,20.44764,3,685,685
04924,049 24,48.76880,20.41523,48.75432,20.38593,48.81527,20.45056,2,575,575
04925,049 25,48.82083,20.36693,48.81556,20.34876,48.83133,20.38415,1,1318,2636
04926,049 26,48.79294,20.29663,48.77262,20.20489,48.83244,20.35675,2,631,631
04931,049 31,48.66015,20.45486,48.65317,20.43502,48.67006,20.46792,2,592,592
04932,049 32,48.65046,20.36944,48.60460,20.30213,48.68304,20.42811,6,1324,1324
04934,049 34,48.74899,20.31525,48.72631,20.31123,48.76877,20.35210,4,227,227
04935,049 35,48.69304,20.34624,48.67761,20.32055,48.71633,20.37905,4,560,560
04936,049 36,48.71594,20.27426,48.70039,20.24388,48.73882,20.30412,3,985,985
04941,049 41,48.65848,20.60079,48.63301,20.56364,48.73350,20.63406,2,984,984
04942,049 42,48.63617,20.65431,48.61592,20.59171,48.67921,20.74259,5,1046,1046
04943,049 43,48.59043,20.67000,48.56007,20.61386,48.60152,20.70070,3,860,860
04944,049 44,48.60590,20.74873,48.59974,20.73868,48.61059,20.76080,1,535,535
04945,049 45,48.63139,20.55830,48.61730,20.54102,48.65103,20.58865,2,603,603
04951,049 51,48.63383,20.49250,48.60857,20.46497,48.64750,20.53264,2,658,658
04952,049 52,48.55532,20.52243,48.55134,20.51719,48.55894,20.52774,1,276,276
04955,049 55,48.49676,20.45556,48.47463,20.41271,48.53356,20.48894,3,505,505
04961,049 61,48.60202,20.15219,48.59635,20.12596,48.61196,20.19123,2,285,285
04962,049 62,48.57773,20.19235,48.57292,20.18566,48.58305,20.20023,1,233,233
04964,049 64,48.61870,20.10598,48.60144,20.09123,48.65307,20.12508,2,359,359
04971,049 71,48.87139,20.33244,48.86849,20.28725,48.87907,20.38981,1,143,143
04973,049 73,48.86563,20.37794,48.85429,20.36563,48.87495,20.40804,1,283,283
05001,050 01,48.69447,20.11946,48.65958,20.02703,48.78652,20.19087,4,4049,7322
05201,052 01,48.94120,20.55842,48.91672,20.53018,48.95746,20.60008,3,8332,15564
05205,052 05,48.94509,20.54516,48.94139,20.54003,48.94974,20.55374,1,259,518
05301,053 01,48.96309,20.58289,48.95503,20.57585,48.97226,20.59092,1,602,602
05302,053 02,48.99658,20.65020,48.95756,20.63318,49.02044,20.69191,5,1324,1324
05303,053 03,49.01753,20.72150,49.01149,20.71089,49.02629,20.73344,2,335,335
05304,053 04,49.00020,20.74882,48.96720,20.68907,49.02477,20.77247,4,1444,2542
05305,053 05,49.00758,20.82516,48.98301,20.79573,49.02945,20.87689,7,713,713
05306,053 06,49.02713,20.79713,49.01857,20.78467,49.08196,20.84608,2,314,314
05311,053 11,48.95710,20.51978,48.87506,20.40608,49.01841,20.54669,2,2690,2690
05313,053 13,48.97999,20.46749,48.94265,20.41982,48.99697,20.49727,2,675,675
05314,053 14,49.00441,20.47037,48.99137,20.45589,49.04308,20.52376,2,950,950
05315,053 15,48.97717,20.40770,48.96858,20.39034,48.98560,20.41980,2,954,954
05321,053 21,48.91516,20.62786,48.89573,20.59918,48.93129,20.66827,3,1028,1028
05322,053 22,48.93651,20.64754,48.91969,20.61593,48.96972,20.67242,3,837,837
05323,053 23,48.88137,20.70105,48.87067,20.65857,48.89983,20.74993,2,905,905
05331,053 31,48.90062,20.51563,48.89183,20.50439,48.90729,20.52364,1,406,812
05332,053 32,48.86284,20.56084,48.85394,20.52201,48.88023,20.58494,1,447,447
05333,053 33,48.84381,20.61494,48.80375,20.57187,48.87636,20.66302,3,1236,1236
05334,053 34,48.80956,20.70612,48.76032,20.59990,48.83433,20.76050,2,775,775
05340,053 40,48.87683,20.84121,48.86711,20.82662,48.88681,20.86068,1,608,608
05342,053 42,48.91648,20.87351,48.89596,20.84757,48.93604,20.89723,3,2378,4425
05351,053 51,48.92552,20.93434,48.91155,20.91362,48.94735,20.95797,3,1132,1132
05361,053 61,48.94630,20.79724,48.90095,20.73123,48.99962,20.86570,6,2435,4046
05362,053 62,48.94942,20.75769,48.94528,20.74294,48.95574,20.77088,1,318,318
05363,053 63,48.94092,20.70738,48.92302,20.69200,48.97031,20.73654,4,798,798
05371,053 71,49.06707,20.68286,49.03623,20.63862,49.11491,20.71712,5,586,586
05373,053 73,49.08506,20.78072,49.06293,20.72538,49.09515,20.85846,3,403,403
05375,053 75,48.83304,20.50073,48.81234,20.47744,48.84660,20.51909,1,305,305
05376,053 76,48.85611,20.41203,48.83743,20.38572,48.87137,20.45070,1,431,431
05401,054 01,49.02646,20.58632,48.97749,20.51758,49.12862,20.65813,3,4089,7909
05501,055 01,48.89174,21.01647,48.88048,20.98683,48.90739,21.05089,1,823,823
05551,055 51,48.85641,21.01449,48.84816,21.01009,48.86300,21.02275,1,491,491
05552,055 52,48.82202,20.98700,48.81774,20.98104,48.82641,20.99318,1,382,382
05561,055 61,48.87629,20.99766,48.86227,20.96923,48.89188,21.05089,1,892,892
05562,055 62,48.81398,20.90517,48.80908,20.89051,48.81942,20.92022,1,714,714
05563,055 63,48.83092,20.86954,48.82547,20.85886,48.83554,20.87960,1,622,622
05564,055 64,48.80363,20.80470,48.79380,20.78975,48.81341,20.81822,1,571,571
05565,055 65,48.74903,20.77671,48.73998,20.75573,48.78607,20.82651,1,257,257
05566,055 66,48.72761,20.72314,48.68231,20.64906,48.75505,20.76250,2,779,779
05571,055 71,48.87808,20.92532,48.87582,20.91247,48.87978,20.93884,1,376,376
05601,056 01,48.85699,20.94119,48.78088,20.90081,48.87507,20.97499,1,1935,3870
05801,058 01,49.05610,20.29721,49.02588,20.26137,49.08203,20.33027,5,8807,17072
05901,059 01,49.18725,20.45634,49.17432,20.43851,49.19979,20.47399,2,2460,4601
05902,059 02,49.23008,20.42245,49.21450,20.39109,49.27349,20.44972,3,873,873
05904,059 04,49.32573,20.34855,49.28413,20.31694,49.36619,20.39673,5,939,939
05906,059 06,49.38722,20.40731,49.37545,20.39830,49.40291,20.42487,2,316,316
05907,059 07,49.23430,20.35515,49.22661,20.34410,49.24372,20.36662,1,1316,1316
05911,059 11,49.03416,20.34755,49.02872,20.34050,49.03727,20.35454,2,368,368
05912,059 12,49.02239,20.37173,49.00679,20.34651,49.03522,20.39775,2,1013,1013
05913,059 13,49.01676,20.43435,49.01005,20.42681,49.02360,20.44493,1,314,314
05914,059 14,48.99531,20.36624,48.97460,20.33661,49.00471,20.41484,2,724,724
05916,059 16,48.99292,20.30740,48.97942,20.28469,49.00861,20.33154,1,1222,1222
05917,059 17,48.91783,20.26965,48.91300,20.26265,48.92075,20.27452,1,320,320
05918,059 18,48.99364,20.23940,48.93250,20.18163,49.00956,20.26804,2,1077,1077
05919,059 19,48.99435,20.15276,48.99056,20.14347,48.99922,20.16205,1,507,507
05921,059 21,49.05775,20.20749,49.05300,20.17855,49.06455,20.22015,2,2841,5667
05931,059 31,49.05187,20.14461,49.04691,20.13652,49.05406,20.15347,1,365,365
05934,059 34,49.04725,20.24942,49.04058,20.23875,49.05253,20.25984,1,794,794
05935,059 35,49.07360,20.18504,49.06634,20.17473,49.08057,20.19774,1,721,721
05936,059 36,49.07406,20.13969,49.07121,20.13278,49.07838,20.14657,1,313,313
05937,059 37,49.09413,20.14041,49.08792,20.13750,49.10031,20.14355,1,285,285
05938,059 38,49.05424,20.08007,49.04908,20.06843,49.06239,20.09011,1,1048,1048
05939,059 39,49.02994,20.08898,49.01957,20.07288,49.03639,20.10937,1,650,650
05940,059 40,48.96722,20.08813,48.95963,20.07710,48.97523,20.09430,1,704,704
05941,059 41,49.08612,20.06885,49.08067,20.05686,49.09346,20.07461,1,257,257
05942,059 42,49.09829,20.20564,49.09563,20.19900,49.10152,20.21219,1,299,299
05951,059 51,49.08056,20.32533,49.07357,20.31613,49.08654,20.33387,1,716,1432
05952,059 52,49.12729,20.33919,49.09553,20.28286,49.15173,20.36497,2,2196,2196
05954,059 54,49.22768,20.32148,49.22405,20.31511,49.23128,20.32755,1,128,256
05955,059 55,49.27168,20.26691,49.26572,20.22693,49.28546,20.30800,2,726,741
05956,059 56,49.26919,20.14641,49.19602,20.10034,49.32001,20.18623,1,127,127
05960,059 60,49.16389,20.28785,49.12716,20.20109,49.23000,20.36690,1,766,1532
05971,059 71,49.11561,20.45423,49.04520,20.42592,49.15126,20.61422,4,2147,2147
05972,059 72,49.06800,20.43404,49.03779,20.41843,49.09208,20.46771,3,985,985
05973,059 73,49.08301,20.39693,49.07868,20.39066,49.08740,20.40436,1,276,276
05976,059 76,49.17062,20.37942,49.15687,20.35818,49.20073,20.39791,3,983,983
05978,059 78,49.33191,20.30288,49.31285,20.28257,49.34759,20.30621,2,258,258
05979,059 79,49.33512,20.23678,49.32713,20.19207,49.33909,20.27689,1,367,367
05981,059 81,49.12904,20.24628,49.12334,20.23828,49.13439,20.25141,2,269,503
05983,059 83,49.11980,20.15206,49.09964,20.13172,49.13581,20.18449,1,70,140
05984,059 84,49.11874,20.12485,49.11242,20.11934,49.12404,20.12919,1,58,116
05985,059 85,49.12102,20.06279,49.10917,20.04999,49.13318,20.07704,2,156,181
05986,059 86,49.12235,20.26563,49.11573,20.25255,49.12698,20.27286,1,568,568
05991,059 91,49.10032,20.28726,49.08800,20.25334,49.12076,20.31915,2,875,875
05992,059 92,49.11503,20.37711,49.10955,20.36733,49.12172,20.38453,1,564,564
05993,059 93,49.23492,20.48702,49.21646,20.46508,49.25893,20.49328,2,286,286
05994,059 94,49.20033,20.53027,49.16656,20.51816,49.24132,20.60166,3,599,599
05995,059 95,49.26507,20.49208,49.25916,20.48335,49.27334,20.50496,1,376,376
06001,060 01,49.13616,20.42966,49.12428,20.40633,49.15469,20.44580,3,4020,7676
06101,061 01,49.38297,20.36294,49.34022,20.33012,49.40313,20.40797,3,853,1577
06201,062 01,49.13638,20.21479,49.10231,20.14076,49.18995,20.28997,1,506,1012
06401,064 01,49.30006,20.68449,49.28668,20.66410,49.31683,20.71246,2,3597,6877
06501,065 01,49.30125,20.62936,49.29188,20.60882,49.30687,20.64930,3,743,743
06502,065 02,49.29957,20.56661,49.27639,20.53814,49.33814,20.60610,2,772,772
06503,065 03,49.25868,20.53864,49.19973,20.50398,49.31119,20.62629,2,1031,1920
06511,065 11,49.27417,20.67811,49.22002,20.62239,49.28578,20.72915,2,1064,1064
06512,065 12,49.24684,20.69379,49.23627,20.68476,49.25747,20.70797,1,660,660
06522,065 22,49.39480,20.71178,49.35536,20.68352,49.41802,20.75634,3,419,419
06531,065 31,49.35641,20.65080,49.32954,20.61764,49.39393,20.68608,2,617,617
06532,065 32,49.33289,20.61323,49.32817,20.60312,49.34092,20.62249,1,460,460
06533,065 33,49.37580,20.49642,49.33995,20.43739,49.41595,20.55275,3,642,642
06534,065 34,49.35570,20.44380,49.32057,20.43327,49.38584,20.47440,2,444,444
06541,065 41,49.24660,20.87788,49.21375,20.84804,49.26920,20.91829,4,665,665
06542,065 42,49.28205,20.92396,49.27032,20.91011,49.29829,20.94663,3,414,414
06543,065 43,49.28498,20.87407,49.27690,20.84773,49.31307,20.92143,1,343,343
06544,065 44,49.26146,20.84167,49.25402,20.83044,49.26855,20.84836,1,569,569
06545,065 45,49.27641,20.78424,49.23626,20.74594,49.29888,20.82333,5,1106,1106
06546,065 46,49.34160,20.79949,49.31136,20.71378,49.38460,20.85661,5,718,718
06548,065 48,49.23932,20.91720,49.21441,20.89771,49.24828,20.99675,2,570,570
06601,066 01,48.93542,21.91062,48.90321,21.86305,48.96527,21.95627,9,8127,14061
06701,067 01,49.13136,21.93253,49.08629,21.91260,49.18060,21.95685,6,813,813
06702,067 02,49.20932,21.88794,49.15654,21.83768,49.24548,21.91757,3,464,464
06704,067 04,49.16168,21.84011,49.13841,21.81474,49.20471,21.86893,2,331,331
06711,067 11,49.00939,21.91695,48.99160,21.88896,49.04106,21.95143,3,454,454
06712,067 12,49.05131,21.95509,49.02131,21.93732,49.08981,21.97922,4,607,607
06713,067 13,49.10065,21.99106,49.05963,21.96449,49.15526,22.00985,4,519,519
06716,067 16,49.19550,22.00603,49.16107,21.95976,49.23203,22.05588,4,469,469
06722,067 22,48.99392,21.84381,48.97291,21.83287,49.01757,21.87134,4,538,538
06723,067 23,49.05591,21.84968,49.02440,21.81524,49.10023,21.87522,4,502,502
06724,067 24,49.02885,21.78481,49.00218,21.77327,49.05928,21.81895,3,402,402
06731,067 31,48.97661,21.96209,48.96504,21.91799,48.99569,21.99584,2,698,698
06732,067 32,48.99477,22.01361,48.97132,21.99433,49.01934,22.03981,4,472,472
06733,067 33,49.08534,22.06148,49.04131,22.04498,49.12116,22.10779,3,600,600
06734,067 34,49.14851,22.10285,49.12226,22.08189,49.16935,22.16041,3,334,334
06735,067 35,49.09256,22.16656,49.05940,22.11487,49.13272,22.19943,4,616,616
06741,067 41,48.88614,21.94577,48.85695,21.93024,48.91427,21.96710,3,604,604
06745,067 45,48.93178,21.79818,48.90441,21.78409,48.98446,21.82504,4,764,764
06752,067 52,49.34187,21.84631,49.31801,21.81492,49.35753,21.88648,2,516,516
06761,067 61,48.99632,22.23720,48.93633,22.20379,49.12972,22.34781,4,1215,1215
06765,067 65,49.05644,22.36239,49.03498,22.35378,49.07523,22.41605,2,221,221
06766,067 66,49.01198,22.37422,49.00276,22.32011,49.04159,22.41369,3,210,210
06767,067 67,48.96832,22.42864,48.94917,22.40505,48.99710,22.44387,2,472,472
06768,067 68,49.03187,22.48940,49.01990,22.47142,49.04462,22.51719,2,426,426
06771,067 71,48.92692,22.30609,48.91830,22.28743,48.93055,22.31961,1,171,171
06772,067 72,48.94939,22.32658,48.92589,22.30534,48.98156,22.37054,3,484,484
06773,067 73,48.90277,22.37878,48.87395,22.30913,48.93786,22.41977,7,762,762
06777,067 77,48.94989,22.15269,48.93521,22.13820,48.96170,22.16526,1,506,506
06781,067 81,48.97376,22.10922,48.96481,22.09556,48.98366,22.12599,1,1043,1043
06782,067 82,48.95485,22.05441,48.93778,22.03413,48.96854,22.08178,2,953,953
06783,067 83,48.92619,21.99275,48.85527,21.95657,48.95325,22.15745,4,1325,1325
06801,068 01,49.27132,21.91090,49.22048,21.87367,49.32490,22.01745,6,2465,4198
06901,069 01,48.98895,22.15248,48.97572,22.12683,49.01148,22.18740,2,3766,7299
07101,071 01,48.75489,21.91588,48.73173,21.88397,48.77546,21.94653,5,7693,14784
07201,072 01,48.71883,21.85752,48.69090,21.84455,48.74198,21.89060,4,853,853
07202,072 02,48.71599,21.75774,48.69348,21.72688,48.73154,21.77929,3,685,685
07203,072 03,48.76011,21.78393,48.71984,21.77452,48.78007,21.80536,2,702,702
07204,072 04,48.69254,21.80626,48.67625,21.79202,48.70837,21.81979,2,627,627
07205,072 05,48.64474,21.83843,48.61034,21.82828,48.67929,21.84736,5,883,883
07206,072 06,48.57567,21.84964,48.54389,21.79953,48.59694,21.86556,3,644,644
07211,072 11,48.71182,22.02235,48.68908,21.98586,48.72941,22.05290,3,418,418
07213,072 13,48.66371,21.99106,48.60802,21.92752,48.70108,22.03266,6,1119,1119
07214,072 14,48.61702,22.07098,48.59341,22.04185,48.63502,22.10415,2,1310,1310
07215,072 15,48.63805,21.91714,48.62214,21.87868,48.64690,21.97576,2,691,691
07216,072 16,48.66813,21.88686,48.65287,21.87291,48.68273,21.89998,3,601,601
07217,072 17,48.59327,21.91800,48.57699,21.91433,48.60928,21.92606,3,313,313
07221,072 21,48.82596,21.85270,48.81367,21.81670,48.84815,21.86246,2,503,503
07222,072 22,48.87416,21.83469,48.86367,21.80920,48.88827,21.85760,2,1625,3081
07223,072 23,48.85517,21.87647,48.79695,21.86722,48.86768,21.90689,3,609,609
07231,072 31,48.80593,21.97271,48.77265,21.92204,48.83548,22.03769,3,2388,2388
07232,072 32,48.82028,22.09815,48.81111,22.05181,48.83404,22.14308,3,669,669
07233,072 33,48.77201,22.07097,48.76289,22.05675,48.78374,22.08702,3,316,316
07234,072 34,48.76215,22.00304,48.74476,21.96367,48.76996,22.04614,3,798,798
07236,072 36,48.80969,22.00446,48.80032,21.99334,48.81641,22.01427,1,330,330
07237,072 37,48.69834,21.92801,48.66514,21.91178,48.71423,21.95536,2,609,609
07241,072 41,48.83655,22.17800,48.81460,22.16354,48.85923,22.21354,3,623,623
07242,072 42,48.78699,22.12763,48.78341,22.11542,48.79205,22.13926,1,244,244
07243,072 43,48.74152,22.08901,48.73311,22.07851,48.74858,22.10313,2,281,281
07244,072 44,48.71050,22.10800,48.68772,22.09691,48.72953,22.11921,3,318,318
07251,072 51,48.68351,22.25017,48.65520,22.20921,48.71551,22.30270,5,587,587
07252,072 52,48.65344,22.21126,48.64547,22.16684,48.66234,22.24626,3,416,416
07253,072 53,48.62752,22.16770,48.62022,22.14324,48.63892,22.22118,2,635,635
07254,072 54,48.60448,22.14937,48.59558,22.10321,48.61510,22.18697,3,646,646
07255,072 55,48.69937,22.17105,48.68243,22.13644,48.72228,22.19274,4,346,346
07261,072 61,48.73076,22.25943,48.71666,22.22085,48.75589,22.30524,4,479,479
07262,072 62,48.71571,22.29801,48.70276,22.28488,48.72739,22.32857,2,284,284
07263,072 63,48.77865,22.24961,48.77404,22.23045,48.79705,22.27527,2,408,408
07264,072 64,48.84609,22.33853,48.79678,22.28843,48.86334,22.37377,5,572,572
07301,073 01,48.75408,22.18437,48.72828,22.14244,48.85557,22.25227,8,2420,3869
07501,075 01,48.62551,21.71952,48.60213,21.68047,48.65728,21.74124,4,5307,9977
07601,076 01,48.58186,21.73730,48.57276,21.72633,48.58787,21.74370,2,491,491
07602,076 02,48.51871,21.73989,48.48377,21.71363,48.54617,21.75492,4,728,728
07603,076 03,48.53665,21.78993,48.50865,21.77278,48.55077,21.80882,2,638,638
07605,076 05,48.47570,21.78610,48.45517,21.74055,48.50499,21.82161,3,858,858
07612,076 12,48.57720,21.56173,48.53938,21.52572,48.60631,21.58185,3,1051,1051
07613,076 13,48.52798,21.57661,48.51726,21.53689,48.53248,21.59974,2,433,433
07614,076 14,48.51858,21.62563,48.48494,21.61204,48.54354,21.64162,3,846,846
07615,076 15,48.52443,21.66672,48.50435,21.65051,48.53018,21.70286,2,506,506
07616,076 16,48.56951,21.66763,48.55477,21.64762,48.58350,21.68009,2,454,454
07617,076 17,48.58625,21.63284,48.57459,21.59032,48.61266,21.64342,2,564,564
07622,076 22,48.68382,21.71324,48.67289,21.69925,48.70349,21.72643,2,751,751
07631,076 31,48.38190,21.75608,48.35920,21.72107,48.40448,21.78262,3,1442,1442
07632,076 32,48.41372,21.72406,48.38424,21.68744,48.44435,21.73926,3,920,920
07633,076 33,48.40354,21.67038,48.39452,21.66556,48.41131,21.67959,1,332,332
07634,076 34,48.41789,21.78187,48.40573,21.75818,48.44719,21.82236,2,360,360
07635,076 35,48.41199,21.81731,48.38845,21.79880,48.43843,21.84850,2,797,797
07636,076 36,48.35874,21.80403,48.34890,21.78231,48.37595,21.82323,2,506,506
07637,076 37,48.45393,21.86521,48.43135,21.85515,48.46541,21.88659,2,315,315
07641,076 41,48.40913,22.05057,48.39601,22.01853,48.41611,22.07173,2,559,559
07642,076 42,48.39550,22.09937,48.38580,22.07565,48.40571,22.11448,2,873,873
07643,076 43,48.42344,22.09221,48.40631,22.04468,48.45169,22.13455,3,1166,1851
07651,076 51,48.39312,22.00004,48.38587,21.99343,48.40172,22.00964,1,417,417
07652,076 52,48.38424,21.91342,48.35906,21.85618,48.40383,21.96087,3,1067,1067
07653,076 53,48.47728,21.93573,48.45615,21.89254,48.49149,21.96287,3,578,578
07661,076 61,48.74108,21.61918,48.72568,21.55688,48.76703,21.67260,5,763,763
07662,076 62,48.74659,21.71053,48.72210,21.68419,48.77216,21.74364,2,848,848
07664,076 64,48.64666,21.57134,48.63965,21.55859,48.65290,21.58461,1,509,509
07671,076 71,48.53984,22.02576,48.53702,22.01528,48.54374,22.03392,1,282,282
07672,076 72,48.55471,21.97524,48.53194,21.94483,48.59022,22.00441,3,553,553
07674,076 74,48.59321,21.96743,48.58394,21.96048,48.60148,21.97460,1,302,302
07675,076 75,48.54595,21.89226,48.49016,21.83720,48.56294,21.92246,2,331,331
07677,076 77,48.51132,22.14015,48.48320,22.11788,48.54629,22.15898,4,611,611
07681,076 81,48.46346,21.64646,48.45854,21.63637,48.47008,21.65755,1,265,265
07682,076 82,48.46398,21.68355,48.44860,21.66467,48.47358,21.69046,2,461,461
07683,076 83,48.44241,21.92386,48.41052,21.90774,48.46594,21.93479,2,497,497
07684,076 84,48.46120,22.02773,48.43261,21.98382,48.49928,22.05735,3,894,894
07701,077 01,48.42297,21.97780,48.40980,21.96121,48.43549,21.99292,1,2153,4306
07801,078 01,48.69859,21.64634,48.65833,21.58991,48.73218,21.68926,5,2612,4565
07901,079 01,48.55605,22.07895,48.52651,22.02119,48.59159,22.14846,5,2432,4103
08001,080 01,49.00060,21.23539,48.95651,21.17194,49.03974,21.29333,6,13982,26157
08005,080 05,48.97793,21.28061,48.95316,21.21947,49.02944,21.36729,3,3372,5917
08006,080 06,49.01820,21.27700,48.99447,21.25368,49.03876,21.31526,4,3725,5201
08201,082 01,48.91716,21.24259,48.89558,21.22979,48.94211,21.25586,2,880,880
08203,082 03,48.84487,21.27599,48.82322,21.24098,48.87780,21.30403,5,1413,1413
08204,082 04,48.87350,21.27369,48.86762,21.26440,48.88223,21.28507,1,746,746
08205,082 05,48.85162,21.32198,48.83409,21.30282,48.87860,21.36786,3,757,757
08206,082 06,48.90811,21.32294,48.88685,21.30636,48.93504,21.37270,2,432,432
08207,082 07,48.89640,21.42944,48.87623,21.37744,48.92331,21.46910,4,426,426
08212,082 12,49.04778,21.35979,48.99985,21.31541,49.09330,21.41716,11,2415,2416
08213,082 13,49.09976,21.31285,49.08216,21.29891,49.11031,21.32256,2,778,778
08214,082 14,49.08830,21.39883,49.07510,21.37835,49.10268,21.42895,4,512,512
08215,082 15,49.06818,21.43789,49.06186,21.42353,49.07620,21.44482,1,305,305
08216,082 16,49.06560,21.27791,49.03822,21.25588,49.09478,21.29248,2,1276,1276
08221,082 21,49.04446,21.19701,49.01776,21.14107,49.06724,21.24188,2,2563,4718
08222,082 22,49.06738,21.13127,49.05863,21.11407,49.07642,21.14808,2,921,921
08232,082 32,49.00356,21.12864,48.98674,21.10031,49.01647,21.13633,3,777,777
08233,082 33,48.98627,21.04925,48.95611,20.99707,49.02735,21.09267,6,1344,1344
08235,082 35,49.03842,21.01696,49.01885,20.96882,49.05430,21.03112,4,826,826
08236,082 36,49.04529,20.94890,49.02840,20.92879,49.06190,20.95689,2,532,532
08237,082 37,49.00251,20.94509,48.98071,20.89731,49.02320,20.98326,2,1174,1174
08238,082 38,48.96897,20.95904,48.95178,20.92131,48.98137,20.98315,2,874,874
08241,082 41,48.95835,21.11689,48.93912,21.06043,48.98745,21.14681,5,692,692
08242,082 42,48.93513,21.17911,48.89579,21.15533,48.95677,21.20583,4,814,814
08243,082 43,48.91704,21.12282,48.89575,21.09543,48.92782,21.15408,2,470,470
08244,082 44,48.92170,21.06790,48.90321,21.02863,48.93324,21.08667,2,293,293
08252,082 52,48.95091,21.31563,48.92920,21.28082,48.98063,21.41554,4,1419,1419
08253,082 53,48.93018,21.26547,48.90532,21.24705,48.95764,21.30309,2,1074,1074
08256,082 56,49.12881,21.03554,49.11907,21.00950,49.14133,21.05954,4,1430,1430
08257,082 57,49.18052,21.06299,49.15684,21.04345,49.19753,21.16375,2,430,430
08261,082 61,49.08245,21.07758,49.07563,21.05525,49.09460,21.09663,2,688,688
08263,082 63,49.06438,21.04780,49.03797,20.95214,49.09824,21.07743,4,783,783
08266,082 66,49.08953,21.18771,49.05973,21.14861,49.12318,21.22472,6,1123,1123
08267,082 67,49.11936,21.24718,49.10317,21.21558,49.14512,21.28004,5,847,847
08271,082 71,49.16247,20.96079,49.09815,20.90410,49.21352,21.01720,8,3894,5278
08273,082 73,49.19232,20.83241,49.16427,20.78774,49.21740,20.87292,4,1058,1058
08274,082 74,49.14320,20.84255,49.12307,20.77811,49.15122,20.88729,4,980,980
08275,082 75,49.10230,20.85092,49.09612,20.84668,49.10739,20.85862,1,272,272
08276,082 76,49.16293,20.88187,49.15502,20.86832,49.18440,20.89165,2,538,538
08301,083 01,49.10347,21.10436,49.08110,21.07159,49.13257,21.14511,5,4310,7334
08501,085 01,49.29512,21.27834,49.26661,21.23399,49.32871,21.32553,3,4954,9589
08601,086 01,49.32069,21.19172,49.29871,21.15772,49.34821,21.23751,4,800,800
08602,086 02,49.36823,21.14240,49.33040,21.08114,49.41250,21.20236,7,860,860
08604,086 04,49.31848,21.12888,49.27991,21.08427,49.35024,21.15549,6,908,908
08605,086 05,49.28207,21.09116,49.23760,21.01822,49.31677,21.09727,3,291,291
08606,086 06,49.30749,21.05128,49.28845,21.00911,49.34601,21.08481,4,898,898
08611,086 11,49.27103,21.37912,49.24944,21.34276,49.29730,21.42301,4,486,486
08612,086 12,49.22999,21.45074,49.19705,21.42456,49.27323,21.51523,9,911,911
08614,086 14,49.30538,21.40893,49.28745,21.35860,49.30867,21.44159,2,719,719
08621,086 21,49.24792,21.33911,49.21823,21.30533,49.26685,21.37670,4,463,463
08622,086 22,49.24130,21.26015,49.20314,21.15039,49.29584,21.31537,4,1088,1088
08631,086 31,49.32852,21.27377,49.32096,21.26188,49.33249,21.28401,1,135,270
08633,086 33,49.37505,21.30768,49.35399,21.23509,49.42316,21.35875,6,1591,1591
08635,086 35,49.41973,21.31246,49.41544,21.30334,49.42539,21.32075,1,149,149
08636,086 36,49.40022,21.39506,49.37912,21.35767,49.42636,21.43576,7,525,525
08637,086 37,49.34702,21.37365,49.32605,21.32819,49.36357,21.39933,3,301,301
08641,086 41,49.16333,21.31917,49.12632,21.28731,49.19366,21.37660,6,1379,1379
08642,086 42,49.19782,21.25950,49.15586,21.22157,49.22299,21.29091,4,1186,1186
08643,086 43,49.15421,21.39256,49.13763,21.36369,49.16346,21.41216,3,465,465
08644,086 44,49.11200,21.44291,49.09893,21.41665,49.12261,21.46104,3,426,426
08645,086 45,49.16650,21.45447,49.15352,21.41857,49.18657,21.48097,5,528,528
08646,086 46,49.19940,21.39021,49.18747,21.37591,49.21136,21.40919,3,278,278
08701,087 01,49.11121,21.50290,49.07576,21.46424,49.14964,21.54832,10,2167,3081
08901,089 01,49.30630,21.57321,49.24071,21.50357,49.37795,21.62440,9,2966,5316
09001,090 01,49.36332,21.61105,49.33711,21.58730,49.40505,21.62068,4,256,256
09002,090 02,49.37877,21.57232,49.35922,21.53500,49.41199,21.58646,5,302,302
09003,090 03,49.33042,21.63338,49.30074,21.59569,49.36216,21.66791,5,469,469
09005,090 05,49.38167,21.68137,49.31855,21.62859,49.42789,21.75235,12,548,548
09011,090 11,49.36216,21.47475,49.32841,21.42580,49.39916,21.53446,7,813,813
09016,090 16,49.29407,21.47999,49.24471,21.42824,49.32387,21.53273,4,597,597
09021,090 21,49.25221,21.66974,49.22827,21.65738,49.28426,21.69279,3,324,324
09022,090 22,49.27588,21.70521,49.26363,21.68173,49.32277,21.72452,4,298,298
09023,090 23,49.25994,21.78244,49.22135,21.73886,49.33068,21.82239,6,547,547
09024,090 24,49.29254,21.82422,49.27913,21.81316,49.30651,21.82968,2,196,196
09031,090 31,49.16284,21.72500,49.13329,21.68917,49.20099,21.75148,6,285,285
09032,090 32,49.14370,21.62937,49.10994,21.59712,49.16267,21.65909,4,475,475
09033,090 33,49.08035,21.66279,49.05307,21.62203,49.11095,21.67733,3,779,779
09034,090 34,49.09294,21.68919,49.08540,21.66735,49.11629,21.71261,3,132,132
09041,090 41,49.26034,21.58310,49.25560,21.57851,49.26588,21.59214,1,193,193
09042,090 42,49.18709,21.55205,49.13761,21.50098,49.23770,21.59764,8,768,768
09101,091 01,49.20378,21.65325,49.15800,21.59601,49.26439,21.75430,12,3456,5842
09301,093 01,48.88881,21.68427,48.87520,21.66384,48.91061,21.70595,4,3011,5527
09302,093 02,48.87331,21.71845,48.85783,21.69847,48.88764,21.73752,2,835,1260
09303,093 03,48.86068,21.66426,48.82255,21.62176,48.88609,21.69210,3,1776,3055
09401,094 01,48.91917,21.75792,48.89684,21.73718,48.94104,21.77456,4,613,613
09402,094 02,48.98903,21.67533,48.93919,21.64950,49.04247,21.72449,4,1603,1603
09403,094 03,48.96952,21.72890,48.96570,21.72330,48.97253,21.73665,1,213,213
09404,094 04,49.06039,21.68553,49.05766,21.67529,49.06660,21.69874,1,436,436
09405,094 05,49.01503,21.72337,48.99346,21.69718,49.04672,21.76236,6,1066,1066
09406,094 06,49.04361,21.78050,49.03866,21.77636,49.04837,21.78353,2,213,213
09407,094 07,49.09192,21.81843,49.06334,21.75981,49.13067,21.84196,5,485,485
09408,094 08,49.14311,21.78796,49.12640,21.76671,49.17600,21.79470,3,209,209
09409,094 09,48.90253,21.72448,48.88699,21.70821,48.92325,21.74105,3,625,625
09412,094 12,48.85753,21.59445,48.82242,21.55680,48.88024,21.64427,3,991,991
09413,094 13,48.81792,21.70174,48.80295,21.65241,48.82622,21.74735,2,878,878
09414,094 14,48.78336,21.68227,48.77405,21.66100,48.79461,21.69361,2,856,856
09415,094 15,48.90107,21.55531,48.89720,21.53061,48.90542,21.57990,1,692,692
09421,094 21,48.85606,21.75307,48.83406,21.73442,48.88667,21.76363,4,1001,1001
09422,094 22,48.80895,21.77226,48.79805,21.76062,48.82008,21.78462,1,519,519
09423,094 23,48.96798,21.64106,48.94207,21.62090,48.99988,21.64671,2,311,311
09431,094 31,49.02909,21.49419,48.98150,21.41541,49.07316,21.58112,14,1986,2728
09433,094 33,48.99107,21.58732,48.94917,21.53690,49.03189,21.60774,5,623,623
09434,094 34,49.00046,21.53844,48.97172,21.49285,49.01946,21.57786,3,1140,1140
09435,094 35,48.92570,21.59969,48.89671,21.54966,48.95708,21.63630,5,1712,1712
81101,811 01,48.14459,17.10187,48.14114,17.08777,48.14641,17.11269,1,535,1070
81102,811 02,48.14947,17.08431,48.14019,17.07689,48.16055,17.10010,2,1097,2194
81103,811 03,48.14738,17.09692,48.14275,17.08673,48.15230,17.10783,1,722,1444
81104,811 04,48.15535,17.09553,48.13971,17.07377,48.17219,17.12656,2,3451,6902
81105,811 05,48.15627,17.11265,48.15061,17.10286,48.15949,17.11939,1,391,782
81106,811 06,48.14935,17.10586,48.14411,17.09725,48.15485,17.11371,2,478,955
81107,811 07,48.15356,17.12026,48.14912,17.11288,48.15728,17.12614,2,311,622
81108,811 08,48.14795,17.11885,48.14430,17.11147,48.15217,17.12532,2,358,716
81109,811 09,48.14383,17.12037,48.13948,17.11352,48.14667,17.12911,2,277,554
82101,821 01,48.15597,17.15651,48.14844,17.14417,48.16648,17.17274,3,475,949
82102,821 02,48.16121,17.16301,48.15732,17.14342,48.16489,17.17931,2,430,860
82103,821 03,48.15557,17.16712,48.15078,17.14988,48.16189,17.17944,1,466,932
82104,821 04,48.16215,17.16496,48.13411,17.12629,48.18859,17.20577,1,6173,12346
82105,821 05,48.14609,17.17121,48.13359,17.14998,48.15745,17.19044,1,2068,4136
82106,821 06,48.12849,17.20969,48.11142,17.18674,48.14541,17.23213,5,3988,7976
82107,821 07,48.14509,17.20308,48.12385,17.17723,48.16036,17.23091,3,5107,10214
82108,821 08,48.15394,17.13315,48.14641,17.12504,48.16093,17.14365,2,754,1508
82109,821 09,48.14787,17.13889,48.14004,17.12706,48.15427,17.14938,3,673,1346
83000,830 00,48.18881,17.12057,48.18410,17.11505,48.19357,17.12526,1,53,106
83005,830 05,48.22530,17.15520,48.22530,17.15520,48.22530,17.15520,1,1,2
83007,830 07,48.18472,17.09572,48.18450,17.09572,48.18472,17.09582,1,3,6
83101,831 01,48.16767,17.10329,48.15831,17.08187,48.17587,17.12219,2,2321,4642
83102,831 02,48.17462,17.12296,48.15800,17.11077,48.19475,17.14024,2,892,1784
83103,831 03,48.17044,17.13484,48.16281,17.12748,48.17757,17.14103,1,1139,2278
83104,831 04,48.18871,17.14988,48.15595,17.06888,48.23811,17.22382,4,3608,7216
83106,831 06,48.21120,17.15191,48.19775,17.13274,48.22465,17.17400,3,2780,5560
83107,831 07,48.20250,17.20711,48.19067,17.19161,48.21043,17.21958,2,1773,3546
83151,831 51,48.20091,17.14366,48.19879,17.14007,48.20401,17.14808,1,80,160
83152,831 52,48.19661,17.13244,48.19421,17.12907,48.19929,17.13635,2,304,608
83153,831 53,48.19821,17.14415,48.19537,17.13893,48.20175,17.14833,1,122,244
83154,831 54,48.19246,17.14007,48.18782,17.13306,48.19673,17.14505,1,92,184
84002,840 02,48.20037,17.05290,48.19825,17.04912,48.20233,17.05650,2,130,260
84008,840 08,48.22328,17.03917,48.22085,17.03470,48.22543,17.04514,1,162,324
84101,841 01,48.18602,17.03483,48.17673,17.02288,48.20091,17.05166,1,1043,2086
84102,841 02,48.18808,17.03244,48.17705,17.01654,48.20044,17.04020,1,774,1548
84103,841 03,48.19108,17.05318,48.18064,17.04291,48.20272,17.06838,4,1255,2510
84104,841 04,48.15783,17.05407,48.14503,17.02570,48.17571,17.07644,3,1487,2974
84105,841 05,48.15287,17.04930,48.14778,17.03899,48.15829,17.05984,2,530,1060
84106,841 06,48.23670,17.04299,48.22287,17.02438,48.24561,17.05803,2,2429,4858
84107,841 07,48.20229,16.99437,48.15032,16.95948,48.25793,17.06893,8,5047,10094
84108,841 08,48.20813,16.98201,48.20101,16.97289,48.22877,16.99758,1,285,570
84110,841 10,48.17445,16.98596,48.16627,16.97691,48.18303,17.00018,4,898,1796
85000,850 00,48.12207,17.06466,48.12207,17.06466,48.12207,17.06466,1,1,2
85009,850 09,48.06185,17.14035,48.06175,17.14020,48.06209,17.14063,1,5,10
85101,851 01,48.12356,17.10010,48.11027,17.08497,48.13690,17.11649,1,1008,2016
85102,851 02,48.11546,17.11473,48.11139,17.10927,48.11880,17.12369,1,165,330
85103,851 03,48.12208,17.11726,48.11759,17.11040,48.12741,17.12949,1,176,352
85104,851 04,48.12420,17.12714,48.11652,17.11736,48.13200,17.13531,1,330,660
85105,851 05,48.10790,17.10548,48.10210,17.09877,48.11055,17.11589,1,148,296
85106,851 06,48.10041,17.10386,48.09532,17.09775,48.10516,17.10829,1,155,310
85107,851 07,48.09319,17.11921,48.08648,17.10348,48.10357,17.12887,1,317,634
85110,851 10,48.05230,17.14815,48.01659,17.08332,48.10662,17.20379,5,4114,8228
90001,900 01,48.34103,17.31028,48.31861,17.27611,48.36367,17.33840,1,3728,7456
90021,900 21,48.25301,17.21339,48.24154,17.19327,48.26592,17.23157,1,2063,4126
90023,900 23,48.27152,17.30329,48.26265,17.28785,48.27962,17.31880,1,1075,1075
90024,900 24,48.21520,17.36000,48.20453,17.33981,48.22542,17.37164,1,1662,1662
90025,900 25,48.22799,17.24508,48.20400,17.22293,48.23996,17.29268,1,3487,3487
90026,900 26,48.24550,17.27125,48.23849,17.25927,48.26113,17.28574,1,2383,2383
90027,900 27,48.19650,17.30237,48.18528,17.27153,48.20846,17.33308,1,4337,4337
90028,900 28,48.18176,17.26008,48.16196,17.24233,48.19862,17.28802,2,4084,4084
90029,900 29,48.18238,17.35385,48.17531,17.34016,48.19375,17.36901,1,1478,1478
90031,900 31,48.27305,17.03224,48.25569,17.01067,48.29111,17.06002,1,5141,10282
90032,900 32,48.26310,17.08493,48.25607,17.07205,48.26997,17.09922,1,533,533
90033,900 33,48.24830,17.05559,48.24232,17.04477,48.25308,17.07141,1,1230,1230
90041,900 41,48.09729,17.24098,48.08729,17.22183,48.10679,17.26393,1,3275,3275
90042,900 42,48.09186,17.29290,48.05747,17.23032,48.11474,17.32734,2,6879,6879
90043,900 43,48.04575,17.25200,48.02918,17.23897,48.06632,17.27035,3,2050,2051
90044,900 44,48.14529,17.33523,48.13162,17.31599,48.15826,17.35012,2,1720,1720
90045,900 45,48.15303,17.29750,48.14408,17.28521,48.16372,17.30842,1,1757,1757
90046,900 46,48.13871,17.27969,48.12411,17.25431,48.14547,17.30322,1,1986,1986
90050,900 50,48.18231,17.47854,48.16700,17.43517,48.20443,17.51839,2,1913,1913
90051,900 51,48.31916,16.98221,48.30731,16.97210,48.33190,16.99689,1,1371,1371
90052,900 52,48.40608,17.15816,48.40005,17.14117,48.40993,17.17501,1,812,812
90053,900 53,48.36721,17.14646,48.36282,17.13553,48.37179,17.15680,1,419,419
90054,900 54,48.34785,17.09888,48.34110,17.08770,48.35328,17.11319,1,649,649
90055,900 55,48.33466,17.04203,48.32765,17.02847,48.34354,17.05900,1,1324,1324
90061,900 61,48.46800,16.92559,48.46080,16.90891,48.47502,16.93689,1,1323,1323
90062,900 62,48.44651,16.98195,48.43683,16.97197,48.45551,16.99248,1,964,964
90063,900 63,48.41420,16.92255,48.40395,16.91106,48.41939,16.93778,1,882,882
90064,900 64,48.40641,16.85802,48.40356,16.85319,48.41000,16.86782,1,331,331
90065,900 65,48.38162,16.85067,48.37647,16.83625,48.38723,16.86300,1,707,707
90066,900 66,48.32892,16.91304,48.32121,16.90190,48.33650,16.92378,1,1024,1024
90067,900 67,48.36418,16.97459,48.35660,16.96692,48.37241,16.98596,1,1050,1050
90068,900 68,48.37707,17.00266,48.36436,16.91007,48.41191,17.02137,1,1195,1195
90081,900 81,48.29902,17.34749,48.28773,17.32859,48.30885,17.36952,1,1874,1874
90082,900 82,48.26574,17.41863,48.26018,17.41180,48.27162,17.42597,1,737,737
90083,900 83,48.27123,17.47763,48.26588,17.46980,48.27529,17.48317,1,502,502
90084,900 84,48.30218,17.44952,48.28038,17.42662,48.31763,17.46662,3,1269,1269
90085,900 85,48.33443,17.39340,48.33001,17.38208,48.33888,17.40677,1,539,539
90086,900 86,48.35659,17.41091,48.32848,17.34995,48.39139,17.46263,3,1885,1885
90088,900 88,48.41616,17.37671,48.41076,17.36942,48.42277,17.38504,1,504,504
90089,900 89,48.39734,17.35292,48.38043,17.28316,48.41405,17.37191,2,1171,1171
90090,900 90,48.36613,17.33921,48.36068,17.32554,48.37168,17.34527,1,462,462
90091,900 91,48.28909,17.22226,48.28309,17.20625,48.30010,17.23694,2,998,1003
90101,901 01,48.43685,17.02123,48.41633,16.99797,48.45512,17.05022,2,4833,9616
90201,902 01,48.29430,17.26814,48.27232,17.22897,48.31658,17.30505,2,5182,9716
90203,902 03,48.27214,17.24715,48.26621,17.23509,48.28018,17.25784,1,773,1546
90301,903 01,48.20919,17.40383,48.14534,17.34447,48.26600,17.48581,8,8475,14958
90501,905 01,48.67972,17.36331,48.66328,17.33116,48.69698,17.39995,3,5192,10207
90602,906 02,48.67889,17.25197,48.67385,17.24049,48.68504,17.26158,1,576,576
90603,906 03,48.71011,17.28496,48.69569,17.27971,48.72810,17.31544,2,492,492
90604,906 04,48.72860,17.34879,48.70237,17.33367,48.77101,17.38395,3,509,509
90605,906 05,48.74194,17.42123,48.70564,17.38247,48.77368,17.46877,2,1145,1145
90606,906 06,48.79765,17.46223,48.76318,17.37708,48.83835,17.55221,3,1138,1138
90607,906 07,48.65583,17.28206,48.63252,17.25944,48.66336,17.32764,1,773,773
90611,906 11,48.67968,17.44616,48.65712,17.42462,48.71245,17.49153,1,439,439
90612,906 12,48.62605,17.47076,48.59713,17.43284,48.65722,17.50755,2,753,753
90613,906 13,48.66455,17.53931,48.64933,17.51440,48.68203,17.55944,1,1536,3072
90614,906 14,48.69967,17.49618,48.66729,17.47468,48.72301,17.52082,1,258,258
90615,906 15,48.67993,17.60397,48.65117,17.55658,48.70741,17.64286,2,561,561
90621,906 21,48.72701,17.61753,48.71483,17.59596,48.74986,17.64651,1,324,324
90622,906 22,48.77711,17.60679,48.76073,17.58809,48.79115,17.62867,1,351,351
90623,906 23,48.76034,17.62987,48.74121,17.60877,48.77155,17.64633,1,422,422
90631,906 31,48.65883,17.40705,48.65091,17.39376,48.66302,17.41910,2,544,601
90632,906 32,48.60636,17.42132,48.59627,17.40585,48.61757,17.43280,1,962,962
90633,906 33,48.58055,17.38971,48.55691,17.35532,48.60186,17.43799,1,723,723
90634,906 34,48.55800,17.34789,48.55155,17.33933,48.56414,17.35560,1,446,446
90635,906 35,48.51335,17.31414,48.48798,17.26476,48.54585,17.35598,2,801,801
90636,906 36,48.48246,17.26190,48.47736,17.25078,48.48848,17.27301,1,398,398
90637,906 37,48.46403,17.23213,48.45514,17.22127,48.47129,17.24206,1,694,694
90638,906 38,48.45875,17.16689,48.45068,17.15570,48.46511,17.17768,1,800,800
90645,906 45,48.67751,17.20270,48.67009,17.19650,48.68637,17.21583,1,498,498
90701,907 01,48.76273,17.56843,48.70351,17.49051,48.82625,17.60160,4,3366,5490
90703,907 03,48.74712,17.52848,48.71425,17.47999,48.78392,17.55818,2,775,1548
90801,908 01,48.65926,17.02257,48.64643,17.00014,48.66879,17.04316,1,1466,1466
90841,908 41,48.64029,17.14589,48.62457,17.12044,48.65157,17.16389,1,1738,3476
90842,908 42,48.67632,17.12800,48.67168,17.12032,48.68092,17.13415,1,438,438
90843,908 43,48.65517,17.09170,48.65218,17.07953,48.66044,17.10286,1,494,494
90844,908 44,48.71764,17.16649,48.70739,17.15759,48.73033,17.18130,2,611,611
90845,908 45,48.71743,17.11565,48.70495,17.09070,48.73220,17.13319,1,2211,4422
90846,908 46,48.72610,17.21580,48.72096,17.20682,48.73225,17.22554,1,491,491
90847,908 47,48.75047,17.19944,48.74728,17.19276,48.75369,17.20509,1,222,222
90848,908 48,48.78781,17.11537,48.78028,17.09827,48.79834,17.13007,1,1048,1048
90849,908 49,48.82155,17.19192,48.80137,17.15688,48.84075,17.22732,3,829,829
90851,908 51,48.81242,17.16155,48.79745,17.14018,48.82692,17.18000,2,3419,6719
90861,908 61,48.78540,17.22133,48.77809,17.21217,48.79324,17.23435,1,370,370
90862,908 62,48.77338,17.24612,48.76883,17.23869,48.77748,17.25607,1,251,251
90863,908 63,48.77105,17.28638,48.74219,17.24750,48.80481,17.34151,4,1159,1159
90864,908 64,48.77459,17.31960,48.76906,17.31205,48.81192,17.38018,1,175,175
90865,908 65,48.81296,17.24454,48.80694,17.23994,48.81746,17.25056,1,273,273
90871,908 71,48.58768,17.00128,48.57939,16.98717,48.59433,17.01499,1,982,982
90872,908 72,48.54494,17.03109,48.53305,17.01613,48.55394,17.04169,1,1183,1183
90873,908 73,48.50420,17.00152,48.49724,16.99142,48.51243,17.01362,1,1444,1444
90874,908 74,48.50247,16.96903,48.49495,16.95461,48.51124,16.97988,1,838,838
90875,908 75,48.52740,17.13819,48.51938,17.12871,48.53549,17.14844,1,808,808
90876,908 76,48.57714,17.18049,48.54965,17.11757,48.60528,17.23328,1,668,668
90877,908 77,48.63050,17.21343,48.61970,17.19483,48.64458,17.23039,2,2132,2132
90878,908 78,48.64064,17.06786,48.63547,17.06055,48.64620,17.07596,1,304,304
90879,908 79,48.60998,17.05023,48.56751,17.03420,48.61777,17.10637,1,1078,1078
90880,908 80,48.60173,16.99742,48.59437,16.98451,48.60915,17.01313,1,857,857
90885,908 85,48.69056,17.01341,48.68600,17.00127,48.69611,17.02571,1,1044,1044
90901,909 01,48.84185,17.23027,48.82165,17.20313,48.85653,17.26087,1,5347,10694
91101,911 01,48.89074,18.05434,48.84999,17.99164,48.92036,18.10763,1,5143,10286
91105,911 05,48.90157,18.02358,48.88493,17.99963,48.92205,18.05486,2,3491,6395
91106,911 06,48.89589,17.99714,48.88680,17.98626,48.90399,18.00882,1,652,1304
91108,911 08,48.87375,18.04710,48.86760,18.03964,48.88009,18.05889,1,422,844
91303,913 03,48.90369,17.95159,48.88386,17.89093,48.97584,17.97444,1,949,949
91304,913 04,48.87014,17.95017,48.85424,17.92467,48.88285,17.97725,2,1076,1076
91305,913 05,48.83920,17.90865,48.81116,17.86140,48.87162,17.94014,4,1587,1587
91307,913 07,48.82836,17.84269,48.79784,17.80314,48.86518,17.87208,4,1432,1432
91308,913 08,48.89075,17.79675,48.85567,17.74986,48.91903,17.82397,1,684,684
91311,913 11,48.84409,17.98615,48.82039,17.95268,48.86524,17.99999,4,1782,1782
91321,913 21,48.84462,18.03699,48.80552,17.99927,48.87755,18.09587,3,2089,2119
91322,913 22,48.80221,18.11217,48.79338,18.09664,48.81933,18.13139,2,1028,1028
91323,913 23,48.76232,18.10628,48.75379,18.09360,48.76821,18.11727,1,466,466
91324,913 24,48.78381,18.16260,48.76609,18.12995,48.79552,18.20335,3,1136,1136
91325,913 25,48.80520,18.19164,48.79995,18.18621,48.80993,18.19674,1,336,336
91326,913 26,48.82544,18.15995,48.80716,18.14384,48.85692,18.19146,3,884,884
91331,913 31,48.93137,18.07240,48.91731,18.05228,48.94344,18.08512,1,495,495
91332,913 32,48.95514,18.03213,48.92643,17.95562,48.99937,18.05480,2,1232,1232
91333,913 33,48.97747,17.96867,48.94042,17.91652,49.01144,18.01797,2,1475,1475
91336,913 36,48.78583,17.99055,48.77455,17.98566,48.79469,17.99851,1,352,352
91338,913 38,48.86270,18.07303,48.85300,18.05189,48.87316,18.09383,2,835,845
91401,914 01,48.93236,18.11968,48.92005,18.09967,48.94604,18.13859,1,1682,1682
91441,914 41,48.96342,18.10765,48.94499,18.02305,49.00745,18.12931,1,1712,3424
91442,914 42,48.99224,18.09866,48.98404,18.08636,49.00299,18.11216,1,958,958
91443,914 43,48.90422,18.24092,48.87977,18.18356,48.92381,18.32069,2,1269,1269
91451,914 51,48.91157,18.16269,48.89801,18.14871,48.92523,18.18602,1,1160,2320
91501,915 01,48.75797,17.82875,48.73731,17.79763,48.77648,17.86065,2,5498,10986
91601,916 01,48.78319,17.67517,48.75466,17.62939,48.85213,17.70753,1,2728,5456
91611,916 11,48.80865,17.75255,48.77345,17.72051,48.84559,17.78591,1,1039,1039
91612,916 12,48.80223,17.71756,48.77804,17.67492,48.83745,17.74531,1,965,965
91613,916 13,48.73721,17.71350,48.72387,17.68723,48.75637,17.72795,2,736,736
91614,916 14,48.75197,17.66581,48.74157,17.64392,48.76280,17.68802,1,295,295
91616,916 16,48.70366,17.68747,48.66690,17.62937,48.73107,17.75846,4,1635,1635
91621,916 21,48.71217,17.78851,48.69990,17.77790,48.72267,17.80278,1,1273,1273
91622,916 22,48.66911,17.76722,48.64959,17.71390,48.68824,17.79806,3,1127,1127
91623,916 23,48.64981,17.80104,48.64535,17.79354,48.65378,17.81034,1,457,457
91624,916 24,48.65603,17.84445,48.64850,17.83624,48.66084,17.85488,1,690,690
91625,916 25,48.68350,17.84991,48.67000,17.84545,48.69520,17.86207,3,548,548
91626,916 26,48.70805,17.84751,48.69850,17.83876,48.71841,17.85905,1,509,509
91627,916 27,48.69103,17.78199,48.68500,17.77482,48.69445,17.79100,1,529,529
91631,916 31,48.74751,17.88832,48.72785,17.84692,48.76358,17.91175,2,1034,1034
91632,916 32,48.71735,17.89016,48.71316,17.87882,48.72288,17.90617,1,344,344
91633,916 33,48.68234,17.89678,48.65382,17.87052,48.70819,17.94887,2,751,751
91635,916 35,48.64808,17.93955,48.62809,17.87278,48.67538,18.01623,4,901,901
91637,916 37,48.76322,17.92158,48.75973,17.91074,48.76899,17.93596,1,565,565
91638,916 38,48.78971,17.89608,48.78281,17.88763,48.79646,17.90694,1,587,587
91641,916 41,48.80147,17.81785,48.79464,17.81160,48.80886,17.82236,1,441,441
91642,916 42,48.83356,17.77734,48.80460,17.72933,48.87968,17.81319,1,1371,1371
91701,917 01,48.38121,17.58829,48.35542,17.54906,48.40464,17.62653,2,6926,13784
91702,917 02,48.36271,17.58414,48.35543,17.57163,48.37209,17.59204,1,1226,2452
91705,917 05,48.34999,17.60865,48.34166,17.59809,48.35663,17.62031,1,983,1966
91708,917 08,48.37416,17.56288,48.36238,17.54858,48.38066,17.58114,1,1205,2410
91901,919 01,48.41157,17.48980,48.38028,17.45345,48.43527,17.51499,4,1845,1845
91902,919 02,48.43959,17.42914,48.43461,17.41777,48.44600,17.43996,1,639,639
91903,919 03,48.46511,17.43855,48.45636,17.42742,48.47524,17.44806,1,887,887
91904,919 04,48.49736,17.41918,48.47100,17.38228,48.52572,17.46210,2,2053,2053
91905,919 05,48.52732,17.46345,48.52074,17.45330,48.53628,17.47378,1,667,667
91907,919 07,48.50373,17.48069,48.49781,17.47565,48.50879,17.48826,1,277,277
91908,919 08,48.46318,17.49620,48.45051,17.48518,48.47395,17.50878,1,848,848
91909,919 09,48.43239,17.53975,48.42411,17.52210,48.44042,17.55256,2,905,905
91910,919 10,48.54278,17.40114,48.52979,17.35556,48.56170,17.44366,1,497,497
91921,919 21,48.33006,17.59311,48.32428,17.58536,48.33498,17.60101,1,878,878
91922,919 22,48.28568,17.62902,48.27582,17.62183,48.29540,17.64026,1,794,794
91923,919 23,48.31014,17.65382,48.30338,17.64697,48.31557,17.66189,1,474,474
91924,919 24,48.32325,17.65440,48.31520,17.64559,48.33288,17.66249,1,709,709
91925,919 25,48.33196,17.72274,48.31970,17.70903,48.34142,17.73725,1,896,896
91926,919 26,48.35065,17.67066,48.34222,17.66413,48.35701,17.67760,1,756,756
91927,919 27,48.37848,17.68240,48.36209,17.66900,48.39452,17.69615,2,1103,1103
91928,919 28,48.41625,17.69907,48.40806,17.68472,48.42585,17.70760,1,816,816
91929,919 29,48.44974,17.67442,48.44349,17.66673,48.45529,17.68369,1,524,524
91930,919 30,48.48193,17.64176,48.46979,17.62809,48.50061,17.67867,2,962,962
91932,919 32,48.30195,17.64318,48.29584,17.63372,48.30826,17.65165,1,409,409
91933,919 33,48.43865,17.71020,48.43190,17.69926,48.44212,17.72055,1,518,518
91934,919 34,48.36909,17.53278,48.36197,17.52482,48.37588,17.54529,2,1046,1112
91935,919 35,48.34232,17.56813,48.33439,17.56110,48.34746,17.57815,1,826,826
91942,919 42,48.27881,17.55849,48.25595,17.52292,48.30851,17.58911,3,1064,1064
91943,919 43,48.31696,17.48971,48.29452,17.45744,48.33831,17.52622,1,1880,1880
91951,919 51,48.43776,17.60759,48.42988,17.59900,48.44814,17.62362,1,1160,1160
91952,919 52,48.49220,17.60759,48.48865,17.59799,48.49798,17.61485,1,301,301
91953,919 53,48.54734,17.59056,48.54140,17.57582,48.55401,17.60363,1,679,679
91954,919 54,48.59763,17.53768,48.58278,17.51727,48.63662,17.55117,1,507,507
91955,919 55,48.52473,17.60965,48.51697,17.60327,48.53091,17.61248,1,381,381
91961,919 61,48.37531,17.48404,48.36705,17.43346,48.38974,17.51548,3,828,859
91965,919 65,48.48731,17.54641,48.43631,17.49300,48.57099,17.58180,4,1500,1500
92001,920 01,48.43120,17.80416,48.41372,17.77247,48.45369,17.83445,2,4526,8714
92003,920 03,48.42801,17.77135,48.42147,17.76041,48.43516,17.78270,1,1142,2284
92041,920 41,48.44484,17.76460,48.43519,17.74602,48.45380,17.78252,1,1670,3340
92042,920 42,48.45961,17.74314,48.45180,17.71255,48.47230,17.76823,3,1016,1016
92052,920 52,48.37475,17.74974,48.35558,17.73568,48.39975,17.76621,3,868,868
92055,920 55,48.39070,17.79761,48.38396,17.79192,48.39685,17.80313,1,476,476
92056,920 56,48.35475,17.79466,48.34897,17.78603,48.36282,17.80471,1,783,783
92061,920 61,48.45982,17.90976,48.43759,17.87860,48.46972,17.95170,3,619,619
92062,920 62,48.49211,17.88305,48.48186,17.87110,48.49608,17.90803,2,419,419
92063,920 63,48.42474,17.87768,48.41822,17.86849,48.42879,17.88405,1,393,393
92064,920 64,48.39002,17.87299,48.38381,17.86534,48.39465,17.88065,1,432,432
92065,920 65,48.37093,17.85052,48.36609,17.84384,48.37581,17.85883,1,359,359
92066,920 66,48.46698,17.86367,48.46212,17.84912,48.47403,17.87145,2,384,384
92101,921 01,48.59155,17.82796,48.56854,17.79165,48.61390,17.86171,2,8405,15856
92201,922 01,48.62597,17.78203,48.60817,17.75755,48.63640,17.80312,3,1127,1127
92202,922 02,48.61019,17.75431,48.60336,17.74182,48.61699,17.76444,1,647,647
92203,922 03,48.62098,17.72238,48.60709,17.69649,48.63597,17.73793,3,2294,4208
92204,922 04,48.57921,17.64631,48.56937,17.60610,48.63315,17.66269,2,661,661
92205,922 05,48.57040,17.62198,48.56115,17.60493,48.58292,17.63048,1,1010,1010
92206,922 06,48.53246,17.65319,48.52808,17.64915,48.53771,17.65901,1,210,210
92207,922 07,48.50912,17.72094,48.49649,17.70379,48.52142,17.74284,2,1238,1238
92208,922 08,48.54163,17.73401,48.51223,17.71879,48.56625,17.74754,3,1139,1139
92209,922 09,48.57271,17.74376,48.56314,17.72770,48.58301,17.74908,1,479,479
92210,922 10,48.59636,17.75181,48.58967,17.74508,48.60152,17.75906,1,517,517
92211,922 11,48.64786,17.67297,48.62407,17.62376,48.67398,17.71268,1,518,518
92221,922 21,48.60406,17.86685,48.58461,17.85021,48.62593,17.89676,3,1618,1618
92231,922 31,48.54604,17.84197,48.50874,17.82428,48.57029,17.88424,3,1287,1287
92241,922 41,48.51710,17.80173,48.50846,17.79010,48.52561,17.81272,1,1199,1199
92242,922 42,48.47731,17.78042,48.47107,17.76620,48.48649,17.79064,1,801,801
92401,924 01,48.19622,17.73129,48.17671,17.70346,48.22346,17.76334,3,4328,8284
92501,925 01,48.16873,17.73199,48.16124,17.71266,48.18082,17.74402,2,1113,1257
92502,925 02,48.10622,17.78159,48.09690,17.76894,48.11378,17.79810,2,946,946
92503,925 03,48.12369,17.75103,48.11481,17.73269,48.13390,17.76631,1,1269,1269
92504,925 04,48.08288,17.69169,48.07295,17.67902,48.09081,17.70313,1,558,558
92505,925 05,48.10502,17.68700,48.09668,17.68030,48.11297,17.69174,1,399,399
92506,925 06,48.12663,17.65059,48.11977,17.64006,48.13337,17.66018,1,545,545
92507,925 07,48.14009,17.67642,48.13248,17.66577,48.14771,17.68329,1,669,669
92508,925 08,48.15133,17.65865,48.14401,17.64714,48.15813,17.67221,2,588,588
92509,925 09,48.17290,17.65675,48.16529,17.64914,48.17895,17.66817,3,819,822
92521,925 21,48.20177,17.63615,48.19092,17.61755,48.21303,17.65625,2,2077,3901
92522,925 22,48.16316,17.57039,48.15343,17.54872,48.17377,17.59667,2,2413,2413
92523,925 23,48.14499,17.50727,48.13636,17.48859,48.15420,17.52779,1,1595,1595
92526,925 26,48.23297,17.44772,48.21966,17.41311,48.24694,17.46427,2,1034,1034
92527,925 27,48.25039,17.49419,48.24272,17.48739,48.25737,17.50510,1,623,623
92528,925 28,48.23105,17.57395,48.22257,17.56289,48.23836,17.58873,1,744,744
92532,925 32,48.24237,17.68863,48.23688,17.67882,48.24904,17.70252,1,1032,1032
92541,925 41,48.04585,17.83580,47.98180,17.78892,48.06583,17.87710,2,578,578
92542,925 42,48.01636,17.80468,48.00646,17.78797,48.02790,17.82046,1,1446,1446
92545,925 45,48.24857,17.62338,48.23871,17.61131,48.26654,17.64602,2,680,680
92551,925 51,48.28274,17.75732,48.27663,17.75028,48.28862,17.76883,1,737,737
92552,925 52,48.25350,17.81756,48.24012,17.80407,48.26455,17.82935,1,1648,1648
92553,925 53,48.27724,17.82360,48.26855,17.81244,48.28772,17.83606,1,1213,1213
92554,925 54,48.32679,17.82011,48.31045,17.80986,48.34475,17.83007,3,780,780
92555,925 55,48.31828,17.76016,48.29947,17.75112,48.33814,17.77717,1,738,738
92562,925 62,48.25010,17.78284,48.24242,17.77439,48.25607,17.79036,1,813,813
92563,925 63,48.26762,17.75086,48.26076,17.74070,48.27518,17.75970,1,759,759
92571,925 71,48.14818,17.92968,48.13841,17.91767,48.15599,17.93957,1,1059,1059
92572,925 72,48.09448,17.96429,48.08481,17.95347,48.10552,17.97535,1,936,936
92581,925 81,48.13480,17.84173,48.12731,17.82179,48.13982,17.85591,1,1104,1104
92582,925 82,48.10452,17.84833,48.09488,17.83416,48.11484,17.86128,1,1509,1509
92583,925 83,48.07256,17.88427,48.06577,17.86661,48.08483,17.89882,2,721,741
92584,925 84,48.03345,17.94808,48.01998,17.92759,48.04843,17.96151,1,1437,1437
92585,925 85,48.01994,17.96556,48.01240,17.95303,48.02705,17.97675,1,1204,1204
92591,925 91,48.16771,17.84488,48.15957,17.83476,48.17690,17.85781,1,907,907
92592,925 92,48.18084,17.79035,48.16654,17.77304,48.19001,17.79768,2,1073,1073
92601,926 01,48.29019,17.73410,48.27196,17.70941,48.30674,17.75855,1,4584,9168
92701,927 01,48.15119,17.87437,48.13784,17.85688,48.16643,17.89537,1,3819,7638
92705,927 05,48.16717,17.88251,48.13807,17.83324,48.18301,17.91540,2,1558,2670
92901,929 01,47.99543,17.62393,47.95714,17.57978,48.01629,17.67547,9,13286,21699
93001,930 01,48.01056,17.57696,48.00428,17.56710,48.01809,17.58897,1,917,917
93002,930 02,48.01628,17.53617,47.99994,17.51518,48.08630,17.66798,2,1198,1198
93003,930 03,47.97925,17.54813,47.95397,17.49153,48.00395,17.58823,3,2679,2679
93004,930 04,47.91017,17.51559,47.88971,17.49429,47.93969,17.54853,3,1603,1603
93005,930 05,47.89244,17.57865,47.87981,17.56005,47.90459,17.59635,1,2572,5144
93006,930 06,47.82997,17.61469,47.81787,17.59685,47.84500,17.63969,2,1032,1032
93007,930 07,47.79235,17.68786,47.77945,17.65466,47.81123,17.73058,2,771,771
93008,930 08,47.83072,17.68640,47.81306,17.66307,47.83926,17.71768,2,1186,1186
93010,930 10,47.93580,17.71387,47.92658,17.70280,47.94696,17.73060,2,1432,1432
93011,930 11,47.96714,17.78566,47.95697,17.77590,47.97720,17.80004,1,2274,2274
93012,930 12,47.99182,17.69964,47.98521,17.69143,47.99695,17.71273,1,1043,1043
93013,930 13,47.99436,17.74924,47.98225,17.73643,48.03112,17.81010,2,1856,1856
93014,930 14,47.96298,17.67709,47.94842,17.65393,47.97007,17.70241,2,970,970
93016,930 16,48.01834,17.58762,48.01287,17.57699,48.02472,17.59900,1,1079,1079
93021,930 21,48.04486,17.70300,48.02342,17.67139,48.06525,17.73644,4,1661,1683
93025,930 25,47.94058,17.60248,47.92717,17.59321,47.95023,17.62057,1,1870,1870
93028,930 28,47.89267,17.80772,47.87963,17.79498,47.90786,17.81747,1,2174,2174
93030,930 30,47.99798,17.40123,47.97474,17.36819,48.01985,17.42676,3,1214,1214
93031,930 31,47.96212,17.40315,47.89896,17.35221,47.99293,17.49441,5,2127,2127
93032,930 32,48.01171,17.42970,47.99498,17.39762,48.02679,17.45581,3,1375,1375
93033,930 33,47.94738,17.45492,47.94037,17.43627,47.95527,17.47319,1,982,982
93034,930 34,47.99048,17.47795,47.98259,17.45934,48.00039,17.49927,1,1560,1560
93035,930 35,48.02525,17.51484,48.01834,17.50158,48.04064,17.53499,1,518,518
93036,930 36,48.03904,17.49500,48.02841,17.47512,48.04587,17.51506,2,1711,1711
93037,930 37,48.05496,17.45339,48.04903,17.43822,48.06212,17.47053,1,1686,1686
93038,930 38,48.11423,17.46286,48.09784,17.43528,48.13155,17.48620,1,1361,1361
93039,930 39,48.11528,17.41840,48.07554,17.38148,48.14778,17.46608,5,3057,3057
93040,930 40,48.10366,17.35591,48.08325,17.31829,48.12217,17.38422,2,1424,1424
93041,930 41,48.06057,17.35449,48.04719,17.32750,48.07904,17.38473,3,3716,3716
93051,930 51,48.04157,17.40023,48.02859,17.37782,48.16879,17.41734,1,659,659
93052,930 52,48.08906,17.54473,48.07074,17.50222,48.10947,17.61458,4,988,988
93101,931 01,48.02652,17.31376,48.00798,17.29080,48.04682,17.33809,1,4744,9488
93201,932 01,47.85661,17.76867,47.84161,17.74174,47.86932,17.78958,1,5133,10266
93401,934 01,48.21361,18.61348,48.17915,18.56112,48.24015,18.67075,4,7669,14870
93405,934 05,48.20848,18.60958,48.20081,18.59682,48.21479,18.61919,1,1282,2564
93502,935 02,48.25192,18.73912,48.20749,18.71084,48.27407,18.79318,2,1035,1035
93503,935 03,48.28700,18.74715,48.25956,18.68896,48.31408,18.78176,3,1278,1278
93504,935 04,48.32388,18.70584,48.31789,18.68988,48.33258,18.71870,1,338,338
93505,935 05,48.35565,18.72897,48.32213,18.68323,48.41229,18.77535,3,1587,1587
93506,935 06,48.31887,18.77982,48.30561,18.73936,48.37128,18.83239,1,342,342
93521,935 21,48.28480,18.52742,48.26635,18.49289,48.29936,18.55148,3,1583,2485
93522,935 22,48.31796,18.52505,48.30891,18.50840,48.32478,18.53631,1,1032,1032
93523,935 23,48.29271,18.56126,48.28538,18.54971,48.30326,18.57477,1,984,984
93524,935 24,48.29341,18.60109,48.28464,18.58304,48.33778,18.62613,1,697,697
93525,935 25,48.28211,18.64355,48.26996,18.62807,48.30417,18.66811,1,727,727
93526,935 26,48.24483,18.53517,48.24009,18.52647,48.25247,18.54629,1,783,783
93527,935 27,48.25863,18.59993,48.24459,18.58218,48.27700,18.61106,2,765,765
93529,935 29,48.24148,18.57016,48.23500,18.56130,48.24697,18.58202,1,709,709
93531,935 31,48.18127,18.55882,48.16174,18.53703,48.21806,18.60154,3,732,732
93532,935 32,48.20217,18.51991,48.19251,18.50796,48.21307,18.53181,1,921,921
93533,935 33,48.24457,18.51880,48.23155,18.50260,48.25628,18.52656,1,485,485
93534,935 34,48.20852,18.45088,48.19839,18.42827,48.21805,18.46827,1,708,708
93535,935 35,48.17893,18.38708,48.16155,18.35641,48.20016,18.42373,3,458,458
93536,935 36,48.14215,18.40174,48.13671,18.39534,48.14828,18.41593,2,369,369
93537,935 37,48.13837,18.45990,48.11049,18.43198,48.16311,18.46740,2,654,654
93538,935 38,48.18362,18.46116,48.17805,18.45057,48.18938,18.47263,1,458,458
93541,935 41,48.10049,18.53862,48.09012,18.52627,48.11295,18.55437,3,1314,1314
93551,935 51,48.15567,18.54837,48.11738,18.50067,48.17267,18.59321,5,673,675
93552,935 52,48.10551,18.63402,48.09873,18.62446,48.11383,18.64320,1,510,510
93555,935 55,48.12237,18.70203,48.10917,18.69638,48.14244,18.73008,2,671,671
93556,935 56,48.16562,18.65755,48.14823,18.63511,48.18253,18.67086,2,706,706
93557,935 57,48.12608,18.62918,48.12259,18.62142,48.13283,18.63737,2,571,571
93561,935 61,48.00487,18.65730,47.99152,18.64505,48.01568,18.66475,1,670,670
93562,935 62,47.97482,18.65361,47.96399,18.64439,47.98822,18.66180,1,562,562
93563,935 63,47.95361,18.65097,47.94508,18.64630,47.96399,18.65628,1,550,550
93564,935 64,47.96858,18.56016,47.95882,18.53040,47.98571,18.57694,2,786,786
93565,935 65,47.96264,18.50865,47.95752,18.49259,47.97161,18.52380,1,886,886
93566,935 66,48.00149,18.50950,47.98704,18.49616,48.01227,18.52034,1,1097,1097
93567,935 67,48.03345,18.55387,48.01769,18.49933,48.06189,18.58710,2,605,605
93568,935 68,48.04011,18.47322,48.03119,18.46335,48.04624,18.48579,1,447,447
93569,935 69,48.07102,18.46532,48.06457,18.46043,48.07754,18.47510,1,322,322
93571,935 71,48.00337,18.70889,47.99773,18.70363,48.00811,18.71475,1,202,202
93574,935 74,47.97625,18.75335,47.95475,18.72506,48.00639,18.77874,2,410,410
93575,935 75,48.03712,18.79068,48.00580,18.75494,48.06356,18.82790,3,913,913
93577,935 77,48.05683,18.86744,48.05064,18.85907,48.06339,18.87535,1,345,345
93581,935 81,48.11232,18.94683,48.09625,18.92779,48.13855,18.97976,2,697,697
93582,935 82,48.16000,18.97910,48.15298,18.95995,48.17101,19.00034,2,1281,1281
93584,935 84,48.12849,18.88317,48.10519,18.82319,48.16200,18.93137,4,1155,1155
93585,935 85,48.11272,18.79122,48.08335,18.75481,48.13862,18.84770,3,913,913
93586,935 86,48.20743,18.80421,48.20136,18.80067,48.21288,18.80861,1,198,198
93587,935 87,48.16006,18.76763,48.14121,18.74722,48.18135,18.79182,3,821,821
93601,936 01,48.07245,18.94957,48.05778,18.89236,48.10848,19.02450,2,3247,6189
93701,937 01,48.05331,18.66567,47.95894,18.58500,48.09905,18.76066,5,3422,6083
94002,940 02,47.98863,18.16224,47.95754,18.11819,48.01614,18.19698,1,10191,20382
94101,941 01,48.04802,18.19057,48.04103,18.17340,48.05779,18.20574,1,1544,1544
94102,941 02,48.11173,18.17687,48.10037,18.16587,48.12541,18.19507,1,766,766
94103,941 03,48.10665,18.23813,48.09804,18.23105,48.11396,18.24668,1,886,886
94104,941 04,48.13548,18.23804,48.12947,18.23027,48.14196,18.24930,1,584,584
94105,941 05,48.15722,18.22549,48.14560,18.21057,48.17118,18.24620,1,626,626
94106,941 06,48.15470,18.17061,48.14402,18.15625,48.16542,18.18912,1,1699,1699
94107,941 07,48.18125,18.15432,48.16791,18.14101,48.19293,18.16468,1,1472,1472
94110,941 10,48.10498,18.05565,48.08352,17.97558,48.15004,18.09929,3,3533,3533
94111,941 11,48.04338,18.06990,48.02393,18.04621,48.05975,18.08657,1,2570,2570
94121,941 21,47.95044,18.02232,47.94393,18.01058,47.95773,18.03253,1,700,700
94122,941 22,47.98373,17.99559,47.97837,17.98509,47.99023,18.00878,1,1108,1108
94123,941 23,47.99473,18.10618,47.98821,18.09525,48.00394,18.11747,2,963,963
94131,941 31,47.99164,18.26759,47.97597,18.24431,48.00864,18.28007,2,3063,3063
94132,941 32,48.01477,18.35585,47.98570,18.32875,48.03873,18.37907,2,850,850
94133,941 33,48.01732,18.41453,48.00720,18.40512,48.02521,18.43003,1,637,637
94134,941 34,47.98800,18.39728,47.98045,18.38541,47.99538,18.40663,1,683,683
94135,941 35,47.95749,18.40970,47.94830,18.39845,47.96757,18.42175,2,878,878
94136,941 36,47.92899,18.40161,47.92050,18.39095,47.93500,18.41020,1,490,490
94137,941 37,47.90237,18.41692,47.89380,18.39684,47.91411,18.43421,1,1284,1284
94141,941 41,48.04432,18.26543,48.03500,18.25589,48.05224,18.27176,1,859,859
94142,941 42,48.06260,18.33643,48.05571,18.32407,48.06941,18.34564,1,836,836
94143,941 43,48.08030,18.25075,48.07226,18.23712,48.09155,18.25994,1,745,745
94144,941 44,48.10828,18.27252,48.07480,18.26007,48.13079,18.30913,2,754,754
94145,941 45,48.15081,18.28425,48.13593,18.25585,48.16767,18.30404,1,1095,1095
94146,941 46,48.13880,18.33625,48.12888,18.32079,48.14836,18.35052,1,826,826
94147,941 47,48.09332,18.30307,48.08983,18.29156,48.09800,18.31497,1,586,586
94148,941 48,48.10460,18.34230,48.09271,18.32971,48.11379,18.35688,1,891,891
94149,941 49,48.10931,18.42146,48.10080,18.41270,48.11721,18.42994,1,461,461
94150,941 50,48.07030,18.42075,48.04497,18.41116,48.08909,18.43900,1,457,457
94151,941 51,48.11484,18.38604,48.10899,18.37653,48.11890,18.39257,1,332,332
94162,941 62,48.17250,18.28038,48.16184,18.27152,48.18684,18.28662,2,745,745
94201,942 01,48.08897,18.18356,48.07067,18.16046,48.10351,18.20811,1,3305,6610
94301,943 01,47.79642,18.71437,47.78341,18.69305,47.80957,18.72729,2,3588,7175
94304,943 04,47.77923,18.64403,47.76899,18.63084,47.78658,18.65226,1,586,586
94342,943 42,47.85575,18.50629,47.84134,18.44440,47.89279,18.57190,3,2108,2108
94352,943 52,47.79343,18.60001,47.78838,18.59028,47.80354,18.61190,1,1211,1211
94353,943 53,47.83991,18.59733,47.81413,18.57706,47.85488,18.60320,2,494,494
94354,943 54,47.91094,18.49960,47.89853,18.48803,47.92237,18.51742,1,1625,1625
94355,943 55,47.92303,18.57886,47.91673,18.56999,47.92945,18.58736,1,418,418
94356,943 56,47.91889,18.63991,47.91043,18.62988,47.92838,18.64532,1,786,786
94357,943 57,47.88680,18.64868,47.79851,18.63594,47.89760,18.71794,1,915,915
94358,943 58,47.85111,18.65785,47.84215,18.64732,47.85767,18.66736,1,725,725
94359,943 59,47.92877,18.68515,47.89874,18.67100,47.94087,18.69526,2,424,424
94360,943 60,47.81656,18.69006,47.79958,18.63763,47.83210,18.70544,1,807,807
94361,943 61,47.89721,18.74836,47.86801,18.70614,47.94786,18.76161,2,986,986
94365,943 65,47.85094,18.76208,47.81946,18.66416,47.86697,18.83929,5,2319,2319
94501,945 01,47.76869,18.12051,47.75095,18.08074,47.79732,18.16289,3,7815,15310
94504,945 04,47.76429,18.04842,47.75954,18.03362,47.77219,18.06357,1,1175,2350
94505,945 05,47.76012,18.12030,47.75452,18.10906,47.76562,18.13310,1,698,1396
94601,946 01,47.81772,18.03955,47.80958,18.02439,47.82590,18.04886,1,990,990
94602,946 02,47.81869,17.98598,47.81132,17.97325,47.82975,17.99811,1,701,701
94603,946 03,47.91539,17.99370,47.89899,17.96255,47.93621,18.02925,2,5053,9747
94612,946 12,47.77122,17.97446,47.76092,17.96403,47.77825,17.98514,1,1269,1269
94613,946 13,47.80218,17.91865,47.79355,17.90189,47.80732,17.93295,1,905,905
94614,946 14,47.81483,17.86690,47.78985,17.84658,47.90517,17.92225,4,1777,1777
94615,946 15,47.80440,17.83667,47.80094,17.82826,47.80871,17.84358,1,548,548
94616,946 16,47.82673,17.82062,47.81846,17.80916,47.83900,17.83449,2,659,659
94617,946 17,47.85529,17.82705,47.84402,17.81587,47.86707,17.83482,2,1299,1299
94619,946 19,47.76837,17.78559,47.74448,17.72891,47.81790,17.83652,3,1670,1670
94621,946 21,47.75799,17.88188,47.74609,17.86400,47.77649,17.90813,1,714,714
94631,946 31,47.80642,18.23146,47.79740,18.21562,47.81383,18.24727,1,1201,1201
94632,946 32,47.78899,18.28331,47.77178,18.26315,47.80789,18.30384,3,2520,2520
94633,946 33,47.82390,18.35125,47.81725,18.34318,47.83258,18.36063,1,760,760
94634,946 34,47.82971,18.41314,47.82259,18.39036,47.84424,18.43055,1,1974,1974
94635,946 35,47.80742,18.44687,47.79989,18.43471,47.81351,18.45877,1,906,906
94636,946 36,47.76378,18.48187,47.75605,18.47023,47.77138,18.49139,1,455,455
94637,946 37,47.76104,18.40739,47.75507,18.39456,47.76855,18.42097,1,910,910
94638,946 38,47.74948,18.35190,47.74398,18.30707,47.76625,18.38988,2,1055,1055
94639,946 39,47.74943,18.25160,47.73816,18.20601,47.79930,18.31966,2,1534,1534
94651,946 51,47.92700,18.12624,47.91488,18.10985,47.94353,18.14513,1,2794,5588
94652,946 52,47.90329,18.14291,47.89453,18.13033,47.91223,18.15683,1,1063,1063
94654,946 54,47.92224,18.20967,47.91703,18.20539,47.92864,18.21414,2,391,394
94655,946 55,47.90042,18.31394,47.88979,18.30013,47.91233,18.32923,1,1750,1750
94656,946 56,47.86912,18.27175,47.86103,18.25973,47.87480,18.28372,1,878,878
94657,946 57,47.84413,18.25983,47.83150,18.24107,47.85184,18.27785,1,1976,1976
94701,947 01,47.86696,18.17967,47.80675,18.10709,47.90777,18.32749,2,3658,6877
94703,947 03,47.88751,18.20416,47.88086,18.19243,47.89457,18.21830,1,967,1934
94901,949 01,48.31537,18.08343,48.27176,18.01926,48.35852,18.14770,3,13718,27393
94905,949 05,48.27607,18.09460,48.25884,18.08159,48.28914,18.11525,1,1489,2978
94907,949 07,48.28804,18.13674,48.27795,18.12715,48.29709,18.15040,1,1004,2008
94911,949 11,48.30190,18.05350,48.29340,18.03645,48.31347,18.07237,1,1283,2566
95101,951 01,48.33821,18.13777,48.31693,18.11406,48.35470,18.16784,2,1850,1850
95102,951 02,48.32709,18.18918,48.29213,18.15085,48.35099,18.21624,3,1203,1203
95103,951 03,48.32558,18.23999,48.31665,18.23316,48.33603,18.24913,2,459,459
95104,951 04,48.29637,18.18297,48.28329,18.16820,48.30977,18.19438,2,1470,1470
95105,951 05,48.22159,18.19634,48.21109,18.18197,48.24250,18.23560,2,1037,1037
95106,951 06,48.18717,18.20680,48.17616,18.19819,48.19819,18.21715,1,700,700
95107,951 07,48.24980,18.16625,48.23363,18.15324,48.26405,18.19392,2,752,752
95108,951 08,48.26957,18.19077,48.26250,18.18047,48.27694,18.20272,1,786,786
95112,951 12,48.24168,18.11900,48.22697,18.09916,48.25442,18.13697,1,1249,1249
95113,951 13,48.21401,18.14239,48.20265,18.12649,48.22410,18.15137,1,865,865
95115,951 15,48.19743,18.05606,48.15558,17.99279,48.21761,18.11885,4,2063,2063
95116,951 16,48.22608,18.05474,48.21615,18.04694,48.23439,18.06554,1,614,614
95117,951 17,48.24519,18.02223,48.23603,18.01026,48.25784,18.03828,1,1774,1774
95121,951 21,48.36822,17.89484,48.36233,17.88218,48.37629,17.90964,1,836,836
95122,951 22,48.36293,17.94764,48.34998,17.93319,48.37165,17.95958,1,687,687
95123,951 23,48.39527,17.93772,48.38713,17.92835,48.40156,17.94758,1,478,478
95124,951 24,48.41554,17.97978,48.39086,17.94258,48.44038,18.00675,4,1163,1163
95125,951 25,48.44550,18.02531,48.43739,18.01938,48.45598,18.03367,1,312,312
95126,951 26,48.42264,18.02198,48.41669,18.01842,48.42844,18.02627,1,252,252
95131,951 31,48.22734,17.93047,48.21135,17.91647,48.23730,17.95354,1,1682,1682
95132,951 32,48.24388,17.91557,48.23630,17.90617,48.24947,17.92435,1,742,742
95133,951 33,48.25454,17.86749,48.24700,17.86020,48.25929,17.87556,1,581,581
95134,951 34,48.30894,17.86986,48.29879,17.85484,48.31533,17.88334,1,556,556
95135,951 35,48.30750,17.94004,48.29532,17.92288,48.31967,17.95283,1,1578,1578
95136,951 36,48.31287,17.99071,48.30468,17.97718,48.32098,18.00221,1,870,870
95137,951 37,48.32969,17.87043,48.32226,17.86288,48.33624,17.87576,1,401,401
95141,951 41,48.34243,18.02804,48.32162,18.00861,48.35945,18.05315,2,1700,1714
95142,951 42,48.36819,18.01451,48.35904,18.00230,48.37783,18.02753,1,984,984
95143,951 43,48.37918,18.05251,48.36680,18.02275,48.38837,18.06681,2,906,906
95144,951 44,48.40826,18.08207,48.39786,18.07465,48.41838,18.08843,2,913,913
95145,951 45,48.42329,18.13652,48.41732,18.11587,48.42697,18.16326,2,716,716
95146,951 46,48.38286,18.11553,48.37115,18.09922,48.39991,18.13534,2,706,706
95148,951 48,48.27747,17.95994,48.27313,17.94414,48.28353,17.97558,1,860,860
95151,951 51,48.29077,18.32434,48.28206,18.31712,48.29726,18.33204,1,625,625
95152,951 52,48.31145,18.34472,48.30103,18.32722,48.32019,18.36205,2,635,635
95153,951 53,48.27986,18.25206,48.26870,18.23053,48.29305,18.27211,2,729,729
95154,951 54,48.29761,18.28434,48.28398,18.28169,48.30680,18.29830,2,353,353
95161,951 61,48.23173,18.38632,48.21978,18.36932,48.23682,18.39864,2,496,496
95162,951 62,48.28661,18.37747,48.28058,18.37031,48.29286,18.38325,1,324,324
95171,951 71,48.39892,18.32228,48.37047,18.28792,48.42230,18.33854,2,1112,1112
95172,951 72,48.36780,18.27384,48.36279,18.26931,48.37479,18.28024,1,286,286
95173,951 73,48.37900,18.22522,48.37024,18.21326,48.39051,18.24139,1,882,882
95174,951 74,48.37740,18.17516,48.37062,18.16435,48.38321,18.18517,1,587,587
95175,951 75,48.34046,18.29335,48.32385,18.27279,48.34803,18.30852,1,835,835
95176,951 76,48.34275,18.35439,48.32332,18.31936,48.36274,18.38562,2,919,919
95177,951 77,48.40220,18.25597,48.37610,18.22354,48.43649,18.28200,2,671,671
95178,951 78,48.35992,18.19568,48.34939,18.18515,48.36476,18.20843,1,671,671
95181,951 81,48.30651,18.44697,48.30304,18.43666,48.31292,18.45603,1,359,359
95182,951 82,48.31113,18.39896,48.29817,18.38101,48.33106,18.41831,3,548,548
95185,951 85,48.50322,18.42134,48.49810,18.41535,48.50995,18.43015,1,487,487
95187,951 87,48.33918,18.45638,48.33423,18.44871,48.34654,18.46467,1,421,421
95188,951 88,48.21240,18.28390,48.19733,18.25500,48.22640,18.29218,1,546,546
95191,951 91,48.42892,18.33004,48.40968,18.31040,48.46853,18.36834,3,714,714
95192,951 92,48.44729,18.37500,48.43745,18.35891,48.45496,18.39533,2,522,522
95193,951 93,48.41671,18.41622,48.39938,18.39197,48.43229,18.43730,2,1713,1713
95194,951 94,48.45273,18.43744,48.44430,18.43179,48.46154,18.44838,1,498,498
95195,951 95,48.42810,18.45572,48.42136,18.44650,48.43397,18.46585,1,690,690
95196,951 96,48.47403,18.49938,48.46251,18.47020,48.50758,18.53571,1,707,707
95197,951 97,48.39932,18.41964,48.39475,18.40704,48.40537,18.43335,1,779,779
95201,952 01,48.24531,18.30536,48.21989,18.26536,48.27236,18.33825,4,3735,6766
95301,953 01,48.38357,18.38955,48.36346,18.35893,48.40470,18.41827,5,4489,8368
95305,953 05,48.35270,18.41797,48.34391,18.41315,48.36229,18.42351,2,619,829
95501,955 01,48.57047,18.15329,48.51515,18.00999,48.69671,18.25587,8,7632,12474
95503,955 03,48.55270,18.17467,48.54983,18.17016,48.55617,18.17995,1,196,392
95601,956 01,48.57391,18.05362,48.54869,18.00489,48.59804,18.07907,4,1485,1485
95602,956 02,48.53473,18.09683,48.52696,18.08991,48.54121,18.10565,1,543,543
95603,956 03,48.53362,18.04251,48.52115,17.99758,48.54336,18.06533,3,632,632
95605,956 05,48.54751,17.94802,48.52422,17.91619,48.56185,17.97623,3,1576,1576
95606,956 06,48.52302,17.89911,48.50711,17.87971,48.53892,17.92228,4,587,587
95607,956 07,48.49867,17.98097,48.45671,17.96234,48.52755,18.01929,4,1470,1470
95608,956 08,48.48728,18.03727,48.46513,18.00589,48.50678,18.06529,2,847,847
95611,956 11,48.49361,18.11675,48.48079,18.10359,48.50625,18.12620,3,1174,1174
95612,956 12,48.45646,18.09870,48.44470,18.08955,48.47318,18.11070,3,1093,1093
95613,956 13,48.43477,18.09450,48.42373,18.08471,48.44548,18.10224,2,770,770
95614,956 14,48.46892,18.15053,48.45860,18.13786,48.47509,18.17106,2,682,682
95615,956 15,48.49511,18.15616,48.48799,18.14996,48.50112,18.16496,1,624,624
95616,956 16,48.51669,18.17250,48.50828,18.16247,48.52893,18.18214,2,650,650
95617,956 17,48.53737,18.19935,48.52773,18.18886,48.54498,18.21296,1,1036,1036
95618,956 18,48.58020,18.24906,48.56903,18.23806,48.59042,18.26196,2,1156,1157
95619,956 19,48.54262,18.25260,48.53732,18.24473,48.54950,18.26100,1,563,563
95621,956 21,48.58773,18.11043,48.56840,18.06531,48.62021,18.14293,3,1413,1413
95622,956 22,48.65202,18.10757,48.61471,18.07717,48.68194,18.14436,3,1857,1857
95631,956 31,48.59380,18.20918,48.57454,18.18090,48.60887,18.22789,2,996,996
95632,956 32,48.62530,18.24370,48.60773,18.21353,48.65262,18.25598,4,685,685
95633,956 33,48.60915,18.27267,48.60124,18.25943,48.61896,18.28535,2,1044,1045
95634,956 34,48.64741,18.27620,48.64249,18.26984,48.65359,18.28406,1,320,320
95635,956 35,48.67682,18.30941,48.66261,18.28873,48.68998,18.32205,3,493,493
95636,956 36,48.67081,18.25247,48.64981,18.21289,48.67904,18.28233,3,870,870
95637,956 37,48.70905,18.12585,48.69490,18.09135,48.72946,18.14453,3,608,608
95638,956 38,48.65730,18.17541,48.61631,18.14173,48.69457,18.21030,7,1028,1028
95641,956 41,48.76582,18.34231,48.69693,18.28423,48.83428,18.42393,6,1689,1689
95652,956 52,48.78551,18.24255,48.76029,18.22995,48.81495,18.26013,2,703,703
95653,956 53,48.83976,18.26333,48.81956,18.22328,48.87031,18.33554,6,1151,1151
95654,956 54,48.73977,18.16659,48.72734,18.13664,48.76705,18.20026,3,768,768
95655,956 55,48.70504,18.21461,48.68993,18.18719,48.72690,18.23125,4,748,748
95701,957 01,48.71696,18.26249,48.62430,18.22472,48.74025,18.38630,6,2685,4760
95703,957 03,48.76430,18.22247,48.73208,18.17829,48.78701,18.30475,5,1144,1336
95704,957 04,48.73023,18.25227,48.72661,18.24427,48.73362,18.25733,1,182,364
95801,958 01,48.62530,18.37515,48.61338,18.34888,48.63718,18.40139,3,1982,3961
95803,958 03,48.63289,18.40137,48.60787,18.35681,48.65440,18.44323,5,2011,2855
95804,958 04,48.63169,18.35283,48.62108,18.33762,48.63912,18.36993,1,968,1936
95806,958 06,48.62120,18.39447,48.61952,18.38747,48.62538,18.39936,2,328,656
95841,958 41,48.60101,18.43806,48.58344,18.40932,48.61837,18.46660,4,1416,1419
95842,958 42,48.60848,18.34234,48.60188,18.33236,48.61691,18.35342,1,423,423
95843,958 43,48.59488,18.30014,48.58811,18.28998,48.59862,18.31301,2,444,444
95844,958 44,48.56358,18.30933,48.55587,18.29407,48.56877,18.32446,2,784,784
95845,958 45,48.55299,18.36265,48.53925,18.34065,48.56215,18.38004,2,738,738
95852,958 52,48.62331,18.30062,48.61766,18.29018,48.62888,18.30753,1,657,657
95853,958 53,48.66261,18.37823,48.65626,18.36825,48.66764,18.38531,1,513,513
95854,958 54,48.68386,18.37465,48.67715,18.36666,48.69240,18.38182,1,376,376
96001,960 01,48.57425,19.13844,48.54917,19.09385,48.59767,19.18428,3,10390,20728
96201,962 01,48.56341,19.26243,48.55309,19.25001,48.56939,19.27456,1,1475,1475
96202,962 02,48.55509,19.29337,48.54259,19.27873,48.56448,19.31442,1,608,608
96204,962 04,48.53558,19.46179,48.51634,19.42837,48.56213,19.50331,2,1475,1475
96205,962 05,48.57641,19.51633,48.54309,19.45637,48.62116,19.59287,2,4382,8068
96212,962 12,48.54782,19.40156,48.48616,19.30131,48.62529,19.46390,6,7085,11837
96221,962 21,48.58310,19.19371,48.56951,19.16079,48.60967,19.24640,2,876,1142
96223,962 23,48.60143,19.29057,48.59357,19.27275,48.61104,19.31256,1,1010,1010
96225,962 25,48.49012,19.31954,48.46097,19.24258,48.51720,19.37224,5,1465,1465
96231,962 31,48.62370,19.13875,48.60283,19.02474,48.67646,19.21588,4,2853,4483
96233,962 33,48.57438,19.06762,48.56708,19.05785,48.58097,19.07509,1,691,691
96234,962 34,48.60669,19.03173,48.57182,18.99871,48.63915,19.08532,3,913,913
96237,962 37,48.60244,19.10152,48.59510,19.08988,48.61025,19.10787,2,849,883
96241,962 41,48.32346,19.10489,48.29122,19.03979,48.37190,19.16947,7,1421,1421
96243,962 43,48.35604,19.19208,48.33623,19.14810,48.38947,19.22808,2,679,679
96244,962 44,48.29890,19.17809,48.26983,19.13575,48.32802,19.21135,3,592,592
96251,962 51,48.25974,19.07247,48.21884,19.02678,48.29078,19.11546,5,763,763
96252,962 52,48.25340,19.17211,48.22522,19.13651,48.28203,19.21673,1,326,326
96255,962 55,48.20019,18.97100,48.18744,18.95007,48.21267,18.99061,1,478,478
96261,962 61,48.47745,19.09326,48.41280,19.01384,48.53235,19.15896,8,2118,2118
96262,962 62,48.43532,19.13545,48.39305,19.11143,48.48341,19.19293,2,564,564
96263,962 63,48.42721,19.16849,48.36272,19.14275,48.48408,19.34202,2,1610,1610
96265,962 65,48.28451,18.98659,48.23125,18.90301,48.34105,19.04839,6,1738,1738
96266,962 66,48.27874,18.94912,48.24705,18.91188,48.30212,18.96121,1,703,703
96268,962 68,48.19965,18.91856,48.17499,18.88137,48.24992,18.95159,3,1072,1072
96271,962 71,48.17916,18.86680,48.15996,18.81068,48.23125,18.90385,5,1549,2279
96275,962 75,48.43263,19.34830,48.38712,19.30742,48.46622,19.38779,1,354,354
96301,963 01,48.35872,19.06047,48.31716,18.96207,48.43760,19.12465,2,3530,6934
96501,965 01,48.58754,18.86034,48.56501,18.82897,48.60502,18.89494,3,2947,4981
96601,966 01,48.53792,18.77690,48.51275,18.72910,48.55634,18.82387,5,2157,2157
96602,966 02,48.50465,18.80129,48.49438,18.77710,48.51669,18.82191,2,821,821
96603,966 03,48.52143,18.85610,48.50708,18.82528,48.54061,18.88381,2,564,564
96604,966 04,48.59310,18.71819,48.55810,18.67482,48.62505,18.75488,2,644,644
96611,966 11,48.58772,18.96132,48.56152,18.90712,48.62910,19.01172,4,1356,1356
96615,966 15,48.48055,18.94532,48.46348,18.91211,48.52284,19.01027,3,719,757
96621,966 21,48.56922,18.80647,48.55754,18.78303,48.57662,18.82349,2,445,445
96622,966 22,48.62423,18.83854,48.60370,18.79472,48.69896,18.85466,2,1083,1083
96623,966 23,48.61747,18.78868,48.61042,18.77806,48.62801,18.79989,1,688,688
96624,966 24,48.65324,18.78693,48.64234,18.75386,48.67751,18.81301,2,662,662
96641,966 41,48.45838,18.56130,48.44288,18.54914,48.46896,18.58213,1,641,641
96642,966 42,48.49840,18.56948,48.48233,18.54310,48.51684,18.59593,1,631,631
96651,966 51,48.42608,18.68689,48.41671,18.66946,48.43607,18.70002,1,345,345
96652,966 52,48.38521,18.61388,48.37357,18.59577,48.39328,18.62442,2,899,899
96653,966 53,48.34677,18.55846,48.33203,18.54442,48.35512,18.57177,1,942,942
96654,966 54,48.35569,18.52946,48.34883,18.51785,48.36124,18.53648,1,451,451
96661,966 61,48.45282,18.77954,48.42706,18.73428,48.47536,18.85566,1,848,848
96663,966 63,48.46044,18.81415,48.44665,18.78742,48.47738,18.84259,1,428,428
96671,966 71,48.50869,18.65152,48.47587,18.61676,48.53638,18.68663,2,860,860
96674,966 74,48.54498,18.56057,48.51954,18.50403,48.57655,18.58695,1,310,310
96677,966 77,48.56982,18.65344,48.55199,18.63561,48.59351,18.67878,2,522,522
96678,966 78,48.53606,18.67035,48.52359,18.65545,48.55302,18.69968,1,325,325
96681,966 81,48.48498,18.70813,48.43924,18.57702,48.56802,18.77407,7,2715,4907
96701,967 01,48.68903,18.91608,48.62669,18.82382,48.75976,19.01374,12,3235,4371
96801,968 01,48.42792,18.63470,48.39428,18.57834,48.46632,18.66924,4,4238,7884
96901,969 01,48.43729,18.89624,48.31657,18.75697,48.50640,19.00195,9,5824,9988
96972,969 72,48.41846,18.93902,48.40004,18.92026,48.43383,18.94886,1,688,688
96973,969 73,48.36012,18.92361,48.35026,18.91655,48.36877,18.92975,1,364,364
96981,969 81,48.43970,18.86725,48.43137,18.85203,48.44967,18.88210,1,707,707
96982,969 82,48.50489,18.92170,48.49482,18.90184,48.56353,18.97304,2,371,371
97101,971 01,48.77265,18.62436,48.74155,18.58649,48.79566,18.67522,5,10205,19417
97201,972 01,48.78468,18.58429,48.76916,18.55948,48.80113,18.60127,2,2194,4193
97202,972 02,48.76478,18.56848,48.73848,18.53004,48.78014,18.57705,2,800,800
97205,972 05,48.72984,18.62444,48.72282,18.61501,48.73690,18.63286,1,619,619
97211,972 11,48.82281,18.61385,48.81158,18.58873,48.83425,18.62998,2,1266,1266
97212,972 12,48.81877,18.64709,48.81046,18.63760,48.82798,18.65807,1,825,825
97213,972 13,48.86711,18.63133,48.84889,18.60493,48.88351,18.66420,3,1827,1827
97214,972 14,48.89574,18.61482,48.88249,18.60171,48.90901,18.62740,1,567,567
97215,972 15,48.90984,18.65619,48.89200,18.62644,48.92878,18.66633,1,491,491
97216,972 16,48.84906,18.64570,48.83584,18.63476,48.86148,18.65474,2,707,707
97217,972 17,48.81606,18.58530,48.80821,18.57693,48.82223,18.59481,1,897,897
97221,972 21,48.73230,18.46832,48.72386,18.45771,48.73915,18.47656,1,519,519
97222,972 22,48.70537,18.44396,48.69498,18.42697,48.71876,18.46099,2,837,837
97223,972 23,48.70401,18.39899,48.69947,18.39025,48.70881,18.40993,1,494,494
97224,972 24,48.74856,18.49698,48.74133,18.48729,48.75388,18.50591,1,671,671
97225,972 25,48.76890,18.49304,48.75402,18.47763,48.78480,18.50731,1,795,795
97226,972 26,48.80490,18.47912,48.78722,18.45172,48.82398,18.51421,5,1846,1846
97227,972 27,48.83202,18.48119,48.81993,18.47213,48.84684,18.48936,2,642,642
97228,972 28,48.89086,18.39524,48.87107,18.34350,48.92295,18.44523,2,1524,1525
97229,972 29,48.88243,18.48511,48.86455,18.45916,48.90097,18.50832,2,616,616
97231,972 31,48.77016,18.75346,48.75702,18.73495,48.77797,18.76764,3,919,1037
97232,972 32,48.77750,18.72167,48.76801,18.70466,48.78753,18.73608,2,755,755
97241,972 41,48.73669,18.60278,48.73238,18.59613,48.73905,18.60831,1,313,313
97242,972 42,48.69388,18.61022,48.65122,18.58629,48.71274,18.65713,2,1525,1525
97243,972 43,48.68411,18.52662,48.67546,18.51496,48.69522,18.54034,1,810,810
97244,972 44,48.67205,18.54996,48.66194,18.53874,48.68038,18.55983,1,791,791
97245,972 45,48.65909,18.51447,48.61867,18.46882,48.67427,18.59061,1,806,806
97246,972 46,48.64433,18.48632,48.63534,18.47995,48.65102,18.49651,1,783,783
97247,972 47,48.63038,18.47145,48.62050,18.45747,48.63872,18.48471,1,1023,1023
97248,972 48,48.60100,18.49619,48.57373,18.47328,48.61758,18.51705,2,840,840
97251,972 51,48.72375,18.75633,48.66660,18.72545,48.78103,18.81076,2,2761,5363
97271,972 71,48.71812,18.53919,48.70518,18.52298,48.72940,18.55652,1,1672,3344
97401,974 01,48.74035,19.15099,48.70648,19.08212,48.77962,19.22498,10,9753,17460
97404,974 04,48.73026,19.12024,48.72080,19.10135,48.73946,19.13527,1,1177,2354
97405,974 05,48.71482,19.12954,48.67482,19.06756,48.75031,19.17118,4,4957,9176
97409,974 09,48.74089,19.10565,48.73481,19.09068,48.74706,19.12157,1,1049,2098
97411,974 11,48.75581,19.16076,48.74694,19.14826,48.76686,19.17251,1,1444,2888
97602,976 02,48.84600,19.11651,48.80720,19.07355,48.87674,19.18267,3,708,708
97603,976 03,48.80667,19.05791,48.79405,19.01226,48.87845,19.08113,2,204,204
97611,976 11,48.76956,19.21106,48.75379,19.17506,48.79823,19.24277,3,1332,1332
97613,976 13,48.78049,19.27196,48.74715,19.21923,48.85049,19.30111,3,1811,1811
97631,976 31,48.66157,19.15260,48.64657,19.14354,48.68272,19.18955,2,863,863
97632,976 32,48.66623,19.12021,48.65824,19.10441,48.67436,19.13563,1,969,969
97633,976 33,48.70321,19.28676,48.67557,19.25709,48.72635,19.33988,3,975,975
97634,976 34,48.75398,19.04218,48.72735,19.01305,48.78430,19.08780,5,1308,1332
97637,976 37,48.65556,19.31257,48.64932,19.30288,48.66049,19.32118,1,498,498
97639,976 39,48.87619,19.22683,48.86125,19.20044,48.88333,19.24499,1,800,800
97644,976 44,48.85494,19.63290,48.84527,19.60224,48.87576,19.65340,1,600,600
97645,976 45,48.78325,19.55748,48.68371,19.49338,48.80490,19.59144,2,1070,1070
97646,976 46,48.81154,19.57386,48.80426,19.56609,48.81622,19.58890,2,544,545
97652,976 52,48.74327,19.66589,48.70358,19.61299,48.77144,19.72692,1,2068,2068
97653,976 53,48.64765,19.65155,48.62105,19.60606,48.66929,19.69088,4,657,788
97655,976 55,48.73687,19.37514,48.71451,19.32432,48.75972,19.41811,3,1169,1169
97656,976 56,48.75604,19.79966,48.74938,19.78948,48.76174,19.81066,1,642,642
97657,976 57,48.76303,19.78112,48.75596,19.76587,48.77351,19.79242,2,505,514
97661,976 61,48.78692,19.31905,48.77516,19.29790,48.81463,19.34773,2,526,526
97662,976 62,48.79301,19.38481,48.78815,19.37219,48.80103,19.39663,2,831,831
97663,976 63,48.81481,19.46113,48.80866,19.45551,48.82050,19.46801,1,444,444
97664,976 64,48.83346,19.76133,48.80833,19.70783,48.87614,19.81886,3,1427,1427
97666,976 66,48.85380,19.85393,48.84260,19.84378,48.86330,19.86860,1,1278,1278
97667,976 67,48.85075,19.91431,48.84467,19.90047,48.85606,19.92761,1,809,809
97668,976 68,48.86328,19.97019,48.85737,19.95619,48.87218,19.98105,1,1016,1016
97669,976 69,48.86204,20.01727,48.84536,20.00198,48.87846,20.03472,2,1119,1119
97671,976 71,48.83954,20.13013,48.83506,20.11850,48.84564,20.14274,1,758,758
97673,976 73,48.85157,20.18697,48.84511,20.17928,48.85769,20.19696,1,553,553
97675,976 75,48.83436,19.46016,48.82385,19.44994,48.84684,19.46426,2,597,597
97681,976 81,48.81434,19.54830,48.78024,19.49531,48.85716,19.59828,3,2442,2442
97696,976 96,48.79413,19.35461,48.79059,19.34662,48.79870,19.36124,1,533,533
97697,976 97,48.81542,19.42192,48.79995,19.39738,48.82914,19.45026,2,956,956
97698,976 98,48.82687,19.50139,48.80925,19.48942,48.85448,19.52108,3,849,849
97701,977 01,48.81159,19.64711,48.75687,19.58853,48.93267,19.77432,3,4356,8251
97703,977 03,48.78544,19.63989,48.76945,19.62565,48.80008,19.65599,1,766,1532
97901,979 01,48.38292,20.01739,48.33259,19.89538,48.43140,20.11378,6,7800,14863
98001,980 01,48.34000,20.07126,48.32219,20.02496,48.37574,20.13397,4,769,769
98002,980 02,48.29979,20.06321,48.26245,19.97936,48.31769,20.09384,4,1354,1354
98003,980 03,48.27097,20.11362,48.26290,20.10220,48.27780,20.11828,2,287,287
98004,980 04,48.23986,20.06244,48.21624,20.01934,48.25117,20.08777,3,556,556
98011,980 11,48.37901,19.89751,48.36044,19.84774,48.40082,19.95783,1,605,605
98012,980 12,48.40810,19.87556,48.40158,19.86445,48.41470,19.89228,2,659,659
98013,980 13,48.43723,19.86296,48.42771,19.82698,48.50562,19.88345,2,364,364
98021,980 21,48.38054,20.17292,48.35888,20.14775,48.39733,20.20432,6,606,606
98022,980 22,48.44105,20.12292,48.39529,20.10322,48.47587,20.19164,2,723,723
98023,980 23,48.48164,20.08944,48.43471,20.06231,48.53221,20.13537,9,746,746
98025,980 25,48.51820,20.04908,48.49096,20.02542,48.53524,20.05343,1,132,132
98026,980 26,48.48690,20.01030,48.45566,19.96764,48.52049,20.05269,5,415,415
98031,980 31,48.30065,19.97894,48.29010,19.91992,48.34132,20.02296,3,553,553
98032,980 32,48.28302,19.94869,48.25824,19.89308,48.30442,19.95850,2,411,411
98033,980 33,48.22554,19.94208,48.19745,19.90951,48.24873,19.98792,2,780,780
98034,980 34,48.16677,19.94176,48.14913,19.92288,48.18419,19.98011,5,940,940
98035,980 35,48.19486,19.99776,48.17699,19.96928,48.20427,20.06164,3,490,490
98041,980 41,48.29742,20.15668,48.28608,20.13614,48.31677,20.17747,3,341,341
98042,980 42,48.30664,20.22603,48.27646,20.18072,48.34625,20.24607,9,1241,1241
98043,980 43,48.31314,20.28068,48.30745,20.27300,48.31642,20.28551,1,233,233
98044,980 44,48.31531,20.31857,48.27823,20.29525,48.34277,20.35558,4,685,685
98045,980 45,48.34240,20.33663,48.32258,20.31860,48.37679,20.38956,5,680,680
98046,980 46,48.47542,20.34948,48.46702,20.33459,48.49119,20.36561,2,506,506
98050,980 50,48.38597,20.31446,48.34800,20.27729,48.40151,20.37183,4,589,589
98051,980 51,48.43450,19.96865,48.42163,19.96238,48.44033,19.97731,1,243,243
98052,980 52,48.46441,19.95242,48.44704,19.91615,48.48600,19.97345,5,709,709
98053,980 53,48.50837,19.93683,48.49620,19.89995,48.53735,19.95779,3,498,498
98054,980 54,48.54052,19.96836,48.52898,19.95351,48.55808,20.01357,2,261,261
98055,980 55,48.59654,19.88923,48.59161,19.87716,48.60578,19.90282,1,1225,1225
98061,980 61,48.68023,19.93938,48.64590,19.85053,48.76218,19.99724,1,1560,3120
98101,981 01,48.58018,19.95281,48.55672,19.89646,48.63200,20.01788,1,1771,3542
98201,982 01,48.42365,20.32235,48.40326,20.29069,48.45029,20.36040,3,2244,4151
98251,982 51,48.39628,20.25518,48.36215,20.22789,48.42301,20.28500,3,339,339
98252,982 52,48.43771,20.20963,48.39235,20.17877,48.46135,20.24259,4,381,381
98262,982 62,48.49402,20.24844,48.43908,20.17079,48.54636,20.28583,10,992,992
98265,982 65,48.58335,20.09625,48.53378,20.08247,48.60560,20.15388,5,466,466
98266,982 66,48.64542,20.05539,48.62716,20.02687,48.68019,20.06607,2,368,368
98267,982 67,48.58077,20.05054,48.55009,20.01548,48.62464,20.07029,6,325,348
98401,984 01,48.33020,19.66579,48.30935,19.63098,48.35521,19.70688,6,6789,12906
98403,984 03,48.33378,19.64862,48.32747,19.63896,48.34030,19.66303,1,1609,3218
98501,985 01,48.39172,19.70290,48.36538,19.64827,48.41319,19.77558,2,1231,1231
98502,985 02,48.42345,19.73178,48.40053,19.70182,48.43984,19.75720,2,441,441
98503,985 03,48.48683,19.80526,48.45458,19.74123,48.55053,19.82766,2,344,344
98505,985 05,48.57561,19.81808,48.54027,19.72184,48.61118,19.88112,1,1551,1551
98506,985 06,48.61190,19.79318,48.59445,19.74947,48.63076,19.82317,2,405,405
98507,985 07,48.58017,19.74675,48.55273,19.73344,48.59774,19.79339,3,263,263
98511,985 11,48.35287,19.56836,48.32584,19.51648,48.37453,19.61943,7,1648,1648
98512,985 12,48.45205,19.48044,48.39683,19.42272,48.50048,19.53764,2,481,481
98513,985 13,48.40864,19.43720,48.36538,19.37146,48.46799,19.49913,3,558,558
98522,985 22,48.44596,19.64835,48.41087,19.61147,48.47685,19.67154,2,910,910
98524,985 24,48.46335,19.70609,48.44636,19.65350,48.48177,19.74497,3,339,339
98525,985 25,48.47810,19.74372,48.46250,19.70258,48.51250,19.78100,3,618,618
98526,985 26,48.49828,19.68203,48.49261,19.67260,48.50618,19.69173,2,562,562
98531,985 31,48.25843,19.69535,48.20654,19.63794,48.29689,19.76106,6,1429,1429
98532,985 32,48.27395,19.62988,48.23954,19.56380,48.30072,19.66796,4,991,991
98541,985 41,48.30396,19.81641,48.29456,19.77903,48.33415,19.83157,3,500,500
98542,985 42,48.34618,19.84420,48.31098,19.82120,48.38080,19.90366,4,678,678
98545,985 45,48.58392,19.64347,48.53109,19.58264,48.61561,19.69823,2,953,953
98551,985 51,48.52002,19.47322,48.48996,19.42775,48.54800,19.51460,2,585,585
98552,985 52,48.44552,19.53837,48.42763,19.51525,48.46423,19.56656,2,1413,1413
98553,985 53,48.47952,19.55787,48.46309,19.47663,48.54417,19.60080,4,1266,1266
98554,985 54,48.43274,19.59418,48.39652,19.57194,48.46785,19.62182,2,1004,1004
98556,985 56,48.37260,19.62116,48.36377,19.61285,48.38270,19.63025,2,805,805
98557,985 57,48.31146,19.75433,48.29941,19.72197,48.32133,19.77902,2,302,302
98558,985 58,48.21325,19.82742,48.16927,19.78524,48.22657,19.88190,3,1247,1247
98559,985 59,48.35831,19.65439,48.35125,19.64760,48.36533,19.66616,1,682,682
98601,986 01,48.26645,19.82848,48.22554,19.75050,48.30554,19.90289,8,4187,6595
98701,987 01,48.42941,19.79288,48.41792,19.77564,48.44054,19.80842,2,1973,3869
99001,990 01,48.21089,19.35011,48.19308,19.32728,48.22449,19.37644,4,2858,5320
99101,991 01,48.31374,19.39763,48.29351,19.38400,48.38353,19.41429,4,298,298
99102,991 02,48.25192,19.48980,48.21988,19.43370,48.27891,19.54904,5,1116,1116
99103,991 03,48.25514,19.39807,48.21382,19.34541,48.31501,19.47506,5,1019,1019
99105,991 05,48.16242,19.35325,48.15331,19.32864,48.18041,19.37050,4,728,728
99106,991 06,48.11718,19.36467,48.08634,19.31867,48.13853,19.43622,5,1794,1794
99107,991 07,48.10715,19.27739,48.08792,19.23525,48.13276,19.30337,2,554,554
99108,991 08,48.09165,19.24779,48.08273,19.21579,48.12024,19.25420,3,464,464
99109,991 09,48.07435,19.20538,48.06388,19.19748,48.09018,19.25081,2,405,405
99110,991 10,48.07902,19.07804,48.05890,19.01885,48.12330,19.09402,4,959,959
99111,991 11,48.07614,19.14169,48.07485,19.11344,48.09159,19.18745,2,581,581
99121,991 21,48.29137,19.48063,48.27755,19.45776,48.29514,19.50189,3,290,290
99122,991 22,48.16850,19.46761,48.11585,19.39252,48.23195,19.53407,7,1424,1424
99123,991 23,48.19649,19.45847,48.17306,19.44439,48.21886,19.49601,1,321,321
99124,991 24,48.21859,19.29931,48.18666,19.24384,48.26122,19.33297,3,856,856
99125,991 25,48.18541,19.22898,48.15971,19.17247,48.21945,19.27995,4,1359,1359
99126,991 26,48.14484,19.26236,48.13174,19.24337,48.15134,19.27922,2,782,782
99127,991 27,48.14862,19.18637,48.13227,19.15699,48.16709,19.20365,5,770,770
99128,991 28,48.11634,19.12362,48.08613,19.08537,48.14378,19.16059,2,1764,1764
99135,991 35,48.31755,19.23105,48.28546,19.21026,48.34815,19.27408,2,511,511
99141,991 41,48.18740,19.13814,48.18005,19.07145,48.21752,19.17051,1,266,266
99142,991 42,48.16378,19.08974,48.14389,19.05758,48.19653,19.11712,1,558,558
99201,992 01,48.24034,19.33445,48.23056,19.31933,48.24994,19.34860,2,921,1837
