postal_code,postal_code_formatted,municipality_code,municipality_name,municipality_name_ascii,city_name,district_code,district_name,region_code,region_name,latitude,longitude,address_points,weight,applies_to
01001,010 01,SK031B517402,Žilina,Zilina,,SK031B,Žilina,SK031,Žilinský,49.21630,18.74316,6385,12770,
01001,010 01,SK031B517801,Mojš,Mojs,,SK031B,Žilina,SK031,Žilinský,49.20160,18.82170,529,529,
01003,010 03,SK031B517402,Žilina,Zilina,,SK031B,Žilina,SK031,Žilinský,49.23925,18.74130,2029,4058,
01004,010 04,SK031B517402,Žilina,Zilina,,SK031B,Žilina,SK031,Žilinský,49.20914,18.72032,1814,3628,
01004,010 04,SK031B517577,Hôrky,Horky,,SK031B,Žilina,SK031,Žilinský,49.20621,18.69086,376,376,
01004,010 04,SK031B547522,Bitarová,Bitarova,,SK031B,Žilina,SK031,Žilinský,49.20821,18.67288,322,322,
01004,010 04,SK031B547557,Brezany,Brezany,,SK031B,Žilina,SK031,Žilinský,49.18944,18.67282,224,224,
01004,010 04,SK031B547611,Ovčiarsko,Ovciarsko,,SK031B,Žilina,SK031,Žilinský,49.22426,18.66336,266,266,
01007,010 07,SK031B517402,Žilina,Zilina,,SK031B,Žilina,SK031,Žilinský,49.19744,18.74067,404,808,
01008,010 08,SK031B517402,Žilina,Zilina,,SK031B,Žilina,SK031,Žilinský,49.20960,18.76329,681,1362,
01009,010 09,SK031B517402,Žilina,Zilina,,SK031B,Žilina,SK031,Žilinský,49.18601,18.73346,847,1694,
01014,010 14,SK031B517402,Žilina,Zilina,,SK031B,Žilina,SK031,Žilinský,49.25662,18.75150,761,1522,
01015,010 15,SK031B517402,Žilina,Zilina,,SK031B,Žilina,SK031,Žilinský,49.21260,18.71150,328,656,
01301,013 01,SK031B518034,Teplička nad Váhom,Teplicka nad Vahom,,SK031B,Žilina,SK031,Žilinský,49.22474,18.79334,1453,1453,
01302,013 02,SK031B517551,Gbeľany,Gbelany,,SK031B,Žilina,SK031,Žilinský,49.21425,18.84638,538,538,
01302,013 02,SK031B517704,Kotrčiná Lúčka,Kotrcina Lucka,,SK031B,Žilina,SK031,Žilinský,49.25081,18.83787,264,264,
01302,013 02,SK031B517828,Nededza,Nededza,,SK031B,Žilina,SK031,Žilinský,49.22128,18.83653,304,304,
01303,013 03,SK031B517712,Krasňany,Krasnany,,SK031B,Žilina,SK031,Žilinský,49.21267,18.88764,502,502,
01303,013 03,SK031B518069,Varín,Varin,,SK031B,Žilina,SK031,Žilinský,49.20191,18.87147,1454,1454,
01304,013 04,SK031B517518,Dolná Tižina,Dolna Tizina,,SK031B,Žilina,SK031,Žilinský,49.21574,18.91709,510,510,"1-360, 362, 364-395, 397-401, 403-482, 484-554"
01304,013 04,SK031B517976,Stráža,Straza,,SK031B,Žilina,SK031,Žilinský,49.22547,18.90859,239,239,
01305,013 05,SK031B517429,Belá,Bela,,SK031B,Žilina,SK031,Žilinský,49.24310,18.95696,1293,1293,
01305,013 05,SK031B517518,Dolná Tižina,Dolna Tizina,,SK031B,Žilina,SK031,Žilinský,49.21478,18.95626,5,5,"361, 363, 396, 402, 483"
01305,013 05,SK031B517763,Lutiše,Lutise,,SK031B,Žilina,SK031,Žilinský,49.29010,18.95724,392,392,
01305,013 05,SK031B517771,Lysica,Lysica,,SK031B,Žilina,SK031,Žilinský,49.24379,18.91875,408,408,
01306,013 06,SK031B517429,Belá,Bela,,SK031B,Žilina,SK031,Žilinský,49.24883,18.99789,14,14,
01306,013 06,SK031B518042,Terchová,Terchova,,SK031B,Žilina,SK031,Žilinský,49.26524,19.03974,2180,2180,
01311,013 11,SK031B517755,Lietavská Svinná-Babkov,Lietavska Svinna-Babkov,,SK031B,Žilina,SK031,Žilinský,49.15325,18.66605,632,632,
01311,013 11,SK031B557935,Lietavská Lúčka,Lietavska Lucka,,SK031B,Žilina,SK031,Žilinský,49.17551,18.72122,910,910,
01311,013 11,SK031B557960,Porúbka,Porubka,,SK031B,Žilina,SK031,Žilinský,49.15537,18.72528,217,217,
01312,013 12,SK031B518051,Turie,Turie,,SK031B,Žilina,SK031,Žilinský,49.14856,18.75082,755,755,
01313,013 13,SK031B517682,Konská,Konska,,SK031B,Žilina,SK031,Žilinský,49.11614,18.67855,554,554,
01313,013 13,SK031B517721,Kunerad,Kunerad,,SK031B,Žilina,SK031,Žilinský,49.09971,18.70981,399,399,
01313,013 13,SK031B517933,Rajecké Teplice,Rajecke Teplice,,SK031B,Žilina,SK031,Žilinský,49.12815,18.68984,1330,2660,
01313,013 13,SK031B517968,Stránske,Stranske,,SK031B,Žilina,SK031,Žilinský,49.11648,18.70795,487,487,
01314,013 14,SK031B517658,Kamenná Poruba,Kamenna Poruba,,SK031B,Žilina,SK031,Žilinský,49.09115,18.68675,585,585,
01315,013 15,SK031B517470,Čičmany,Cicmany,,SK031B,Žilina,SK031,Žilinský,48.95530,18.51615,329,329,
01315,013 15,SK031B517542,Fačkov,Fackov,,SK031B,Žilina,SK031,Žilinský,49.01034,18.60059,423,423,
01315,013 15,SK031B517925,Rajecká Lesná,Rajecka Lesna,,SK031B,Žilina,SK031,Žilinský,49.04282,18.63931,658,658,
01318,013 18,SK031B517739,Lietava,Lietava,,SK031B,Žilina,SK031,Žilinský,49.16956,18.67969,619,619,
01318,013 18,SK031B517879,Podhorie,Podhorie,,SK031B,Žilina,SK031,Žilinský,49.17284,18.64511,401,401,
01319,013 19,SK031B517640,Jasenové,Jasenove,,SK031B,Žilina,SK031,Žilinský,49.11043,18.63672,232,232,
01319,013 19,SK031B518131,Zbyňov,Zbynov,,SK031B,Žilina,SK031,Žilinský,49.11982,18.64832,329,329,
01319,013 19,SK031B557994,Kľače,Klace,,SK031B,Žilina,SK031,Žilinský,49.10687,18.64647,154,154,
01322,013 22,SK031B517941,Rosina,Rosina,,SK031B,Žilina,SK031,Žilinský,49.18192,18.76802,1218,1218,
01323,013 23,SK031B518093,Višňové,Visnove,,SK031B,Žilina,SK031,Žilinský,49.16216,18.78347,1033,1033,
01324,013 24,SK031B517984,Strečno,Strecno,,SK031B,Žilina,SK031,Žilinský,49.18762,18.86313,869,869,
01324,013 24,SK031B558168,Nezbudská Lúčka,Nezbudska Lucka,,SK031B,Žilina,SK031,Žilinský,49.17691,18.86636,206,206,
01325,013 25,SK031B517950,Stráňavy,Stranavy,,SK031B,Žilina,SK031,Žilinský,49.17344,18.82057,574,574,
01325,013 25,SK031B517984,Strečno,Strecno,,SK031B,Žilina,SK031,Žilinský,49.19052,18.83613,9,9,
01331,013 31,SK031B517488,Divina,Divina,,SK031B,Žilina,SK031,Žilinský,49.28916,18.69269,803,803,
01331,013 31,SK031B517496,Divinka,Divinka,,SK031B,Žilina,SK031,Žilinský,49.25779,18.70381,342,342,
01332,013 32,SK031B517500,Dlhé Pole,Dlhe Pole,,SK031B,Žilina,SK031,Žilinský,49.30775,18.63118,1160,1160,
01332,013 32,SK031B518000,Svederník,Svedernik,,SK031B,Žilina,SK031,Žilinský,49.26465,18.64647,776,776,
01341,013 41,SK031B517526,Dolný Hričov,Dolny Hricov,,SK031B,Žilina,SK031,Žilinský,49.23023,18.63443,567,567,
01341,013 41,SK031B547590,Hričovské Podhradie,Hricovske Podhradie,,SK031B,Žilina,SK031,Žilinský,49.22119,18.62168,137,137,
01341,013 41,SK031B547620,Paština Závada,Pastina Zavada,,SK031B,Žilina,SK031,Žilinský,49.21137,18.63824,82,82,
01342,013 42,SK031B517593,Horný Hričov,Horny Hricov,,SK031B,Žilina,SK031,Žilinský,49.25593,18.66097,494,494,
01351,013 51,SK0311517798,Maršová-Rašov,Marsova-Rasov,,SK0311,Bytča,SK031,Žilinský,49.18148,18.51393,355,355,
01351,013 51,SK0311517895,Predmier,Predmier,,SK0311,Bytča,SK031,Žilinský,49.19791,18.53290,519,519,
01352,013 52,SK0311517631,Jablonové,Jablonove,,SK0311,Bytča,SK031,Žilinský,49.18343,18.56334,317,317,
01352,013 52,SK0311517992,Súľov-Hradná,Sulov-Hradna,,SK0311,Bytča,SK031,Žilinský,49.15515,18.58983,535,535,
01353,013 53,SK0311517861,Petrovice,Petrovice,,SK0311,Bytča,SK031,Žilinský,49.25814,18.51849,665,665,
01354,013 54,SK0311517674,Kolárovice,Kolarovice,,SK0311,Bytča,SK031,Žilinský,49.28116,18.53050,997,997,
01354,013 54,SK0311518085,Veľké Rovné,Velke Rovne,,SK0311,Bytča,SK031,Žilinský,49.34121,18.51524,1,1,1410
01355,013 55,SK0311518018,Štiavnik,Stiavnik,,SK0311,Bytča,SK031,Žilinský,49.24468,18.46414,1511,1511,
01356,013 56,SK0311517623,Hvozdnica,Hvozdnica,,SK0311,Bytča,SK031,Žilinský,49.21127,18.48714,419,419,
01361,013 61,SK0311517691,Kotešová,Kotesova,,SK0311,Bytča,SK031,Žilinský,49.24138,18.59898,959,959,
01362,013 62,SK0311518085,Veľké Rovné,Velke Rovne,,SK0311,Bytča,SK031,Žilinský,49.31073,18.57167,1728,1728,"1-1409, 1411-1895"
01401,014 01,SK0311517461,Bytča,Bytca,,SK0311,Bytča,SK031,Žilinský,49.22448,18.56014,3765,7530,
01401,014 01,SK0311581984,Hlboké nad Váhom,Hlboke nad Vahom,,SK0311,Bytča,SK031,Žilinský,49.21131,18.59049,343,343,
01501,015 01,SK031B517780,Malá Čierna,Mala Cierna,,SK031B,Žilina,SK031,Žilinský,49.10309,18.59787,143,143,
01501,015 01,SK031B517917,Rajec,Rajec,,SK031B,Žilina,SK031,Žilinský,49.08648,18.63741,1497,2994,
01501,015 01,SK031B518077,Veľká Čierna,Velka Cierna,,SK031B,Žilina,SK031,Žilinský,49.09070,18.58962,150,150,
01501,015 01,SK031B557986,Ďurčiná,Durcina,,SK031B,Žilina,SK031,Žilinský,49.06345,18.65326,404,404,
01501,015 01,SK031B581712,Šuja,Suja,,SK031B,Žilina,SK031,Žilinský,49.06998,18.62934,145,145,
01701,017 01,SK0226512842,Považská Bystrica,Povazska Bystrica,,SK0226,Považská Bystrica,SK022,Trenčiansky,49.10929,18.44990,4639,9278,
01701,017 01,SK0226518913,Sverepec,Sverepec,,SK0226,Považská Bystrica,SK022,Trenčiansky,49.08073,18.40652,560,560,
01701,017 01,SK0229505820,Trenčín,Trencin,,SK0229,Trenčín,SK022,Trenčiansky,48.88989,18.03521,5,10,
01704,017 04,SK0226512842,Považská Bystrica,Povazska Bystrica,,SK0226,Považská Bystrica,SK022,Trenčiansky,49.15349,18.45935,1009,2018,
01705,017 05,SK0226512842,Považská Bystrica,Povazska Bystrica,,SK0226,Považská Bystrica,SK022,Trenčiansky,49.14260,18.47403,688,1376,
01705,017 05,SK0226513245,Kostolec,Kostolec,,SK0226,Považská Bystrica,SK022,Trenčiansky,49.12942,18.53435,110,110,
01705,017 05,SK0226513784,Vrchteplá,Vrchtepla,,SK0226,Považská Bystrica,SK022,Trenčiansky,49.12986,18.56304,154,154,
01705,017 05,SK0226513822,Záskalie,Zaskalie,,SK0226,Považská Bystrica,SK022,Trenčiansky,49.13747,18.51667,123,123,
01705,017 05,SK0229505820,Trenčín,Trencin,,SK0229,Trenčín,SK022,Trenčiansky,48.89679,18.00559,2,4,
01706,017 06,SK0226512842,Považská Bystrica,Povazska Bystrica,,SK0226,Považská Bystrica,SK022,Trenčiansky,49.13734,18.39086,375,750,
01706,017 06,SK0227514420,Valaská Belá,Valaska Bela,,SK0227,Prievidza,SK022,Trenčiansky,48.90995,18.48693,1,1,2006
01707,017 07,SK0226512842,Považská Bystrica,Povazska Bystrica,,SK0226,Považská Bystrica,SK022,Trenčiansky,49.09731,18.46803,703,1406,
01707,017 07,SK0229505820,Trenčín,Trencin,,SK0229,Trenčín,SK022,Trenčiansky,48.89593,18.03181,1,2,
01801,018 01,SK0226513741,Udiča,Udica,,SK0226,Považská Bystrica,SK022,Trenčiansky,49.16805,18.40000,1091,1091,
01802,018 02,SK0226512966,Dolná Mariková,Dolna Marikova,,SK0226,Považská Bystrica,SK022,Trenčiansky,49.20727,18.35744,799,799,
01802,018 02,SK0226557510,Hatné,Hatne,,SK0226,Považská Bystrica,SK022,Trenčiansky,49.18938,18.38079,220,220,
01802,018 02,SK0226557552,Klieština,Kliestina,,SK0226,Považská Bystrica,SK022,Trenčiansky,49.18269,18.35580,181,181,
01803,018 03,SK0226513083,Horná Mariková,Horna Marikova,,SK0226,Považská Bystrica,SK022,Trenčiansky,49.25151,18.30864,912,912,
01812,018 12,SK0226512915,Brvnište,Brvniste,,SK0226,Považská Bystrica,SK022,Trenčiansky,49.21386,18.42550,618,618,
01812,018 12,SK0226513687,Stupné,Stupne,,SK0226,Považská Bystrica,SK022,Trenčiansky,49.19396,18.43917,319,319,
01813,018 13,SK0226513466,Papradno,Papradno,,SK0226,Považská Bystrica,SK022,Trenčiansky,49.24144,18.39703,2110,2110,
01815,018 15,SK0226513563,Prečín,Precin,,SK0226,Považská Bystrica,SK022,Trenčiansky,49.08107,18.51632,598,598,
01815,018 15,SK0226557633,Bodiná,Bodina,,SK0226,Považská Bystrica,SK022,Trenčiansky,49.10819,18.56153,226,226,
01815,018 15,SK0226558222,Počarová,Pocarova,,SK0226,Považská Bystrica,SK022,Trenčiansky,49.06911,18.51252,78,78,
01816,018 16,SK0226513008,Domaniža,Domaniza,,SK0226,Považská Bystrica,SK022,Trenčiansky,49.04480,18.55562,580,580,
01816,018 16,SK0226557561,Čelkova Lehota,Celkova Lehota,,SK0226,Považská Bystrica,SK022,Trenčiansky,49.01698,18.52634,67,67,
01816,018 16,SK0226557579,Malé Lednice,Male Lednice,,SK0226,Považská Bystrica,SK022,Trenčiansky,49.06864,18.57268,231,231,
01816,018 16,SK0226557595,Sádočné,Sadocne,,SK0226,Považská Bystrica,SK022,Trenčiansky,49.01830,18.54520,80,80,
01817,018 17,SK0226513172,Jasenica,Jasenica,,SK0226,Považská Bystrica,SK022,Trenčiansky,49.17890,18.45089,460,460,
01821,018 21,SK0226546640,Dolný Lieskov,Dolny Lieskov,,SK0226,Považská Bystrica,SK022,Trenčiansky,49.05477,18.41744,235,235,"Dolný Lieskov, Tŕstie (153)"
01821,018 21,SK0226557480,Slopná,Slopna,,SK0226,Považská Bystrica,SK022,Trenčiansky,49.05016,18.40655,218,218,
01821,018 21,SK0226580856,Horný Lieskov,Horny Lieskov,,SK0226,Považská Bystrica,SK022,Trenčiansky,49.06337,18.43082,235,235,
01822,018 22,SK0226513601,Pružina,Pruzina,,SK0226,Považská Bystrica,SK022,Trenčiansky,49.01467,18.47671,1163,1163,
01822,018 22,SK0226546640,Dolný Lieskov,Dolny Lieskov,,SK0226,Považská Bystrica,SK022,Trenčiansky,49.03933,18.43873,152,152,"Tŕstie (1-151, 155-1171)"
01822,018 22,SK0226557609,Ďurďové,Durdove,,SK0226,Považská Bystrica,SK022,Trenčiansky,49.02722,18.49866,93,93,
01822,018 22,SK0226580864,Podskalie,Podskalie,,SK0226,Považská Bystrica,SK022,Trenčiansky,49.04383,18.45577,134,134,
01826,018 26,SK0226513474,Plevník-Drienové,Plevnik-Drienove,,SK0226,Považská Bystrica,SK022,Trenčiansky,49.16844,18.49705,618,618,
01831,018 31,SK0222513351,Košecké Podhradie,Kosecke Podhradie,,SK0222,Ilava,SK022,Trenčiansky,48.97740,18.31118,626,626,
01832,018 32,SK0222513865,Zliechov,Zliechov,,SK0222,Ilava,SK022,Trenčiansky,48.95156,18.42640,551,551,
01835,018 35,SK0222513091,Horná Poruba,Horna Poruba,,SK0222,Ilava,SK022,Trenčiansky,48.94239,18.30408,471,471,
01841,018 41,SK0222513016,Dubnica nad Váhom,Dubnica nad Vahom,,SK0222,Ilava,SK022,Trenčiansky,48.95827,18.16997,4336,8672,
01851,018 51,SK0222513440,Nová Dubnica,Nova Dubnica,,SK0222,Ilava,SK022,Trenčiansky,48.93681,18.14660,3168,6336,
01852,018 52,SK0222513024,Dulov,Dulov,,SK0222,Ilava,SK022,Trenčiansky,49.03754,18.25092,344,344,
01852,018 52,SK0222513598,Pruské,Pruske,,SK0222,Ilava,SK022,Trenčiansky,49.02547,18.21465,917,917,
01852,018 52,SK0222557617,Krivoklát,Krivoklat,,SK0222,Ilava,SK022,Trenčiansky,49.04501,18.16384,139,139,
01852,018 52,SK0222557625,Vršatské Podhradie,Vrsatske Podhradie,,SK0222,Ilava,SK022,Trenčiansky,49.06528,18.15436,103,103,
01852,018 52,SK0222582301,Bohunice,Bohunice,,SK0222,Ilava,SK022,Trenčiansky,49.01925,18.19831,320,320,
01853,018 53,SK0222512885,Bolešov,Bolesov,,SK0222,Ilava,SK022,Trenčiansky,48.98731,18.15462,576,576,
01853,018 53,SK0222557391,Borčice,Borcice,,SK0222,Ilava,SK022,Trenčiansky,48.97818,18.13655,348,348,
01854,018 54,SK0222557404,Kameničany,Kamenicany,,SK0222,Ilava,SK022,Trenčiansky,48.99194,18.17006,254,254,
01854,018 54,SK0222557412,Sedmerovec,Sedmerovec,,SK0222,Ilava,SK022,Trenčiansky,49.01361,18.17494,166,166,
01854,018 54,SK0222557421,Slavnica,Slavnica,,SK0222,Ilava,SK022,Trenčiansky,49.00164,18.17660,300,300,
01855,018 55,SK0222513725,Tuchyňa,Tuchyna,,SK0222,Ilava,SK022,Trenčiansky,49.04047,18.21930,329,329,
01856,018 56,SK0222512931,Červený Kameň,Cerveny Kamen,,SK0222,Ilava,SK022,Trenčiansky,49.08823,18.18048,361,361,
01857,018 57,SK0222513385,Mikušovce,Mikusovce,,SK0222,Ilava,SK022,Trenčiansky,49.06363,18.20627,364,364,
01861,018 61,SK0228512851,Beluša,Belusa,,SK0228,Púchov,SK022,Trenčiansky,49.05796,18.32640,2575,2575,
01861,018 61,SK0228513776,Visolaje,Visolaje,,SK0228,Púchov,SK022,Trenčiansky,49.06767,18.36345,428,428,
01863,018 63,SK0222513296,Ladce,Ladce,,SK0222,Ilava,SK022,Trenčiansky,49.03503,18.28797,1030,1030,
01864,018 64,SK0222513253,Košeca,Koseca,,SK0222,Ilava,SK022,Trenčiansky,49.00736,18.26055,1126,1126,
01901,019 01,SK0222513156,Ilava,Ilava,,SK0222,Ilava,SK022,Trenčiansky,48.99408,18.23313,2341,4682,
02001,020 01,SK0228513610,Púchov,Puchov,,SK0228,Púchov,SK022,Trenčiansky,49.12287,18.32417,4298,8596,
02001,020 01,SK0228557439,Dolné Kočkovce,Dolne Kockovce,,SK0228,Púchov,SK022,Trenčiansky,49.09491,18.32569,448,448,
02001,020 01,SK0228557471,Streženice,Strezenice,,SK0228,Púchov,SK022,Trenčiansky,49.10941,18.30240,528,528,
02051,020 51,SK0228512940,Dohňany,Dohnany,,SK0228,Púchov,SK022,Trenčiansky,49.15767,18.28466,989,989,
02052,020 52,SK0228513377,Mestečko,Mestecko,,SK0228,Púchov,SK022,Trenčiansky,49.17464,18.26028,228,228,
02052,020 52,SK0228513814,Záriečie,Zariecie,,SK0228,Púchov,SK022,Trenčiansky,49.17965,18.24912,326,326,
02053,020 53,SK0228513334,Lúky,Luky,,SK0228,Púchov,SK022,Trenčiansky,49.19145,18.22466,448,448,
02053,020 53,SK0228557498,Vydrná,Vydrna,,SK0228,Púchov,SK022,Trenčiansky,49.20451,18.25205,205,205,
02054,020 54,SK0228513342,Lysá pod Makytou,Lysa pod Makytou,,SK0228,Púchov,SK022,Trenčiansky,49.19604,18.17855,1016,1016,
02055,020 55,SK0228513300,Lazy pod Makytou,Lazy pod Makytou,,SK0228,Púchov,SK022,Trenčiansky,49.23706,18.21740,1224,1224,
02061,020 61,SK0228512958,Dolná Breznica,Dolna Breznica,,SK0228,Púchov,SK022,Trenčiansky,49.07999,18.26167,463,463,
02061,020 61,SK0228513326,Lednické Rovne,Lednicke Rovne,,SK0228,Púchov,SK022,Trenčiansky,49.06981,18.28670,1541,1541,
02061,020 61,SK0228557692,Horná Breznica,Horna Breznica,,SK0228,Púchov,SK022,Trenčiansky,49.11023,18.25067,236,236,
02062,020 62,SK0228513121,Horovce,Horovce,,SK0228,Púchov,SK022,Trenčiansky,49.04576,18.25747,393,393,
02062,020 62,SK0228557501,Kvašov,Kvasov,,SK0228,Púchov,SK022,Trenčiansky,49.07007,18.22721,257,257,
02063,020 63,SK0228513318,Lednica,Lednica,,SK0228,Púchov,SK022,Trenčiansky,49.10741,18.21460,447,447,
02064,020 64,SK0228500348,Zubák,Zubak,,SK0228,Púchov,SK022,Trenčiansky,49.14950,18.21001,453,453,
02071,020 71,SK0228557447,Nimnica,Nimnica,,SK0228,Púchov,SK022,Trenčiansky,49.14056,18.35591,418,418,
02072,020 72,SK0228513407,Mojtín,Mojtin,,SK0228,Púchov,SK022,Trenčiansky,48.98480,18.40572,466,466,
02201,022 01,SK0312509132,Čadca,Cadca,,SK0312,Čadca,SK031,Žilinský,49.44000,18.78814,4856,9712,
02201,022 01,SK0312509400,Raková,Rakova,,SK0312,Čadca,SK031,Žilinský,49.48084,18.72860,22,22,"619, 637, 1059, 1406, 1409-1423, 1461, 1601, 1614"
02201,022 01,SK0312509523,Zákopčie,Zakopcie,,SK0312,Čadca,SK031,Žilinský,49.40424,18.78401,15,15,"595, 744-746, 756, 796, 801, 819, 847, 848, 850, 890, 998, 1020, 1022"
02204,022 04,SK0312509132,Čadca,Cadca,,SK0312,Čadca,SK031,Žilinský,49.43236,18.77111,581,1162,
02204,022 04,SK0312509400,Raková,Rakova,,SK0312,Čadca,SK031,Žilinský,49.42041,18.76139,3,3,"388, 664, 696"
02301,023 01,SK0312509345,Oščadnica,Oscadnica,,SK0312,Čadca,SK031,Žilinský,49.43630,18.88660,2191,2191,
02302,023 02,SK0312509183,Dunajov,Dunajov,,SK0312,Čadca,SK031,Žilinský,49.36222,18.82036,386,386,
02302,023 02,SK0312509248,Krásno nad Kysucou,Krasno nad Kysucou,,SK0312,Čadca,SK031,Žilinský,49.39253,18.84048,2329,4658,
02303,023 03,SK0312509531,Zborov nad Bystricou,Zborov nad Bystricou,,SK0312,Čadca,SK031,Žilinský,49.38092,18.88576,803,803,
02304,023 04,SK0312509221,Klubina,Klubina,,SK0312,Čadca,SK031,Žilinský,49.35563,18.89453,236,236,
02304,023 04,SK0312509396,Radôstka,Radostka,,SK0312,Čadca,SK031,Žilinský,49.32260,18.93988,344,344,
02304,023 04,SK0312509477,Stará Bystrica,Stara Bystrica,,SK0312,Čadca,SK031,Žilinský,49.34655,18.93277,1086,1086,
02305,023 05,SK0312509311,Nová Bystrica,Nova Bystrica,,SK0312,Čadca,SK031,Žilinský,49.35238,19.01710,1255,1255,
02311,023 11,SK0312509523,Zákopčie,Zakopcie,,SK0312,Čadca,SK031,Žilinský,49.39862,18.71680,996,996,other
02312,023 12,SK0312509493,Svrčinovec,Svrcinovec,,SK0312,Čadca,SK031,Žilinský,49.48027,18.79336,1077,1077,
02313,023 13,SK0312509159,Čierne,Cierne,,SK0312,Čadca,SK031,Žilinský,49.50044,18.83405,1375,1375,
02314,023 14,SK0312509451,Skalité,Skalite,,SK0312,Čadca,SK031,Žilinský,49.49718,18.91245,1685,1685,
02321,023 21,SK0312509230,Korňa,Korna,,SK0312,Čadca,SK031,Žilinský,49.41618,18.55183,996,996,
02322,023 22,SK0312509213,Klokočov,Klokocov,,SK0312,Čadca,SK031,Žilinský,49.46295,18.58143,1322,1322,other
02331,023 31,SK0314509426,Rudina,Rudina,,SK0314,Kysucké Nové Mesto,SK031,Žilinský,49.28500,18.74632,611,611,
02331,023 31,SK0314509434,Rudinka,Rudinka,,SK0314,Kysucké Nové Mesto,SK031,Žilinský,49.27248,18.74892,195,195,
02331,023 31,SK0314509442,Rudinská,Rudinska,,SK0314,Kysucké Nové Mesto,SK031,Žilinský,49.31217,18.72002,401,401,
02332,023 32,SK0314509256,Kysucké Nové Mesto,Kysucke Nove Mesto,,SK0314,Kysucké Nové Mesto,SK031,Žilinský,49.27793,18.76838,179,358,
02332,023 32,SK0314509469,Snežnica,Sneznica,,SK0314,Kysucké Nové Mesto,SK031,Žilinský,49.26330,18.78792,425,425,
02333,023 33,SK0314509370,Povina,Povina,,SK0314,Kysucké Nové Mesto,SK031,Žilinský,49.31051,18.81746,576,576,
02334,023 34,SK0314509264,Kysucký Lieskovec,Kysucky Lieskovec,,SK0314,Kysucké Nové Mesto,SK031,Žilinský,49.33901,18.81579,833,833,
02334,023 34,SK0314509272,Lodno,Lodno,,SK0314,Kysucké Nové Mesto,SK031,Žilinský,49.33539,18.86193,320,320,
02335,023 35,SK0314509329,Ochodnica,Ochodnica,,SK0314,Kysucké Nové Mesto,SK031,Žilinský,49.34999,18.78773,837,837,
02336,023 36,SK0314509256,Kysucké Nové Mesto,Kysucke Nove Mesto,,SK0314,Kysucké Nové Mesto,SK031,Žilinský,49.30021,18.79777,458,916,
02336,023 36,SK0314509281,Lopušné Pažite,Lopusne Pazite,,SK0314,Kysucké Nové Mesto,SK031,Žilinský,49.27844,18.83075,166,166,
02336,023 36,SK0314580791,Radoľa,Radola,,SK0314,Kysucké Nové Mesto,SK031,Žilinský,49.29200,18.79216,674,674,
02341,023 41,SK0314509302,Nesluša,Neslusa,,SK0314,Kysucké Nové Mesto,SK031,Žilinský,49.31565,18.74349,1320,1320,
02345,023 45,SK0314509175,Dolný Vadičov,Dolny Vadicov,,SK0314,Kysucké Nové Mesto,SK031,Žilinský,49.26947,18.84748,277,277,
02345,023 45,SK0314509205,Horný Vadičov,Horny Vadicov,,SK0314,Kysucké Nové Mesto,SK031,Žilinský,49.26752,18.88358,765,765,
02351,023 51,SK0312509400,Raková,Rakova,,SK0312,Čadca,SK031,Žilinský,49.44214,18.73054,1983,1983,other
02352,023 52,SK0312509213,Klokočov,Klokocov,,SK0312,Čadca,SK031,Žilinský,49.46648,18.63848,37,37,"400, 712, 730, 732, 734, 735, 744, 745, 750, 759, 776, 785, 823, 908, 922, 949, 970, 982, 995, 1013-1015, 1017, 1021, 1040, 1042, 1053, 1059, 1100, 1103, 1109, 1116, 1130, 1135, 1139, 1154, 1365"
02352,023 52,SK0312509337,Olešná,Olesna,,SK0312,Čadca,SK031,Žilinský,49.43717,18.65911,591,591,other
02352,023 52,SK0312509485,Staškov,Staskov,,SK0312,Čadca,SK031,Žilinský,49.44965,18.66363,193,193,"14, 52, 226, 235, 239, 246, 253, 259-279, 281-284, 286-289, 291, 292, 296, 299-303, 305, 306, 312, 315, 317, 318, 320, 323-325, 330, 333, 336, 337, 341, 353, 355, 376, 381, 382, 390, 398, 402, 403, 407, 420, 425, 427-429, 432-435, 456, 457, 467, 473, 477, 481, 486, 493, 509, 511-514, 517, 519, 523, 528, 530-533, 537, 542, 544, 548, 551-554, 567, 580, 581, 592, 597, 607, 613-617, 620, 622, 627-635, 637, 639, 664, 678, 684, 696, 697, 700-704, 723, 725-727, 731, 734, 736-738, 750, 751, 754, 755, 759, 760, 762-764, 766, 767, 770, 774, 783, 786, 787, 793, 794, 796, 798, 799, 810-812, 820, 830, 856, 857, 880-883, 885, 886, 917-919, 923, 985-987, 994, 1000, 1054"
02352,023 52,SK0316512036,Martin,Martin,,SK0316,Martin,SK031,Žilinský,49.08799,18.95071,1,2,
02353,023 53,SK0312509361,Podvysoká,Podvysoka,,SK0312,Čadca,SK031,Žilinský,49.41790,18.68052,21,21,"1, 3, 4, 70, 91, 118, 126, 178, 202, 215, 234, 249, 288, 293, 351, 352, 359, 375, 443, 468, 476"
02353,023 53,SK0312509485,Staškov,Staskov,,SK0312,Čadca,SK031,Žilinský,49.42664,18.69736,845,845,other
02354,023 54,SK0312509167,Dlhá nad Kysucou,Dlha nad Kysucou,,SK0312,Čadca,SK031,Žilinský,49.37934,18.64920,307,307,
02354,023 54,SK0312509507,Turzovka,Turzovka,,SK0312,Čadca,SK031,Žilinský,49.40141,18.61742,2105,4210,
02355,023 55,SK0312509515,Vysoká nad Kysucou,Vysoka nad Kysucou,,SK0312,Čadca,SK031,Žilinský,49.37967,18.52616,1352,1352,
02356,023 56,SK0312509299,Makov,Makov,,SK0312,Čadca,SK031,Žilinský,49.36745,18.46919,1179,1179,
02357,023 57,SK0312509337,Olešná,Olesna,,SK0312,Čadca,SK031,Žilinský,49.41617,18.66172,218,218,"1-132, 134-139, 445-447, 451, 460-462, 466, 468, 469, 474, 476, 479, 480, 488-490, 492, 495, 497, 499, 500, 503, 508, 510, 511, 516, 520, 523, 524, 527, 528, 532, 534-536, 538, 539, 544, 547, 548, 553, 560, 564, 567, 571-573, 575, 577, 578, 580, 583, 584, 589, 600, 602, 603, 605, 607, 615, 621, 637, 638, 647, 656, 657, 660, 666, 670, 672, 680, 686, 688, 733, 736, 737, 756, 767, 778, 782, 795, 806, 814, 822, 823, 826, 828, 829, 831, 832, 837, 841, 846, 847, 850, 852"
02357,023 57,SK0312509361,Podvysoká,Podvysoka,,SK0312,Čadca,SK031,Žilinský,49.41157,18.66291,456,456,other
02401,024 01,SK0314509256,Kysucké Nové Mesto,Kysucke Nove Mesto,,SK0314,Kysucké Nové Mesto,SK031,Žilinský,49.30235,18.77636,2542,5084,
02401,024 01,SK0317510050,Sihelné,Sihelne,,SK0317,Námestovo,SK031,Žilinský,49.49578,19.44308,1,1,653
02401,024 01,SK031B517402,Žilina,Zilina,,SK031B,Žilina,SK031,Žilinský,49.27331,18.76672,13,26,
02404,024 04,SK0314509256,Kysucké Nové Mesto,Kysucke Nove Mesto,,SK0314,Kysucké Nové Mesto,SK031,Žilinský,49.30823,18.79006,674,1348,
02601,026 01,SK0313509540,Dolný Kubín,Dolny Kubin,,SK0313,Dolný Kubín,SK031,Žilinský,49.21506,19.29925,4438,8876,
02601,026 01,SK0313509710,Jasenová,Jasenova,,SK0313,Dolný Kubín,SK031,Žilinský,49.17547,19.29581,219,219,
02601,026 01,SK0313509787,Leštiny,Lestiny,,SK0313,Dolný Kubín,SK031,Žilinský,49.18909,19.35151,165,165,
02601,026 01,SK0313509825,Malatiná,Malatina,,SK0313,Dolný Kubín,SK031,Žilinský,49.18615,19.43203,351,351,
02601,026 01,SK0313509833,Medzibrodie nad Oravou,Medzibrodie nad Oravou,,SK0313,Dolný Kubín,SK031,Žilinský,49.23512,19.34331,206,206,
02601,026 01,SK0313509965,Osádka,Osadka,,SK0313,Dolný Kubín,SK031,Žilinský,49.18487,19.38706,91,91,
02601,026 01,SK0313509973,Párnica,Parnica,,SK0313,Dolný Kubín,SK031,Žilinský,49.19735,19.19251,484,484,
02601,026 01,SK0313509990,Pokryváč,Pokryvac,,SK0313,Dolný Kubín,SK031,Žilinský,49.20247,19.39400,77,77,
02601,026 01,SK0313510017,Pucov,Pucov,,SK0313,Dolný Kubín,SK031,Žilinský,49.21724,19.38092,307,307,
02601,026 01,SK0313510181,Vyšný Kubín,Vysny Kubin,,SK0313,Dolný Kubín,SK031,Žilinský,49.18422,19.31611,339,339,
02601,026 01,SK0313580813,Bziny,Bziny,,SK0313,Dolný Kubín,SK031,Žilinský,49.22708,19.32315,202,202,
02705,027 05,SK0313510211,Zázrivá,Zazriva,,SK0313,Dolný Kubín,SK031,Žilinský,49.27761,19.15341,1523,1523,
02712,027 12,SK031A509795,Liesek,Liesek,,SK031A,Tvrdošín,SK031,Žilinský,49.36223,19.67447,939,939,
02712,027 12,SK031A510173,Vitanová,Vitanova,,SK031A,Tvrdošín,SK031,Žilinský,49.35513,19.72951,579,579,
02712,027 12,SK031A518719,Čimhová,Cimhova,,SK031A,Tvrdošín,SK031,Žilinský,49.36203,19.69426,211,211,
02713,027 13,SK031A509663,Hladovka,Hladovka,,SK031A,Tvrdošín,SK031,Žilinský,49.36978,19.75789,369,369,
02713,027 13,SK031A510076,Suchá Hora,Sucha Hora,,SK031A,Tvrdošín,SK031,Žilinský,49.36622,19.78827,445,445,
02721,027 21,SK0313510254,Žaškov,Zaskov,,SK0313,Dolný Kubín,SK031,Žilinský,49.17085,19.21956,647,647,
02732,027 32,SK0315510459,Huty,Huty,,SK0315,Liptovský Mikuláš,SK031,Žilinský,49.21943,19.56778,248,248,
02732,027 32,SK0315510840,Malé Borové,Male Borove,,SK0315,Liptovský Mikuláš,SK031,Žilinský,49.22621,19.53477,138,138,
02732,027 32,SK0315511137,Veľké Borové,Velke Borove,,SK0315,Liptovský Mikuláš,SK031,Žilinský,49.19994,19.51320,151,151,
02732,027 32,SK031A509655,Habovka,Habovka,,SK031A,Tvrdošín,SK031,Žilinský,49.27793,19.61053,496,496,
02732,027 32,SK031A510238,Zuberec,Zuberec,,SK031A,Tvrdošín,SK031,Žilinský,49.25984,19.62377,835,835,
02741,027 41,SK0313509671,Horná Lehota,Horna Lehota,,SK0313,Dolný Kubín,SK031,Žilinský,49.25494,19.40116,248,248,
02741,027 41,SK0313509957,Oravský Podzámok,Oravsky Podzamok,,SK0313,Dolný Kubín,SK031,Žilinský,49.26251,19.36976,598,598,
02741,027 41,SK0313510009,Pribiš,Pribis,,SK0313,Dolný Kubín,SK031,Žilinský,49.22031,19.40561,189,189,
02742,027 42,SK031A509949,Oravský Biely Potok,Oravsky Biely Potok,,SK031A,Tvrdošín,SK031,Žilinský,49.28609,19.55348,313,313,
02742,027 42,SK031A509981,Podbiel,Podbiel,,SK031A,Tvrdošín,SK031,Žilinský,49.30795,19.48423,474,474,
02743,027 43,SK031A509876,Nižná,Nizna,,SK031A,Tvrdošín,SK031,Žilinský,49.30948,19.52033,1290,1290,
02744,027 44,SK031A510084,Štefanov nad Oravou,Stefanov nad Oravou,,SK031A,Tvrdošín,SK031,Žilinský,49.36306,19.53513,273,273,
02744,027 44,SK031A510114,Tvrdošín,Tvrdosin,,SK031A,Tvrdošín,SK031,Žilinský,49.33108,19.55013,2124,4248,
02751,027 51,SK0313509744,Kraľovany,Kralovany,,SK0313,Dolný Kubín,SK031,Žilinský,49.15222,19.13066,178,178,other
02751,027 51,SK0313510254,Žaškov,Zaskov,,SK0313,Dolný Kubín,SK031,Žilinský,49.17494,19.15152,2,2,
02753,027 53,SK0313509701,Istebné,Istebne,,SK0313,Dolný Kubín,SK031,Žilinský,49.21206,19.22211,357,357,
02754,027 54,SK0313509922,Oravská Poruba,Oravska Poruba,,SK0313,Dolný Kubín,SK031,Žilinský,49.19709,19.26141,452,452,
02754,027 54,SK0313510165,Veličná,Velicna,,SK0313,Dolný Kubín,SK031,Žilinský,49.20969,19.24666,675,675,
02755,027 55,SK0313509639,Dlhá nad Oravou,Dlha nad Oravou,,SK0313,Dolný Kubín,SK031,Žilinský,49.25911,19.44401,492,492,
02755,027 55,SK0313509698,Chlebnice,Chlebnice,,SK0313,Dolný Kubín,SK031,Žilinský,49.23051,19.46437,539,539,
02755,027 55,SK0313509761,Krivá,Kriva,,SK0313,Dolný Kubín,SK031,Žilinský,49.28241,19.47836,300,300,
02755,027 55,SK0313510041,Sedliacka Dubová,Sedliacka Dubova,,SK0313,Dolný Kubín,SK031,Žilinský,49.26104,19.42953,210,210,
02801,028 01,SK031A509604,Brezovica,Brezovica,,SK031A,Tvrdošín,SK031,Žilinský,49.34224,19.65217,472,472,
02801,028 01,SK031A510106,Trstená,Trstena,,SK031A,Tvrdošín,SK031,Žilinský,49.36167,19.61082,2094,4188,
02801,028 01,SK031A510190,Zábiedovo,Zabiedovo,,SK031A,Tvrdošín,SK031,Žilinský,49.32050,19.60768,309,309,
02901,029 01,SK0317509868,Námestovo,Namestovo,,SK0317,Námestovo,SK031,Žilinský,49.40879,19.47544,2164,4328,
02901,029 01,SK0317510157,Vavrečka,Vavrecka,,SK0317,Námestovo,SK031,Žilinský,49.38546,19.46684,531,531,
02941,029 41,SK0317509728,Klin,Klin,,SK0317,Námestovo,SK031,Žilinský,49.43996,19.48709,727,727,
02942,029 42,SK0317509582,Bobrov,Bobrov,,SK0317,Námestovo,SK031,Žilinský,49.43007,19.54110,707,707,
02943,029 43,SK0317509868,Námestovo,Namestovo,,SK0317,Námestovo,SK031,Žilinský,49.43521,19.51373,40,80,
02943,029 43,SK0317510246,Zubrohlava,Zubrohlava,,SK0317,Námestovo,SK031,Žilinský,49.44487,19.51412,826,826,
02944,029 44,SK0317510025,Rabča,Rabca,,SK0317,Námestovo,SK031,Žilinský,49.48446,19.47688,1564,1564,
02945,029 45,SK0317510033,Rabčice,Rabcice,,SK0317,Námestovo,SK031,Žilinský,49.50727,19.52120,716,716,
02946,029 46,SK0317510050,Sihelné,Sihelne,,SK0317,Námestovo,SK031,Žilinský,49.50701,19.41688,647,647,"1-470, 472-652, 654-677"
02947,029 47,SK0317509914,Oravská Polhora,Oravska Polhora,,SK0317,Námestovo,SK031,Žilinský,49.52079,19.44691,1262,1262,
02947,029 47,SK0317510050,Sihelné,Sihelne,,SK0317,Námestovo,SK031,Žilinský,49.53590,19.39980,1,1,471
02951,029 51,SK0317509809,Lokca,Lokca,,SK0317,Námestovo,SK031,Žilinský,49.36542,19.41327,754,754,
02951,029 51,SK0317510092,Ťapešovo,Tapesovo,,SK0317,Námestovo,SK031,Žilinský,49.37609,19.44287,281,281,
02951,029 51,SK0317510149,Vasiľov,Vasilov,,SK0317,Námestovo,SK031,Žilinský,49.34990,19.38516,258,258,
02952,029 52,SK0317509558,Babín,Babin,,SK0317,Námestovo,SK031,Žilinský,49.33159,19.38238,441,441,
02952,029 52,SK0317509680,Hruštín,Hrustin,,SK0317,Námestovo,SK031,Žilinský,49.32430,19.34794,1103,1103,
02953,029 53,SK0317509591,Breza,Breza,,SK0317,Námestovo,SK031,Žilinský,49.38758,19.38184,475,475,
02954,029 54,SK0317509779,Krušetnica,Krusetnica,,SK0317,Námestovo,SK031,Žilinský,49.37460,19.33628,328,328,
02954,029 54,SK0317509817,Lomná,Lomna,,SK0317,Námestovo,SK031,Žilinský,49.36058,19.30305,256,256,
02955,029 55,SK0317509884,Novoť,Novot,,SK0317,Námestovo,SK031,Žilinský,49.42947,19.26135,1076,1076,"1-1128, 1131, 1138, 1151-1262"
02956,029 56,SK0317510203,Zákamenné,Zakamenne,,SK0317,Námestovo,SK031,Žilinský,49.38968,19.28408,1619,1619,
02957,029 57,SK0317509906,Oravská Lesná,Oravska Lesna,,SK0317,Námestovo,SK031,Žilinský,49.36867,19.17171,1465,1465,
02962,029 62,SK0317509931,Oravské Veselé,Oravske Vesele,,SK0317,Námestovo,SK031,Žilinský,49.47164,19.38113,1007,1007,
02963,029 63,SK0317509566,Beňadovo,Benadovo,,SK0317,Námestovo,SK031,Žilinský,49.43136,19.34023,254,254,
02963,029 63,SK0317509850,Mútne,Mutne,,SK0317,Námestovo,SK031,Žilinský,49.46646,19.32071,912,912,
02963,029 63,SK0317509884,Novoť,Novot,,SK0317,Námestovo,SK031,Žilinský,49.43299,19.31164,8,8,"1129, 1130, 1132-1137, 1139"
02964,029 64,SK0317509892,Oravská Jasenica,Oravska Jasenica,,SK0317,Námestovo,SK031,Žilinský,49.39290,19.43838,658,658,
03101,031 01,SK0315510262,Liptovský Mikuláš,Liptovsky Mikulas,,SK0315,Liptovský Mikuláš,SK031,Žilinský,49.07967,19.61152,6326,12652,
03101,031 01,SK0315510386,Demänovská Dolina,Demanovska Dolina,,SK0315,Liptovský Mikuláš,SK031,Žilinský,48.98986,19.57635,453,453,
03101,031 01,SK0315510777,Liptovský Trnovec,Liptovsky Trnovec,,SK0315,Liptovský Mikuláš,SK031,Žilinský,49.11842,19.54645,521,521,
03101,031 01,SK0315510912,Pavčina Lehota,Pavcina Lehota,,SK0315,Liptovský Mikuláš,SK031,Žilinský,49.03337,19.56365,271,271,
03104,031 04,SK0315510262,Liptovský Mikuláš,Liptovsky Mikulas,,SK0315,Liptovský Mikuláš,SK031,Žilinský,49.07777,19.65244,1083,2166,
03104,031 04,SK0315511145,Veterná Poruba,Veterna Poruba,,SK0315,Liptovský Mikuláš,SK031,Žilinský,49.10959,19.67728,163,163,
03105,031 05,SK0315510262,Liptovský Mikuláš,Liptovsky Mikulas,,SK0315,Liptovský Mikuláš,SK031,Žilinský,49.09971,19.58987,1188,2376,
03105,031 05,SK0315510327,Bobrovec,Bobrovec,,SK0315,Liptovský Mikuláš,SK031,Žilinský,49.10598,19.59696,75,75,"601-623, 632, 648, 720, 768, 794-803, 805-823, 825-849"
03202,032 02,SK0315511196,Závažná Poruba,Zavazna Poruba,,SK0315,Liptovský Mikuláš,SK031,Žilinský,49.05452,19.64884,705,705,
03203,032 03,SK0315510734,Liptovský Ján,Liptovsky Jan,,SK0315,Liptovský Mikuláš,SK031,Žilinský,49.04036,19.67647,711,711,
03203,032 03,SK0315511099,Uhorská Ves,Uhorska Ves,,SK0315,Liptovský Mikuláš,SK031,Žilinský,49.05929,19.68278,253,253,
03204,032 04,SK0315507393,Konská,Konska,,SK0315,Liptovský Mikuláš,SK031,Žilinský,49.11754,19.71726,119,119,
03204,032 04,SK0315510271,Beňadiková,Benadikova,,SK0315,Liptovský Mikuláš,SK031,Žilinský,49.07729,19.68224,194,194,
03204,032 04,SK0315510505,Jakubovany,Jakubovany,,SK0315,Liptovský Mikuláš,SK031,Žilinský,49.11094,19.72878,317,317,
03204,032 04,SK0315510751,Liptovský Ondrej,Liptovsky Ondrej,,SK0315,Liptovský Mikuláš,SK031,Žilinský,49.09879,19.71285,285,285,
03205,032 05,SK0315511013,Smrečany,Smrecany,,SK0315,Liptovský Mikuláš,SK031,Žilinský,49.11809,19.65085,280,280,
03205,032 05,SK0315511200,Žiar,Ziar,,SK0315,Liptovský Mikuláš,SK031,Žilinský,49.13165,19.66672,295,295,
03211,032 11,SK0315510416,Galovany,Galovany,,SK0315,Liptovský Mikuláš,SK031,Žilinský,49.07220,19.53180,138,138,
03211,032 11,SK0315510581,Lazisko,Lazisko,,SK0315,Liptovský Mikuláš,SK031,Žilinský,49.02774,19.54035,207,207,
03211,032 11,SK0315511048,Svätý Kríž,Svaty Kriz,,SK0315,Liptovský Mikuláš,SK031,Žilinský,49.05004,19.53523,381,381,
03212,032 12,SK0315510408,Dúbrava,Dubrava,,SK0315,Liptovský Mikuláš,SK031,Žilinský,49.03834,19.49987,533,533,
03213,032 13,SK0315511153,Vlachy,Vlachy,,SK0315,Liptovský Mikuláš,SK031,Žilinský,49.09214,19.47473,373,373,
03214,032 14,SK0315510424,Gôtovany,Gotovany,,SK0315,Liptovský Mikuláš,SK031,Žilinský,49.06585,19.50084,215,215,
03214,032 14,SK0315510696,Liptovské Kľačany,Liptovske Klacany,,SK0315,Liptovský Mikuláš,SK031,Žilinský,49.03350,19.47409,213,213,
03214,032 14,SK0315510793,Ľubeľa,Lubela,,SK0315,Liptovský Mikuláš,SK031,Žilinský,49.05179,19.48107,513,513,
03215,032 15,SK0315510831,Malatíny,Malatiny,,SK0315,Liptovský Mikuláš,SK031,Žilinský,49.06002,19.45552,151,151,
03215,032 15,SK0315510904,Partizánska Ľupča,Partizanska Lupca,,SK0315,Liptovský Mikuláš,SK031,Žilinský,49.06332,19.43454,771,771,
03221,032 21,SK0315510319,Bobrovček,Bobrovcek,,SK0315,Liptovský Mikuláš,SK031,Žilinský,49.14269,19.60152,106,106,
03221,032 21,SK0315510327,Bobrovec,Bobrovec,,SK0315,Liptovský Mikuláš,SK031,Žilinský,49.11915,19.61210,753,753,other
03221,032 21,SK0315510513,Jalovec,Jalovec,,SK0315,Liptovský Mikuláš,SK031,Žilinský,49.13788,19.63022,171,171,
03221,032 21,SK0315510688,Liptovské Beharovce,Liptovske Beharovce,,SK0315,Liptovský Mikuláš,SK031,Žilinský,49.13770,19.57949,56,56,
03221,032 21,SK0315510921,Pavlova Ves,Pavlova Ves,,SK0315,Liptovský Mikuláš,SK031,Žilinský,49.13052,19.58377,92,92,
03221,032 21,SK0315511072,Trstené,Trstene,,SK0315,Liptovský Mikuláš,SK031,Žilinský,49.11376,19.62024,118,118,
03223,032 23,SK0315510335,Bobrovník,Bobrovnik,,SK0315,Liptovský Mikuláš,SK031,Žilinský,49.11832,19.47807,142,142,
03223,032 23,SK0315510351,Bukovina,Bukovina,,SK0315,Liptovský Mikuláš,SK031,Žilinský,49.13455,19.47085,88,88,
03223,032 23,SK0315510572,Kvačany,Kvacany,,SK0315,Liptovský Mikuláš,SK031,Žilinský,49.16592,19.53959,284,284,
03223,032 23,SK0315510602,Liptovská Anna,Liptovska Anna,,SK0315,Liptovský Mikuláš,SK031,Žilinský,49.14665,19.46841,93,93,
03223,032 23,SK0315510653,Liptovská Sielnica,Liptovska Sielnica,,SK0315,Liptovský Mikuláš,SK031,Žilinský,49.14469,19.51425,241,241,
03223,032 23,SK0315510700,Liptovské Matiašovce,Liptovske Matiasovce,,SK0315,Liptovský Mikuláš,SK031,Žilinský,49.15718,19.55327,174,174,
03223,032 23,SK0315510971,Prosiek,Prosiek,,SK0315,Liptovský Mikuláš,SK031,Žilinský,49.14695,19.50049,137,137,
03223,032 23,SK0315556807,Ižipovce,Izipovce,,SK0315,Liptovský Mikuláš,SK031,Žilinský,49.14143,19.49007,90,90,
03231,032 31,SK0315510467,Hybe,Hybe,,SK0315,Liptovský Mikuláš,SK031,Žilinský,49.04491,19.82788,649,649,"1-631, 633-1157"
03232,032 32,SK0315511170,Východná,Vychodna,,SK0315,Liptovský Mikuláš,SK031,Žilinský,49.05953,19.88938,944,944,other
03233,032 33,SK0315510467,Hybe,Hybe,,SK0315,Liptovský Mikuláš,SK031,Žilinský,49.02871,19.78636,1,1,632
03233,032 33,SK0315510564,Kráľova Lehota,Kralova Lehota,,SK0315,Liptovský Mikuláš,SK031,Žilinský,49.02159,19.79172,295,295,
03233,032 33,SK0315511170,Východná,Vychodna,,SK0315,Liptovský Mikuláš,SK031,Žilinský,49.01203,19.94267,13,13,"1220, 1232, 2011-2013, 3004, 3014, 3016, 3019, 3021, 3039, 3047, 3057"
03234,032 34,SK0315510858,Malužiná,Maluzina,,SK0315,Liptovský Mikuláš,SK031,Žilinský,48.98023,19.77130,143,143,
03234,032 34,SK0315510874,Nižná Boca,Nizna Boca,,SK0315,Liptovský Mikuláš,SK031,Žilinský,48.94968,19.76719,353,353,
03234,032 34,SK0315511188,Vyšná Boca,Vysna Boca,,SK0315,Liptovský Mikuláš,SK031,Žilinský,48.92378,19.75042,305,305,
03242,032 42,SK0315510963,Pribylina,Pribylina,,SK0315,Liptovský Mikuláš,SK031,Žilinský,49.11598,19.82616,1232,1232,
03242,032 42,SK0315511111,Vavrišovo,Vavrisovo,,SK0315,Liptovský Mikuláš,SK031,Žilinský,49.07027,19.75951,468,468,
03242,032 42,SK0416560103,Vysoké Tatry,Vysoke Tatry,,SK0416,Poprad,SK041,Prešovský,49.15261,19.92379,41,82,25001-25068
03244,032 44,SK0315510611,Liptovská Kokava,Liptovska Kokava,,SK0315,Liptovský Mikuláš,SK031,Žilinský,49.08851,19.81593,539,539,
03261,032 61,SK0315511129,Važec,Vazec,,SK0315,Liptovský Mikuláš,SK031,Žilinský,49.05875,19.98115,983,983,
03301,033 01,SK0315510521,Jamník,Jamnik,,SK0315,Liptovský Mikuláš,SK031,Žilinský,49.08266,19.71588,366,366,
03301,033 01,SK0315510726,Liptovský Hrádok,Liptovsky Hradok,,SK0315,Liptovský Mikuláš,SK031,Žilinský,49.04642,19.74141,1525,3050,
03301,033 01,SK0315510947,Podtureň,Podturen,,SK0315,Liptovský Mikuláš,SK031,Žilinský,49.05390,19.69355,423,423,
03301,033 01,SK0315558281,Liptovská Porúbka,Liptovska Porubka,,SK0315,Liptovský Mikuláš,SK031,Žilinský,49.02863,19.73693,630,630,
03301,033 01,SK0315580287,Liptovský Peter,Liptovsky Peter,,SK0315,Liptovský Mikuláš,SK031,Žilinský,49.05348,19.73483,504,504,
03401,034 01,SK0318510599,Likavka,Likavka,,SK0318,Ružomberok,SK031,Žilinský,49.08464,19.30610,8,8,1-8
03401,034 01,SK0318510661,Liptovská Štiavnica,Liptovska Stiavnica,,SK0318,Ružomberok,SK031,Žilinský,49.05206,19.35298,658,658,
03401,034 01,SK0318510998,Ružomberok,Ruzomberok,,SK0318,Ružomberok,SK031,Žilinský,49.07623,19.29704,5453,10906,
03401,034 01,SK0318511056,Štiavnička,Stiavnicka,,SK0318,Ružomberok,SK031,Žilinský,49.07294,19.34121,353,353,
03401,034 01,SK041D544051,Vranov nad Topľou,Vranov nad Toplou,,SK041D,Vranov nad Topľou,SK041,Prešovský,48.86788,21.66658,1,2,
03403,034 03,SK0318510998,Ružomberok,Ruzomberok,,SK0318,Ružomberok,SK031,Žilinský,49.02644,19.29046,943,1886,
03406,034 06,SK0318510998,Ružomberok,Ruzomberok,,SK0318,Ružomberok,SK031,Žilinský,49.09018,19.25963,660,1320,
03471,034 71,SK0318510823,Ludrová,Ludrova,,SK0318,Ružomberok,SK031,Žilinský,49.04643,19.33232,419,419,
03472,034 72,SK0318510629,Liptovská Lúžna,Liptovska Luzna,,SK0318,Ružomberok,SK031,Žilinský,48.93963,19.32310,1289,1289,
03473,034 73,SK0318510637,Liptovská Osada,Liptovska Osada,,SK0318,Ružomberok,SK031,Žilinský,48.95062,19.26590,742,742,
03474,034 74,SK0318510718,Liptovské Revúce,Liptovske Revuce,,SK0318,Ružomberok,SK031,Žilinský,48.92141,19.18136,747,747,
03481,034 81,SK0318510785,Lisková,Liskova,,SK0318,Ružomberok,SK031,Žilinský,49.08954,19.35244,922,922,
03482,034 82,SK0318510530,Kalameny,Kalameny,,SK0318,Ružomberok,SK031,Žilinský,49.12629,19.41498,163,163,
03482,034 82,SK0318510815,Lúčky,Lucky,,SK0318,Ružomberok,SK031,Žilinský,49.12721,19.40356,674,674,
03483,034 83,SK0318507300,Ivachnová,Ivachnova,,SK0318,Ružomberok,SK031,Žilinský,49.09440,19.41305,334,334,
03483,034 83,SK0318507407,Turík,Turik,,SK0318,Ružomberok,SK031,Žilinský,49.10719,19.38251,128,128,
03483,034 83,SK0318510301,Bešeňová,Besenova,,SK0318,Ružomberok,SK031,Žilinský,49.09976,19.43698,333,333,
03483,034 83,SK0318510670,Liptovská Teplá,Liptovska Tepla,,SK0318,Ružomberok,SK031,Žilinský,49.10213,19.41083,510,510,
03483,034 83,SK0318510742,Liptovský Michal,Liptovsky Michal,,SK0318,Ružomberok,SK031,Žilinský,49.09547,19.43796,134,134,
03483,034 83,SK0318510955,Potok,Potok,,SK0318,Ružomberok,SK031,Žilinský,49.11251,19.44675,75,75,
03484,034 84,SK0318511005,Liptovské Sliače,Liptovske Sliace,,SK0318,Ružomberok,SK031,Žilinský,49.06157,19.39177,1407,1407,
03491,034 91,SK0318510441,Hubová,Hubova,,SK0318,Ružomberok,SK031,Žilinský,49.11746,19.18597,418,418,
03491,034 91,SK0318510807,Ľubochňa,Lubochna,,SK0318,Ružomberok,SK031,Žilinský,49.11936,19.16610,407,407,
03491,034 91,SK0318511064,Švošov,Svosov,,SK0318,Ružomberok,SK031,Žilinský,49.12418,19.19653,282,282,
03492,034 92,SK0318511030,Stankovany,Stankovany,,SK0318,Ružomberok,SK031,Žilinský,49.14584,19.16960,518,518,
03495,034 95,SK0318510599,Likavka,Likavka,,SK0318,Ružomberok,SK031,Žilinský,49.09233,19.30933,1101,1101,9-11108
03495,034 95,SK0318510866,Martinček,Martincek,,SK0318,Ružomberok,SK031,Žilinský,49.09202,19.33663,160,160,
03496,034 96,SK0318510548,Komjatná,Komjatna,,SK0318,Ružomberok,SK031,Žilinský,49.14446,19.24404,527,527,
03496,034 96,SK0318511102,Valaská Dubová,Valaska Dubova,,SK0318,Ružomberok,SK031,Žilinský,49.14120,19.29374,317,317,
03601,036 01,SK0316512036,Martin,Martin,,SK0316,Martin,SK031,Žilinský,49.07311,18.91659,9004,18008,
03802,038 02,SK0316512168,Diaková,Diakova,,SK0316,Martin,SK031,Žilinský,49.05150,18.96541,217,217,
03802,038 02,SK0316512206,Dolný Kalník,Dolny Kalnik,,SK0316,Martin,SK031,Žilinský,49.04337,18.96330,129,129,
03802,038 02,SK0316512214,Dražkovce,Drazkovce,,SK0316,Martin,SK031,Žilinský,49.05069,18.95757,379,379,
03802,038 02,SK0316512290,Horný Kalník,Horny Kalnik,,SK0316,Martin,SK031,Žilinský,49.03336,18.96915,79,79,
03802,038 02,SK0316545961,Turčianske Jaseno,Turcianske Jaseno,,SK0316,Martin,SK031,Žilinský,49.02731,18.99280,233,233,
03803,038 03,SK0316512583,Sklabiňa,Sklabina,,SK0316,Martin,SK031,Žilinský,49.04495,19.00219,255,255,
03803,038 03,SK0316512591,Sklabinský Podzámok,Sklabinsky Podzamok,,SK0316,Martin,SK031,Žilinský,49.05275,19.02674,83,83,
03803,038 03,SK0316512818,Záborie,Zaborie,,SK0316,Martin,SK031,Žilinský,49.03692,18.98454,87,87,
03804,038 04,SK0316512133,Bystrička,Bystricka,,SK0316,Martin,SK031,Žilinský,49.05051,18.87969,598,598,
03811,038 11,SK0316512052,Belá-Dulice,Bela-Dulice,,SK0316,Martin,SK031,Žilinský,49.00220,18.97755,612,612,
03812,038 12,SK0316512478,Necpaly,Necpaly,,SK0316,Martin,SK031,Žilinský,48.98741,18.96574,427,427,
03815,038 15,SK0316512079,Blatnica,Blatnica,,SK0316,Martin,SK031,Žilinský,48.93648,18.92644,533,533,
03815,038 15,SK0316512346,Karlová,Karlova,,SK0316,Martin,SK031,Žilinský,48.96121,18.90116,60,60,
03821,038 21,SK0319512460,Mošovce,Mosovce,,SK0319,Turčianske Teplice,SK031,Žilinský,48.90929,18.88691,722,722,
03822,038 22,SK0319512044,Abramová,Abramova,,SK0319,Turčianske Teplice,SK031,Žilinský,48.93513,18.79474,157,157,
03822,038 22,SK0319512117,Brieštie,Briestie,,SK0319,Turčianske Teplice,SK031,Žilinský,48.91749,18.73601,125,125,
03822,038 22,SK0319512311,Jasenovo,Jasenovo,,SK0319,Turčianske Teplice,SK031,Žilinský,48.87854,18.72442,104,104,
03822,038 22,SK0319512338,Kaľamenová,Kalamenova,,SK0319,Turčianske Teplice,SK031,Žilinský,48.88711,18.77633,62,62,
03822,038 22,SK0319512427,Liešno,Liesno,,SK0319,Turčianske Teplice,SK031,Žilinský,48.88842,18.76492,33,33,
03822,038 22,SK0319512494,Ondrašová,Ondrasova,,SK0319,Turčianske Teplice,SK031,Žilinský,48.94241,18.80672,49,49,
03822,038 22,SK0319512575,Rudno,Rudno,,SK0319,Turčianske Teplice,SK031,Žilinský,48.88488,18.74639,124,124,
03822,038 22,SK0319512621,Slovenské Pravno,Slovenske Pravno,,SK0319,Turčianske Teplice,SK031,Žilinský,48.90993,18.75928,350,350,
03823,038 23,SK0319512125,Budiš,Budis,,SK0319,Turčianske Teplice,SK031,Žilinský,48.87218,18.75823,95,95,
03823,038 23,SK0319512222,Dubové,Dubove,,SK0319,Turčianske Teplice,SK031,Žilinský,48.85748,18.79548,338,338,
03831,038 31,SK0316512796,Vrícko,Vricko,,SK0316,Martin,SK031,Žilinský,48.97042,18.70304,244,244,
03835,038 35,SK0316512761,Valča,Valca,,SK0316,Martin,SK031,Žilinský,49.00542,18.83812,923,923,
03840,038 40,SK0316512834,Žabokreky,Zabokreky,,SK0316,Martin,SK031,Žilinský,49.02546,18.92286,424,424,
03841,038 41,SK0316512371,Košťany nad Turcom,Kostany nad Turcom,,SK0316,Martin,SK031,Žilinský,49.02944,18.90408,580,580,
03841,038 41,SK0316512664,Trebostovo,Trebostovo,,SK0316,Martin,SK031,Žilinský,49.02465,18.85972,244,244,
03841,038 41,SK0316512672,Trnovo,Trnovo,,SK0316,Martin,SK031,Žilinský,49.01511,18.85988,162,162,
03841,038 41,SK0316512753,Turčiansky Peter,Turciansky Peter,,SK0316,Martin,SK031,Žilinský,49.03044,18.88955,188,188,
03842,038 42,SK0316512061,Benice,Benice,,SK0316,Martin,SK031,Žilinský,48.99478,18.87128,140,140,
03842,038 42,SK0316512150,Ďanová,Danova,,SK0316,Martin,SK031,Žilinský,48.97627,18.91367,196,196,
03842,038 42,SK0316512257,Folkušová,Folkusova,,SK0316,Martin,SK031,Žilinský,48.96859,18.94800,77,77,
03842,038 42,SK0316512419,Ležiachov,Leziachov,,SK0316,Martin,SK031,Žilinský,48.97936,18.85758,87,87,
03842,038 42,SK0316512524,Príbovce,Pribovce,,SK0316,Martin,SK031,Žilinský,48.99991,18.88443,406,406,
03842,038 42,SK0316512541,Rakovo,Rakovo,,SK0316,Martin,SK031,Žilinský,48.98953,18.88109,208,208,
03843,038 43,SK0316512354,Kláštor pod Znievom,Klastor pod Znievom,,SK0316,Martin,SK031,Žilinský,48.97484,18.80519,708,708,
03843,038 43,SK0316512397,Laskár,Laskar,,SK0316,Martin,SK031,Žilinský,48.95851,18.87611,70,70,
03843,038 43,SK0316512613,Slovany,Slovany,,SK0316,Martin,SK031,Žilinský,48.97135,18.82279,217,217,
03843,038 43,SK0316512630,Socovce,Socovce,,SK0316,Martin,SK031,Žilinský,48.95045,18.86704,116,116,
03843,038 43,SK0316512737,Turčiansky Ďur,Turciansky Dur,,SK0316,Martin,SK031,Žilinský,48.95316,18.84235,55,55,
03844,038 44,SK0319512087,Blažovce,Blazovce,,SK0319,Turčianske Teplice,SK031,Žilinský,48.93811,18.84209,80,80,
03844,038 44,SK0319512109,Borcová,Borcova,,SK0319,Turčianske Teplice,SK031,Žilinský,48.92820,18.83876,62,62,
03844,038 44,SK0319512320,Jazernica,Jazernica,,SK0319,Turčianske Teplice,SK031,Žilinský,48.92668,18.83154,154,154,
03844,038 44,SK0319512451,Moškovec,Moskovec,,SK0319,Turčianske Teplice,SK031,Žilinský,48.94364,18.82785,41,41,
03845,038 45,SK0319512095,Bodorová,Bodorova,,SK0319,Turčianske Teplice,SK031,Žilinský,48.90602,18.84900,133,133,
03845,038 45,SK0319512303,Ivančiná,Ivancina,,SK0319,Turčianske Teplice,SK031,Žilinský,48.91079,18.81165,78,78,
03845,038 45,SK0319512443,Malý Čepčín,Maly Cepcin,,SK0319,Turčianske Teplice,SK031,Žilinský,48.90343,18.83951,193,193,
03845,038 45,SK0319512788,Veľký Čepčín,Velky Cepcin,,SK0319,Turčianske Teplice,SK031,Žilinský,48.89385,18.80843,131,131,
03846,038 46,SK0319512273,Horná Štubňa,Horna Stubna,,SK0319,Turčianske Teplice,SK031,Žilinský,48.82288,18.88605,598,598,
03847,038 47,SK0319512605,Sklené,Sklene,,SK0319,Turčianske Teplice,SK031,Žilinský,48.78506,18.82684,419,419,
03848,038 48,SK0319512699,Turček,Turcek,,SK0319,Turčianske Teplice,SK031,Žilinský,48.75828,18.92285,332,332,
03851,038 51,SK0316512702,Turčianska Štiavnička,Turcianska Stiavnicka,,SK0316,Martin,SK031,Žilinský,49.08575,19.02311,381,381,
03852,038 52,SK0316512508,Podhradie,Podhradie,,SK0316,Martin,SK031,Žilinský,49.08511,19.05515,301,301,
03852,038 52,SK0316512648,Sučany,Sucany,,SK0316,Martin,SK031,Žilinský,49.10096,18.99242,1531,1531,
03853,038 53,SK0316512681,Turany,Turany,,SK0316,Martin,SK031,Žilinský,49.11455,19.03750,1545,3090,
03854,038 54,SK0313509744,Kraľovany,Kralovany,,SK0313,Dolný Kubín,SK031,Žilinský,49.15254,19.09547,19,19,"1-9, 130, 133, 194, 201-203, 207, 212, 213, 216"
03854,038 54,SK0316512389,Krpeľany,Krpelany,,SK0316,Martin,SK031,Žilinský,49.12368,19.08254,396,396,
03854,038 54,SK0316512486,Nolčovo,Nolcovo,,SK0316,Martin,SK031,Žilinský,49.10865,19.07694,125,125,
03854,038 54,SK0316512567,Ratkovo,Ratkovo,,SK0316,Martin,SK031,Žilinský,49.13461,19.08560,87,87,
03854,038 54,SK0316512656,Šútovo,Sutovo,,SK0316,Martin,SK031,Žilinský,49.15190,19.08233,221,221,
03861,038 61,SK0316512036,Martin,Martin,,SK0316,Martin,SK031,Žilinský,49.10332,18.93003,2104,4208,
03861,038 61,SK0316512435,Lipovec,Lipovec,,SK0316,Martin,SK031,Žilinský,49.12802,18.92636,419,419,
03861,038 61,SK0316512711,Turčianske Kľačany,Turcianske Klacany,,SK0316,Martin,SK031,Žilinský,49.11747,18.94749,424,424,
03861,038 61,SK0316557358,Vrútky,Vrutky,,SK0316,Martin,SK031,Žilinský,49.11525,18.91241,2370,4740,
03901,039 01,SK0319512141,Čremošné,Cremosne,,SK0319,Turčianske Teplice,SK031,Žilinský,48.84746,18.90989,150,150,
03901,039 01,SK0319512265,Háj,Haj,,SK0319,Turčianske Teplice,SK031,Žilinský,48.86306,18.88537,227,227,
03901,039 01,SK0319512559,Rakša,Raksa,,SK0319,Turčianske Teplice,SK031,Žilinský,48.88152,18.88148,116,116,
03901,039 01,SK0319512729,Turčianske Teplice,Turcianske Teplice,,SK0319,Turčianske Teplice,SK031,Žilinský,48.86630,18.85905,1727,3454,
04001,040 01,SK0422598119,Košice-Kavečany,Kosice-Kavecany,Košice,SK0422,Košice I,SK042,Košický,48.77177,21.21123,762,1524,
04001,040 01,SK0422598127,Košice-Ťahanovce,Kosice-Tahanovce,Košice,SK0422,Košice I,SK042,Košický,48.76449,21.25410,5,10,
04001,040 01,SK0422598151,Košice-Sever,Kosice-Sever,Košice,SK0422,Košice I,SK042,Košický,48.73843,21.24209,7003,14006,
04001,040 01,SK0422598186,Košice-Staré Mesto,Kosice-Stare Mesto,Košice,SK0422,Košice I,SK042,Košický,48.72514,21.25474,4750,9500,
04001,040 01,SK0422599875,Košice-Sídlisko Ťahanovce,Kosice-Sidlisko Tahanovce,Košice,SK0422,Košice I,SK042,Košický,48.74383,21.25823,14,28,
04001,040 01,SK0422599891,Košice-Džungľa,Kosice-Dzungla,Košice,SK0422,Košice I,SK042,Košický,48.73827,21.26709,246,492,
04001,040 01,SK0423598194,Košice-Lorinčík,Kosice-Lorincik,Košice,SK0423,Košice II,SK042,Košický,48.68796,21.20063,6,12,
04001,040 01,SK0423598224,Košice-Západ,Kosice-Zapad,Košice,SK0423,Košice II,SK042,Košický,48.72452,21.23263,42,84,
04001,040 01,SK0424598682,Košice-Dargovských hrdinov,Kosice-Dargovskych hrdinov,Košice,SK0424,Košice III,SK042,Košický,48.72857,21.28161,171,342,
04001,040 01,SK0424599018,Košice-Košická Nová Ves,Kosice-Kosicka Nova Ves,Košice,SK0424,Košice III,SK042,Košický,48.71489,21.31285,1,2,
04001,040 01,SK0425599093,Košice-Barca,Kosice-Barca,Košice,SK0425,Košice IV,SK042,Košický,48.68601,21.25850,1,2,
04001,040 01,SK0425599824,Košice-Juh,Kosice-Juh,Košice,SK0425,Košice IV,SK042,Košický,48.70871,21.25868,4708,9416,
04001,040 01,SK0425599913,Košice-Vyšné Opátske,Kosice-Vysne Opatske,Košice,SK0425,Košice IV,SK042,Košický,48.71021,21.28199,1226,2452,
04001,040 01,SK042B544019,Zemplínska Teplica,Zemplinska Teplica,,SK042B,Trebišov,SK042,Košický,48.64218,21.58217,1,1,
04011,040 11,SK0423598194,Košice-Lorinčík,Kosice-Lorincik,Košice,SK0423,Košice II,SK042,Košický,48.69101,21.19657,425,850,
04011,040 11,SK0423598208,Košice-Pereš,Kosice-Peres,Košice,SK0423,Košice II,SK042,Košický,48.68929,21.20852,909,1818,
04011,040 11,SK0423598224,Košice-Západ,Kosice-Zapad,Košice,SK0423,Košice II,SK042,Košický,48.71078,21.23160,5460,10920,
04011,040 11,SK0423599972,Košice-Luník IX,Kosice-Lunik IX,Košice,SK0423,Košice II,SK042,Košický,48.69711,21.22170,32,64,
04011,040 11,SK0425599093,Košice-Barca,Kosice-Barca,Košice,SK0425,Košice IV,SK042,Košický,48.69098,21.23122,3,6,
04011,040 11,SK0425599824,Košice-Juh,Kosice-Juh,Košice,SK0425,Košice IV,SK042,Košický,48.70195,21.25386,277,554,
04012,040 12,SK0425599816,Košice-Nad jazerom,Kosice-Nad jazerom,Košice,SK0425,Košice IV,SK042,Košický,48.68529,21.29225,1301,2602,
04012,040 12,SK0425599824,Košice-Juh,Kosice-Juh,Košice,SK0425,Košice IV,SK042,Košický,48.69656,21.27519,20,40,
04013,040 13,SK0422598127,Košice-Ťahanovce,Kosice-Tahanovce,Košice,SK0422,Košice I,SK042,Košický,48.75805,21.25713,947,1894,
04013,040 13,SK0422599875,Košice-Sídlisko Ťahanovce,Kosice-Sidlisko Tahanovce,Košice,SK0422,Košice I,SK042,Košický,48.75750,21.27256,673,1346,
04013,040 13,SK0423598224,Košice-Západ,Kosice-Zapad,Košice,SK0423,Košice II,SK042,Košický,48.70317,21.22210,1,2,
04013,040 13,SK0424598682,Košice-Dargovských hrdinov,Kosice-Dargovskych hrdinov,Košice,SK0424,Košice III,SK042,Košický,48.74311,21.26851,3,6,
04014,040 14,SK0424598682,Košice-Dargovských hrdinov,Kosice-Dargovskych hrdinov,Košice,SK0424,Košice III,SK042,Košický,48.77201,21.29501,2,4,
04014,040 14,SK0424599018,Košice-Košická Nová Ves,Kosice-Kosicka Nova Ves,Košice,SK0424,Košice III,SK042,Košický,48.72860,21.30228,1328,2656,
04015,040 15,SK0423598216,Košice-Myslava,Kosice-Myslava,Košice,SK0423,Košice II,SK042,Košický,48.72520,21.18947,102,204,
04015,040 15,SK0423599841,Košice-Šaca,Kosice-Saca,Košice,SK0423,Košice II,SK042,Košický,48.62874,21.17956,2772,5544,
04015,040 15,SK0423599859,Košice-Poľov,Kosice-Polov,Košice,SK0423,Košice II,SK042,Košický,48.66511,21.19182,453,906,
04015,040 15,SK0423599883,Košice-Sídlisko KVP,Kosice-Sidlisko KVP,Košice,SK0423,Košice II,SK042,Košický,48.70803,21.21817,174,348,
04016,040 16,SK0423598216,Košice-Myslava,Kosice-Myslava,Košice,SK0423,Košice II,SK042,Košický,48.71058,21.20439,1151,2302,
04016,040 16,SK0423598224,Košice-Západ,Kosice-Zapad,Košice,SK0423,Košice II,SK042,Košický,48.70055,21.22255,1,2,
04016,040 16,SK0426521159,Baška,Baska,,SK0426,Košice - okolie,SK042,Košický,48.70906,21.18136,365,365,
04017,040 17,SK0425599093,Košice-Barca,Kosice-Barca,Košice,SK0425,Košice IV,SK042,Košický,48.67893,21.26377,1583,3166,
04017,040 17,SK0425599786,Košice-Šebastovce,Kosice-Sebastovce,Košice,SK0425,Košice IV,SK042,Košický,48.65451,21.26663,291,582,
04017,040 17,SK0425599824,Košice-Juh,Kosice-Juh,Košice,SK0425,Košice IV,SK042,Košický,48.68471,21.26818,24,48,
04018,040 18,SK0425599794,Košice-Krásna,Kosice-Krasna,Košice,SK0425,Košice IV,SK042,Košický,48.67192,21.31741,2070,4140,
04018,040 18,SK0425599816,Košice-Nad jazerom,Kosice-Nad jazerom,Košice,SK0425,Košice IV,SK042,Košický,48.67250,21.30514,6,12,
04018,040 18,SK0426518140,Nižná Hutka,Nizna Hutka,,SK0426,Košice - okolie,SK042,Košický,48.65853,21.35931,239,239,
04018,040 18,SK0426522171,Vyšná Hutka,Vysna Hutka,,SK0426,Košice - okolie,SK042,Košický,48.67510,21.35404,256,256,
04022,040 22,SK0424598682,Košice-Dargovských hrdinov,Kosice-Dargovskych hrdinov,Košice,SK0424,Košice III,SK042,Košický,48.73494,21.28420,1084,2168,
04022,040 22,SK0424599018,Košice-Košická Nová Ves,Kosice-Kosicka Nova Ves,Košice,SK0424,Košice III,SK042,Košický,48.72860,21.30228,2,4,
04022,040 22,SK0425599913,Košice-Vyšné Opátske,Kosice-Vysne Opatske,Košice,SK0425,Košice IV,SK042,Košický,48.72014,21.29325,173,346,
04023,040 23,SK0423598216,Košice-Myslava,Kosice-Myslava,Košice,SK0423,Košice II,SK042,Košický,48.71239,21.20648,7,14,
04023,040 23,SK0423598224,Košice-Západ,Kosice-Zapad,Košice,SK0423,Košice II,SK042,Košický,48.72256,21.21808,23,46,
04023,040 23,SK0423599883,Košice-Sídlisko KVP,Kosice-Sidlisko KVP,Košice,SK0423,Košice II,SK042,Košický,48.71507,21.21249,616,1232,
04401,044 01,SK0426521337,Drienovec,Drienovec,,SK0426,Košice - okolie,SK042,Košický,48.61101,20.94749,571,571,
04402,044 02,SK0426518107,Hosťovce,Hostovce,,SK0426,Košice - okolie,SK042,Košický,48.57171,20.85456,118,118,
04402,044 02,SK0426518123,Háj,Haj,,SK0426,Košice - okolie,SK042,Košický,48.62975,20.85255,132,132,
04402,044 02,SK0426521396,Hačava,Hacava,,SK0426,Košice - okolie,SK042,Košický,48.66619,20.83902,158,158,
04402,044 02,SK0426521779,Turnianska Nová Ves,Turnianska Nova Ves,,SK0426,Košice - okolie,SK042,Košický,48.57848,20.88786,131,131,
04402,044 02,SK0426522252,Žarnov,Zarnov,,SK0426,Košice - okolie,SK042,Košický,48.58326,20.92411,160,160,
04402,044 02,SK0426559784,Turňa nad Bodvou,Turna nad Bodvou,,SK0426,Košice - okolie,SK042,Košický,48.60042,20.87821,767,767,
04402,044 02,SK0426559873,Dvorníky-Včeláre,Dvorniky-Vcelare,,SK0426,Košice - okolie,SK042,Košický,48.59953,20.83280,249,249,
04402,044 02,SK0426559881,Zádiel,Zadiel,,SK0426,Košice - okolie,SK042,Košický,48.61358,20.83259,88,88,
04402,044 02,SK0426599310,Chorváty,Chorvaty,,SK0426,Košice - okolie,SK042,Košický,48.56555,20.87397,72,72,
04405,044 05,SK0426521485,Janík,Janik,,SK0426,Košice - okolie,SK042,Košický,48.55572,20.96761,265,265,
04405,044 05,SK0426521868,Peder,Peder,,SK0426,Košice - okolie,SK042,Košický,48.57806,20.95173,164,164,
04410,044 10,SK0426521370,Geča,Geca,,SK0426,Košice - okolie,SK042,Košický,48.62537,21.30963,663,663,
04411,044 11,SK0426521981,Skároš,Skaros,,SK0426,Košice - okolie,SK042,Košický,48.58753,21.37909,353,353,
04411,044 11,SK0426522104,Trstené pri Hornáde,Trstene pri Hornade,,SK0426,Košice - okolie,SK042,Košický,48.57471,21.33516,510,510,
04411,044 11,SK0426522261,Ždaňa,Zdana,,SK0426,Košice - okolie,SK042,Košický,48.60238,21.34910,405,405,
04412,044 12,SK0426521469,Hýľov,Hylov,,SK0426,Košice - okolie,SK042,Košický,48.73017,21.10579,226,226,
04412,044 12,SK0426521752,Nižný Klátov,Nizny Klatov,,SK0426,Košice - okolie,SK042,Košický,48.72684,21.15091,711,711,
04412,044 12,SK0426522210,Vyšný Klátov,Vysny Klatov,,SK0426,Košice - okolie,SK042,Košický,48.74423,21.12403,187,187,
04413,044 13,SK0426521558,Kokšov-Bakša,Koksov-Baksa,,SK0426,Košice - okolie,SK042,Košický,48.64628,21.32394,440,440,
04413,044 13,SK0426522139,Valaliky,Valaliky,,SK0426,Košice - okolie,SK042,Košický,48.64091,21.29733,1363,1363,
04414,044 14,SK0426521299,Čaňa,Cana,,SK0426,Košice - okolie,SK042,Košický,48.61059,21.32347,2018,2018,
04414,044 14,SK0426521388,Gyňov,Gynov,,SK0426,Košice - okolie,SK042,Košický,48.58875,21.30368,259,259,
04415,044 15,SK0426521736,Nižná Myšľa,Nizna Mysla,,SK0426,Košice - okolie,SK042,Košický,48.62419,21.36490,464,464,
04415,044 15,SK0426522198,Vyšná Myšľa,Vysna Mysla,,SK0426,Košice - okolie,SK042,Košický,48.63469,21.38747,341,341,
04416,044 16,SK0426521191,Blažice,Blazice,,SK0426,Košice - okolie,SK042,Košický,48.66705,21.41139,152,152,
04416,044 16,SK0426521205,Bohdanovce,Bohdanovce,,SK0426,Košice - okolie,SK042,Košický,48.65655,21.39973,409,409,
04416,044 16,SK0426521744,Nižný Čaj,Nizny Caj,,SK0426,Košice - okolie,SK042,Košický,48.66598,21.39751,94,94,
04416,044 16,SK0426521906,Rákoš,Rakos,,SK0426,Košice - okolie,SK042,Košický,48.64287,21.42746,140,140,
04416,044 16,SK0426522201,Vyšný Čaj,Vysny Caj,,SK0426,Košice - okolie,SK042,Košický,48.68365,21.39974,109,109,
04417,044 17,SK0426518115,Slančík,Slancik,,SK0426,Košice - okolie,SK042,Košický,48.66061,21.49079,101,101,
04417,044 17,SK0426521809,Nový Salaš,Novy Salas,,SK0426,Košice - okolie,SK042,Košický,48.61136,21.47341,99,99,
04417,044 17,SK0426522007,Slanec,Slanec,,SK0426,Košice - okolie,SK042,Košický,48.63540,21.47559,495,495,
04417,044 17,SK0426522015,Slanská Huta,Slanska Huta,,SK0426,Košice - okolie,SK042,Košický,48.59869,21.46416,129,129,
04418,044 18,SK0426521507,Kalša,Kalsa,,SK0426,Košice - okolie,SK042,Košický,48.61340,21.52480,280,280,
04418,044 18,SK0426522023,Slanské Nové Mesto,Slanske Nove Mesto,,SK0426,Košice - okolie,SK042,Košický,48.63097,21.52270,216,216,
04419,044 19,SK0426521361,Ďurkov,Durkov,,SK0426,Košice - okolie,SK042,Košický,48.70877,21.44246,437,437,
04419,044 19,SK0426521825,Olšovany,Olsovany,,SK0426,Košice - okolie,SK042,Košický,48.70618,21.40649,169,169,
04419,044 19,SK0426521957,Ruskov,Ruskov,,SK0426,Košice - okolie,SK042,Košický,48.68250,21.43432,665,665,
04420,044 20,SK0426521248,Bukovec,Bukovec,,SK0426,Košice - okolie,SK042,Košický,48.71143,21.14710,374,374,
04420,044 20,SK0426521655,Malá Ida,Mala Ida,,SK0426,Košice - okolie,SK042,Košický,48.67754,21.16937,770,770,
04421,044 21,SK0426521426,Hodkovce,Hodkovce,,SK0426,Košice - okolie,SK042,Košický,48.67832,21.09999,160,160,
04421,044 21,SK0426521787,Nováčany,Novacany,,SK0426,Košice - okolie,SK042,Košický,48.69142,21.07149,298,298,
04421,044 21,SK0426522066,Šemša,Semsa,,SK0426,Košice - okolie,SK042,Košický,48.67722,21.11346,371,371,
04423,044 23,SK0426521493,Jasov,Jasov,,SK0426,Košice - okolie,SK042,Košický,48.68236,20.97450,758,758,
04423,044 23,SK0426521949,Rudník,Rudnik,,SK0426,Košice - okolie,SK042,Košický,48.69283,21.00875,282,282,
04424,044 24,SK0426521892,Poproč,Poproc,,SK0426,Košice - okolie,SK042,Košický,48.71142,20.97475,1062,1062,
04425,044 25,SK0426521671,Medzev,Medzev,,SK0426,Košice - okolie,SK042,Košický,48.70085,20.89037,1266,2532,
04425,044 25,SK0426582093,Vyšný Medzev,Vysny Medzev,,SK0426,Košice - okolie,SK042,Košický,48.71888,20.90802,375,375,
04426,044 26,SK0426522074,Štós,Stos,,SK0426,Košice - okolie,SK042,Košický,48.70944,20.78733,324,324,
04431,044 31,SK0426521345,Družstevná pri Hornáde,Druzstevna pri Hornade,,SK0426,Košice - okolie,SK042,Košický,48.80209,21.24962,731,731,
04431,044 31,SK0426522031,Sokoľ,Sokol,,SK0426,Košice - okolie,SK042,Košický,48.81356,21.22012,433,433,
04431,044 31,SK0426582514,Kostoľany nad Hornádom,Kostolany nad Hornadom,,SK0426,Košice - okolie,SK042,Košický,48.79429,21.24030,548,548,
04441,044 41,SK0426521582,Košická Polianka,Kosicka Polianka,,SK0426,Košice - okolie,SK042,Košický,48.69276,21.34664,351,351,
04441,044 41,SK0426521965,Sady nad Torysou,Sady nad Torysou,,SK0426,Košice - okolie,SK042,Košický,48.70758,21.34382,564,564,
04442,044 42,SK0426521175,Beniakovce,Beniakovce,,SK0426,Košice - okolie,SK042,Košický,48.76766,21.31569,303,303,
04442,044 42,SK0426521442,Hrašovík,Hrasovik,,SK0426,Košice - okolie,SK042,Košický,48.74647,21.32008,173,173,
04442,044 42,SK0426521591,Košické Oľšany,Kosicke Olsany,,SK0426,Košice - okolie,SK042,Košický,48.73028,21.34262,436,436,
04442,044 42,SK0426521931,Rozhanovce,Rozhanovce,,SK0426,Košice - okolie,SK042,Košický,48.75161,21.34422,831,831,
04443,044 43,SK0426521221,Budimír,Budimir,,SK0426,Košice - okolie,SK042,Košický,48.79910,21.30188,500,500,
04443,044 43,SK0426522121,Vajkovce,Vajkovce,,SK0426,Košice - okolie,SK042,Košický,48.78318,21.32558,321,321,
04444,044 44,SK0426521477,Chrastné,Chrastne,,SK0426,Košice - okolie,SK042,Košický,48.79366,21.35413,223,223,
04444,044 44,SK0426521612,Kráľovce,Kralovce,,SK0426,Košice - okolie,SK042,Košický,48.80294,21.32911,263,263,
04444,044 44,SK0426521795,Nová Polhora,Nova Polhora,,SK0426,Košice - okolie,SK042,Košický,48.83099,21.31858,180,180,
04444,044 44,SK0426521884,Ploské,Ploske,,SK0426,Košice - okolie,SK042,Košický,48.81688,21.32701,362,362,
04445,044 45,SK0426521141,Bačkovík,Backovik,,SK0426,Košice - okolie,SK042,Košický,48.78199,21.43287,128,128,
04445,044 45,SK0426521183,Bidovce,Bidovce,,SK0426,Košice - okolie,SK042,Košický,48.73723,21.44049,453,453,
04445,044 45,SK0426521281,Čakanovce,Cakanovce,,SK0426,Košice - okolie,SK042,Košický,48.76699,21.44214,164,164,
04445,044 45,SK0426521353,Ďurďošík,Durdosik,,SK0426,Košice - okolie,SK042,Košický,48.74111,21.41339,289,289,
04445,044 45,SK0426521418,Herľany,Herlany,,SK0426,Košice - okolie,SK042,Košický,48.79771,21.47589,135,135,
04445,044 45,SK0426521604,Košický Klečenov,Kosicky Klecenov,,SK0426,Košice - okolie,SK042,Košický,48.74325,21.50823,158,158,
04445,044 45,SK0426521728,Nižná Kamenica,Nizna Kamenica,,SK0426,Košice - okolie,SK042,Košický,48.76020,21.47804,292,292,
04445,044 45,SK0426521914,Rankovce,Rankovce,,SK0426,Košice - okolie,SK042,Košický,48.81089,21.46189,156,156,
04445,044 45,SK0426522040,Svinica,Svinica,,SK0426,Košice - okolie,SK042,Košický,48.73384,21.46319,345,345,
04445,044 45,SK0426522091,Trsťany,Trstany,,SK0426,Košice - okolie,SK042,Košický,48.75879,21.40650,143,143,
04445,044 45,SK0426522180,Vyšná Kamenica,Vysna Kamenica,,SK0426,Košice - okolie,SK042,Košický,48.78002,21.48315,159,159,
04447,044 47,SK0426521213,Boliarov,Boliarov,,SK0426,Košice - okolie,SK042,Košický,48.80239,21.43137,169,169,
04447,044 47,SK0426521256,Bunetice,Bunetice,,SK0426,Košice - okolie,SK042,Košický,48.86114,21.39358,54,54,
04447,044 47,SK0426521311,Čižatice,Cizatice,,SK0426,Košice - okolie,SK042,Košický,48.79591,21.39234,153,153,
04447,044 47,SK0426521523,Kecerovce,Kecerovce,,SK0426,Košice - okolie,SK042,Košický,48.82545,21.41466,389,389,
04447,044 47,SK0426521540,Kecerovský Lipovec,Kecerovsky Lipovec,,SK0426,Košice - okolie,SK042,Košický,48.84438,21.43446,59,59,
04447,044 47,SK0426521701,Mudrovce,Mudrovce,,SK0426,Košice - okolie,SK042,Košický,48.82803,21.44952,34,34,
04447,044 47,SK0426521841,Opiná,Opina,,SK0426,Košice - okolie,SK042,Košický,48.85394,21.42714,74,74,
04447,044 47,SK0426522163,Vtáčkovce,Vtackovce,,SK0426,Košice - okolie,SK042,Košický,48.84384,21.38719,89,89,
04455,044 55,SK0426521566,Komárovce,Komarovce,,SK0426,Košice - okolie,SK042,Košický,48.57288,21.12028,192,192,
04455,044 55,SK0426522147,Veľká Ida,Velka Ida,,SK0426,Košice - okolie,SK042,Košický,48.59443,21.16755,781,781,
04457,044 57,SK0426521400,Haniska,Haniska,,SK0426,Košice - okolie,SK042,Košický,48.62041,21.25373,635,635,
04457,044 57,SK0426559831,Bočiar,Bociar,,SK0426,Košice - okolie,SK042,Košický,48.59232,21.23512,89,89,
04457,044 57,SK0426559865,Sokoľany,Sokolany,,SK0426,Košice - okolie,SK042,Košický,48.61533,21.21540,700,700,
04458,044 58,SK0426521167,Belža,Belza,,SK0426,Košice - okolie,SK042,Košický,48.58014,21.27225,185,185,
04458,044 58,SK0426521973,Seňa,Sena,,SK0426,Košice - okolie,SK042,Košický,48.56135,21.25911,685,685,
04458,044 58,SK0426559687,Kechnec,Kechnec,,SK0426,Košice - okolie,SK042,Košický,48.55230,21.26344,372,372,
04458,044 58,SK0426580252,Milhosť,Milhost,,SK0426,Košice - okolie,SK042,Košický,48.53906,21.26768,147,147,
04461,044 61,SK0426522244,Zlatá Idka,Zlata Idka,,SK0426,Košice - okolie,SK042,Košický,48.74940,21.00785,377,377,
04465,044 65,SK0426521574,Košická Belá,Kosicka Bela,,SK0426,Košice - okolie,SK042,Košický,48.81890,21.08406,851,851,
04465,044 65,SK0426521833,Opátka,Opatka,,SK0426,Košice - okolie,SK042,Košický,48.78745,21.05835,79,79,
04471,044 71,SK0426521272,Cestice,Cestice,,SK0426,Košice - okolie,SK042,Košický,48.59172,21.10071,331,331,
04471,044 71,SK0426521302,Čečejovce,Cecejovce,,SK0426,Košice - okolie,SK042,Košický,48.59412,21.06334,772,772,
04471,044 71,SK0426521850,Paňovce,Panovce,,SK0426,Košice - okolie,SK042,Košický,48.64710,21.06214,286,286,
04473,044 73,SK0426521264,Buzica,Buzica,,SK0426,Košice - okolie,SK042,Košický,48.53156,21.07602,348,348,
04473,044 73,SK0426521761,Nižný Lánec,Nizny Lanec,,SK0426,Košice - okolie,SK042,Košický,48.53666,21.10962,107,107,
04473,044 73,SK0426521922,Rešica,Resica,,SK0426,Košice - okolie,SK042,Košický,48.54208,21.04019,150,150,
04474,044 74,SK0426521876,Perín-Chym,Perin-Chym,,SK0426,Košice - okolie,SK042,Košický,48.53168,21.17092,589,589,
04481,044 81,SK0426521639,Kysak,Kysak,,SK0426,Košice - okolie,SK042,Košický,48.85530,21.21536,699,699,
04481,044 81,SK0426521663,Malá Lodina,Mala Lodina,,SK0426,Košice - okolie,SK042,Košický,48.87807,21.13226,143,143,
04481,044 81,SK0426521817,Obišovce,Obisovce,,SK0426,Košice - okolie,SK042,Košický,48.86224,21.23610,234,234,
04481,044 81,SK0426522082,Trebejov,Trebejov,,SK0426,Košice - okolie,SK042,Košický,48.83793,21.21789,220,220,
04481,044 81,SK0426522155,Veľká Lodina,Velka Lodina,,SK0426,Košice - okolie,SK042,Košický,48.85866,21.15891,183,183,
04501,045 01,SK0426521329,Debraď,Debrad,,SK0426,Košice - okolie,SK042,Košický,48.65133,20.97755,193,193,
04501,045 01,SK0426521680,Mokrance,Mokrance,,SK0426,Košice - okolie,SK042,Košický,48.59603,21.02276,585,585,
04501,045 01,SK0426521698,Moldava nad Bodvou,Moldava nad Bodvou,,SK0426,Košice - okolie,SK042,Košický,48.61455,20.99655,2183,4366,
04801,048 01,SK0428525529,Rožňava,Roznava,,SK0428,Rožňava,SK042,Košický,48.65896,20.53222,3772,7544,
04801,048 01,SK0428526215,Rudná,Rudna,,SK0428,Rožňava,SK042,Košický,48.65897,20.48873,361,361,
04801,048 01,SK0428560031,Čučma,Cucma,,SK0428,Rožňava,SK042,Košický,48.69033,20.54282,252,252,
04901,049 01,SK0328525987,Muráň,Muran,,SK0328,Revúca,SK032,Banskobystrický,48.74005,20.04531,506,506,
04901,049 01,SK0328526002,Muránska Huta,Muranska Huta,,SK0328,Revúca,SK032,Banskobystrický,48.77562,20.11342,148,148,
04901,049 01,SK0328526011,Muránska Lehota,Muranska Lehota,,SK0328,Revúca,SK032,Banskobystrický,48.72734,20.04735,106,106,
04911,049 11,SK0428526096,Plešivec,Plesivec,,SK0428,Rožňava,SK042,Košický,48.54653,20.40370,668,668,
04911,049 11,SK0428526231,Silická Brezová,Silicka Brezova,,SK0428,Rožňava,SK042,Košický,48.53269,20.48523,83,83,
04911,049 11,SK0428526266,Slavec,Slavec,,SK0428,Rožňava,SK042,Košický,48.58314,20.46631,180,180,
04912,049 12,SK0428525553,Bohúňovo,Bohunovo,,SK0428,Rožňava,SK042,Košický,48.51331,20.38203,132,132,
04912,049 12,SK0428525600,Čoltovo,Coltovo,,SK0428,Rožňava,SK042,Košický,48.49478,20.37535,174,174,
04912,049 12,SK0428525651,Gemerská Hôrka,Gemerska Horka,,SK0428,Rožňava,SK042,Košický,48.53486,20.37788,410,410,
04912,049 12,SK0428525961,Meliata,Meliata,,SK0428,Rožňava,SK042,Košický,48.51565,20.33078,104,104,
04913,049 13,SK0328525685,Gemerský Sad,Gemersky Sad,,SK0328,Revúca,SK032,Banskobystrický,48.58083,20.32099,114,114,
04913,049 13,SK0328525766,Hucín,Hucin,,SK0328,Revúca,SK032,Banskobystrický,48.56551,20.29928,248,248,
04914,049 14,SK0328525901,Licince,Licince,,SK0328,Revúca,SK032,Banskobystrický,48.53896,20.29799,160,160,
04914,049 14,SK0328526100,Prihradzany,Prihradzany,,SK0328,Revúca,SK032,Banskobystrický,48.58391,20.23945,52,52,
04914,049 14,SK0328526304,Šivetice,Sivetice,,SK0328,Revúca,SK032,Banskobystrický,48.58158,20.27581,101,101,
04916,049 16,SK0328525677,Gemerské Teplice,Gemerske Teplice,,SK0328,Revúca,SK032,Banskobystrický,48.60118,20.27761,126,126,
04916,049 16,SK0328525791,Jelšava,Jelsava,,SK0328,Revúca,SK032,Banskobystrický,48.63068,20.23841,663,1326,
04916,049 16,SK0328525944,Magnezitovce,Magnezitovce,,SK0328,Revúca,SK032,Banskobystrický,48.67010,20.22790,167,167,
04918,049 18,SK0328525774,Chyžné,Chyzne,,SK0328,Revúca,SK032,Banskobystrický,48.66358,20.20130,159,159,
04918,049 18,SK0328525791,Jelšava,Jelsava,,SK0328,Revúca,SK032,Banskobystrický,48.65086,20.20541,4,8,
04918,049 18,SK0328525928,Lubeník,Lubenik,,SK0328,Revúca,SK032,Banskobystrický,48.65551,20.19407,368,368,
04918,049 18,SK0328526151,Revúcka Lehota,Revucka Lehota,,SK0328,Revúca,SK032,Banskobystrický,48.67086,20.17983,140,140,
04918,049 18,SK0328526321,Turčok,Turcok,,SK0328,Revúca,SK032,Banskobystrický,48.64070,20.14791,135,135,Turčok
04921,049 21,SK0428525545,Betliar,Betliar,,SK0428,Rožňava,SK042,Košický,48.70276,20.50712,587,587,
04922,049 22,SK0428525669,Gemerská Poloma,Gemerska Poloma,,SK0428,Rožňava,SK042,Košický,48.71232,20.47943,808,808,
04923,049 23,SK0428525723,Henckovce,Henckovce,,SK0428,Rožňava,SK042,Košický,48.71279,20.43245,192,192,
04923,049 23,SK0428525839,Kobeliarovo,Kobeliarovo,,SK0428,Rožňava,SK042,Košický,48.74436,20.37218,146,146,
04923,049 23,SK0428526045,Nižná Slaná,Nizna Slana,,SK0428,Rožňava,SK042,Košický,48.72688,20.41058,347,347,
04924,049 24,SK0428525707,Gočovo,Gocovo,,SK0428,Rožňava,SK042,Košický,48.75889,20.41778,215,215,
04924,049 24,SK0428526339,Vlachovo,Vlachovo,,SK0428,Rožňava,SK042,Košický,48.77411,20.41421,360,360,
04925,049 25,SK0428525634,Dobšiná,Dobsina,,SK0428,Rožňava,SK042,Košický,48.82083,20.36693,1318,2636,
04926,049 26,SK0428526134,Rejdová,Rejdova,,SK0428,Rožňava,SK042,Košický,48.79028,20.28379,387,387,
04926,049 26,SK0428526347,Vyšná Slaná,Vysna Slana,,SK0428,Rožňava,SK042,Košický,48.78644,20.31814,244,244,
04931,049 31,SK0428526126,Rakovnica,Rakovnica,,SK0428,Rožňava,SK042,Košický,48.65793,20.45938,364,364,
04931,049 31,SK0428526207,Rožňavské Bystré,Roznavske Bystre,,SK0428,Rožňava,SK042,Košický,48.66524,20.44103,228,228,
04932,049 32,SK0428525693,Gočaltovo,Gocaltovo,,SK0428,Rožňava,SK042,Košický,48.63819,20.34562,87,87,
04932,049 32,SK0428525731,Honce,Honce,,SK0428,Rožňava,SK042,Košický,48.66784,20.40740,225,225,
04932,049 32,SK0428525898,Kunova Teplica,Kunova Teplica,,SK0428,Rožňava,SK042,Košický,48.61131,20.38167,207,207,
04932,049 32,SK0428526070,Pašková,Paskova,,SK0428,Rožňava,SK042,Košický,48.59179,20.38343,100,100,
04932,049 32,SK0428526193,Rozložná,Rozlozna,,SK0428,Rožňava,SK042,Košický,48.61760,20.35011,82,82,
04932,049 32,SK0428526312,Štítnik,Stitnik,,SK0428,Rožňava,SK042,Košický,48.65893,20.36456,623,623,
04934,049 34,SK0428525570,Brdárka,Brdarka,,SK0428,Rožňava,SK042,Košický,48.76746,20.33837,52,52,
04934,049 34,SK0428525715,Hanková,Hankova,,SK0428,Rožňava,SK042,Košický,48.74926,20.31342,55,55,
04934,049 34,SK0428525952,Markuška,Markuska,,SK0428,Rožňava,SK042,Košický,48.72980,20.32520,64,64,
04934,049 34,SK0428526274,Slavoška,Slavoska,,SK0428,Rožňava,SK042,Košický,48.72721,20.33755,56,56,
04935,049 35,SK0428525847,Koceľovce,Kocelovce,,SK0428,Rožňava,SK042,Košický,48.70901,20.34197,101,101,
04935,049 35,SK0428526053,Ochtiná,Ochtina,,SK0428,Rožňava,SK042,Košický,48.68324,20.32564,230,230,
04935,049 35,SK0428526088,Petrovo,Petrovo,,SK0428,Rožňava,SK042,Košický,48.71377,20.36309,55,55,
04935,049 35,SK0428526185,Roštár,Rostar,,SK0428,Rožňava,SK042,Košický,48.69198,20.34979,174,174,
04936,049 36,SK0428525596,Čierna Lehota,Cierna Lehota,,SK0428,Rožňava,SK042,Košický,48.72329,20.25257,272,272,
04936,049 36,SK0428526177,Rochovce,Rochovce,,SK0428,Rožňava,SK042,Košický,48.70214,20.30031,161,161,
04936,049 36,SK0428526282,Slavošovce,Slavosovce,,SK0428,Rožňava,SK042,Košický,48.71594,20.27426,552,552,
04941,049 41,SK0428525871,Krásnohorské Podhradie,Krasnohorske Podhradie,,SK0428,Rožňava,SK042,Košický,48.65245,20.59900,734,734,
04941,049 41,SK0428526061,Pača,Paca,,SK0428,Rožňava,SK042,Košický,48.67905,20.60916,250,250,
04942,049 42,SK0428525561,Bôrka,Borka,,SK0428,Rožňava,SK042,Košický,48.63215,20.76465,168,168,
04942,049 42,SK0428525642,Drnava,Drnava,,SK0428,Rožňava,SK042,Košický,48.64055,20.65608,310,310,
04942,049 42,SK0428525855,Kováčová,Kovacova,,SK0428,Rožňava,SK042,Košický,48.64032,20.69890,83,83,
04942,049 42,SK0428525910,Lipovník,Lipovnik,,SK0428,Rožňava,SK042,Košický,48.62889,20.62128,364,364,
04942,049 42,SK0428525936,Lúčka,Lucka,,SK0428,Rožňava,SK042,Košický,48.63571,20.72232,121,121,
04943,049 43,SK0428525758,Hrušov,Hrusov,,SK0428,Rožňava,SK042,Košický,48.58537,20.63464,248,248,
04943,049 43,SK0428525782,Jablonov nad Turňou,Jablonov nad Turnou,,SK0428,Rožňava,SK042,Košický,48.59162,20.67156,439,439,
04943,049 43,SK0428526240,Silická Jablonica,Silicka Jablonica,,SK0428,Rožňava,SK042,Košický,48.55864,20.60903,173,173,
04944,049 44,SK0428525740,Hrhov,Hrhov,,SK0428,Rožňava,SK042,Košický,48.60590,20.74873,535,535,
04945,049 45,SK0428525863,Krásnohorská Dlhá Lúka,Krasnohorska Dlha Luka,,SK0428,Rožňava,SK042,Košický,48.62499,20.57803,306,306,
04945,049 45,SK0428560049,Jovice,Jovice,,SK0428,Rožňava,SK042,Košický,48.63171,20.54997,297,297,
04951,049 51,SK0428560022,Brzotín,Brzotin,,SK0428,Rožňava,SK042,Košický,48.63152,20.49646,483,483,
04951,049 51,SK0428560065,Kružná,Kruzna,,SK0428,Rožňava,SK042,Košický,48.63798,20.47254,175,175,
04952,049 52,SK0428526223,Silica,Silica,,SK0428,Rožňava,SK042,Košický,48.55532,20.52243,276,276,
04955,049 55,SK0428525537,Ardovo,Ardovo,,SK0428,Rožňava,SK042,Košický,48.53249,20.41682,90,90,
04955,049 55,SK0428525626,Dlhá Ves,Dlha Ves,,SK0428,Rožňava,SK042,Košický,48.49426,20.43884,239,239,
04955,049 55,SK0428525821,Kečovo,Kecovo,,SK0428,Rožňava,SK042,Košický,48.49204,20.48486,176,176,
04961,049 61,SK0328526037,Nandraž,Nandraz,,SK0328,Revúca,SK032,Banskobystrický,48.60812,20.18700,87,87,
04961,049 61,SK0328526118,Rákoš,Rakos,,SK0328,Revúca,SK032,Banskobystrický,48.60097,20.14659,198,198,
04962,049 62,SK0328525812,Kameňany,Kamenany,,SK0328,Revúca,SK032,Banskobystrický,48.57773,20.19235,233,233,
04964,049 64,SK0328526258,Sirk,Sirk,,SK0328,Revúca,SK032,Banskobystrický,48.61873,20.10569,342,342,
04964,049 64,SK0328526321,Turčok,Turcok,,SK0328,Revúca,SK032,Banskobystrický,48.63078,20.12285,17,17,Turčocký Železník
04971,049 71,SK0428526291,Stratená,Stratena,,SK0428,Rožňava,SK042,Košický,48.87139,20.33244,143,143,
04973,049 73,SK0428525618,Dedinky,Dedinky,,SK0428,Rožňava,SK042,Košický,48.86563,20.37794,283,283,
05001,050 01,SK0328525995,Muránska Dlhá Lúka,Muranska Dlha Luka,,SK0328,Revúca,SK032,Banskobystrický,48.71706,20.08028,312,312,
05001,050 01,SK0328526029,Muránska Zdychava,Muranska Zdychava,,SK0328,Revúca,SK032,Banskobystrický,48.74532,20.14138,205,205,
05001,050 01,SK0328526142,Revúca,Revuca,,SK0328,Revúca,SK032,Banskobystrický,48.68543,20.11619,3273,6546,
05001,050 01,SK0328580384,Mokrá Lúka,Mokra Luka,,SK0328,Revúca,SK032,Banskobystrický,48.67370,20.14876,259,259,
05201,052 01,SK042A526355,Spišská Nová Ves,Spisska Nova Ves,,SK042A,Spišská Nová Ves,SK042,Košický,48.94120,20.55842,7232,14464,
05201,052 01,SK042A543586,Spišské Tomášovce,Spisske Tomasovce,,SK042A,Spišská Nová Ves,SK042,Košický,48.95831,20.47338,683,683,
05201,052 01,SK042A543667,Teplička,Teplicka,,SK042A,Spišská Nová Ves,SK042,Košický,48.90663,20.58279,417,417,
05205,052 05,SK042A526355,Spišská Nová Ves,Spisska Nova Ves,,SK042A,Spišská Nová Ves,SK042,Košický,48.94509,20.54516,259,518,
05301,053 01,SK042A526533,Harichovce,Harichovce,,SK042A,Spišská Nová Ves,SK042,Košický,48.96309,20.58289,602,602,
05302,053 02,SK0414526461,Doľany,Dolany,,SK0414,Levoča,SK041,Prešovský,49.01490,20.65250,98,98,
05302,053 02,SK0414526479,Domaňovce,Domanovce,,SK0414,Levoča,SK041,Prešovský,48.96314,20.66001,287,287,
05302,053 02,SK0414543225,Klčov,Klcov,,SK0414,Levoča,SK041,Prešovský,49.00418,20.66841,222,222,
05302,053 02,SK0414543381,Nemešany,Nemesany,,SK0414,Levoča,SK041,Prešovský,49.00189,20.68449,166,166,
05302,053 02,SK0414543608,Spišský Hrhov,Spissky Hrhov,,SK0414,Levoča,SK041,Prešovský,48.99927,20.64116,551,551,
05303,053 03,SK0414543179,Jablonov,Jablonov,,SK0414,Levoča,SK041,Prešovský,49.01688,20.72024,281,281,
05303,053 03,SK0414543314,Lúčka,Lucka,,SK0414,Levoča,SK041,Prešovský,49.02648,20.72981,54,54,
05304,053 04,SK0414526371,Baldovce,Baldovce,,SK0414,Levoča,SK041,Prešovský,48.99208,20.71338,66,66,
05304,053 04,SK0414526428,Buglovce,Buglovce,,SK0414,Levoča,SK041,Prešovský,48.98578,20.69481,83,83,
05304,053 04,SK0414543578,Spišské Podhradie,Spisske Podhradie,,SK0414,Levoča,SK041,Prešovský,49.00123,20.75276,1098,2196,
05304,053 04,SK0414543641,Studenec,Studenec,,SK0414,Levoča,SK041,Prešovský,49.01223,20.76901,197,197,
05305,053 05,SK0414526380,Beharovce,Beharovce,,SK0414,Levoča,SK041,Prešovský,49.00394,20.81154,94,94,
05305,053 05,SK0414526495,Dúbrava,Dubrava,,SK0414,Levoča,SK041,Prešovský,48.98519,20.84718,139,139,
05305,053 05,SK0414526517,Granč-Petrovce,Granc-Petrovce,,SK0414,Levoča,SK041,Prešovský,48.99683,20.80360,247,247,
05305,053 05,SK0414526525,Harakovce,Harakovce,,SK0414,Levoča,SK041,Prešovský,48.99837,20.84772,39,39,
05305,053 05,SK0414543462,Poľanovce,Polanovce,,SK0414,Levoča,SK041,Prešovský,49.02424,20.84425,102,102,
05305,053 05,SK0414543471,Pongrácovce,Pongracovce,,SK0414,Levoča,SK041,Prešovský,49.01925,20.82305,59,59,
05305,053 05,SK0414581640,Korytné,Korytne,,SK0414,Levoča,SK041,Prešovský,49.00999,20.83834,33,33,
05306,053 06,SK0414526401,Bijacovce,Bijacovce,,SK0414,Levoča,SK041,Prešovský,49.02407,20.79853,237,237,
05306,053 06,SK0414543446,Ordzovany,Ordzovany,,SK0414,Levoča,SK041,Prešovský,49.03406,20.78670,77,77,
05311,053 11,SK042A543161,Iliašovce,Iliasovce,,SK042A,Spišská Nová Ves,SK042,Košický,48.99013,20.52592,312,312,
05311,053 11,SK042A560154,Smižany,Smizany,,SK042A,Spišská Nová Ves,SK042,Košický,48.95555,20.52123,2378,2378,
05313,053 13,SK042A526363,Arnutovce,Arnutovce,,SK042A,Spišská Nová Ves,SK042,Košický,48.97831,20.49457,144,144,
05313,053 13,SK042A543284,Letanovce,Letanovce,,SK042A,Spišská Nová Ves,SK042,Košický,48.98114,20.46060,531,531,
05314,053 14,SK0414526487,Dravce,Dravce,,SK0414,Levoča,SK041,Prešovský,49.02010,20.48620,262,262,
05314,053 14,SK0414543624,Spišský Štvrtok,Spissky Stvrtok,,SK0414,Levoča,SK041,Prešovský,49.00041,20.46627,688,688,
05315,053 15,SK042A526398,Betlanovce,Betlanovce,,SK042A,Spišská Nová Ves,SK042,Košický,48.97908,20.39099,214,214,
05315,053 15,SK042A526592,Hrabušice,Hrabusice,,SK042A,Spišská Nová Ves,SK042,Košický,48.97679,20.41103,740,740,
05321,053 21,SK042A543306,Lieskovany,Lieskovany,,SK042A,Spišská Nová Ves,SK042,Košický,48.92835,20.60286,121,121,
05321,053 21,SK042A543331,Markušovce,Markusovce,,SK042A,Spišská Nová Ves,SK042,Košický,48.91330,20.62738,721,721,
05321,053 21,SK042A543349,Matejovce nad Hornádom,Matejovce nad Hornadom,,SK042A,Spišská Nová Ves,SK042,Košický,48.91599,20.67007,186,186,
05322,053 22,SK042A526444,Danišovce,Danisovce,,SK042A,Spišská Nová Ves,SK042,Košický,48.94907,20.61983,155,155,
05322,053 22,SK042A543195,Jamník,Jamnik,,SK042A,Spišská Nová Ves,SK042,Košický,48.94376,20.66254,356,356,
05322,053 22,SK042A543403,Odorín,Odorin,,SK042A,Spišská Nová Ves,SK042,Košický,48.93316,20.63431,326,326,
05323,053 23,SK042A543489,Poráč,Porac,,SK042A,Spišská Nová Ves,SK042,Košický,48.88386,20.72422,411,411,
05323,053 23,SK042A543519,Rudňany,Rudnany,,SK042A,Spišská Nová Ves,SK042,Košický,48.88159,20.67738,494,494,
05331,053 31,SK042A526355,Spišská Nová Ves,Spisska Nova Ves,,SK042A,Spišská Nová Ves,SK042,Košický,48.90062,20.51563,406,812,
05332,053 32,SK042A526576,Hnilčík,Hnilcik,,SK042A,Spišská Nová Ves,SK042,Košický,48.86284,20.56084,447,447,
05333,053 33,SK0421526550,Henclová,Henclova,,SK0421,Gelnica,SK042,Košický,48.78650,20.59510,111,111,
05333,053 33,SK0421526631,Závadka,Zavadka,,SK0421,Gelnica,SK042,Košický,48.86573,20.61774,245,245,
05333,053 33,SK0421543373,Nálepkovo,Nalepkovo,,SK0421,Gelnica,SK042,Košický,48.83728,20.61554,880,880,
05334,053 34,SK0421543632,Stará Voda,Stara Voda,,SK0421,Gelnica,SK042,Košický,48.79808,20.67505,179,179,
05334,053 34,SK0421543659,Švedlár,Svedlar,,SK0421,Gelnica,SK042,Košický,48.81211,20.71434,596,596,
05340,053 40,SK042A543535,Slovinky,Slovinky,,SK042A,Spišská Nová Ves,SK042,Košický,48.87683,20.84121,608,608,
05342,053 42,SK042A543209,Kaľava,Kalava,,SK042A,Spišská Nová Ves,SK042,Košický,48.93482,20.86836,141,141,
05342,053 42,SK042A543250,Kolinovce,Kolinovce,,SK042A,Spišská Nová Ves,SK042,Košický,48.92788,20.85295,190,190,
05342,053 42,SK042A543268,Krompachy,Krompachy,,SK042A,Spišská Nová Ves,SK042,Košický,48.91480,20.87553,2047,4094,
05351,053 51,SK0421543144,Hrišovce,Hrisovce,,SK0421,Gelnica,SK042,Košický,48.94542,20.90825,118,118,
05351,053 51,SK0421543233,Kluknava,Kluknava,,SK0421,Gelnica,SK042,Košický,48.92681,20.94074,696,696,
05351,053 51,SK0421543501,Richnava,Richnava,,SK0421,Gelnica,SK042,Košický,48.92631,20.92099,318,318,
05361,053 61,SK042A526657,Žehra,Zehra,,SK042A,Spišská Nová Ves,SK042,Košický,48.97944,20.78954,187,187,
05361,053 61,SK042A543411,Olcnava,Olcnava,,SK042A,Spišská Nová Ves,SK042,Košický,48.92695,20.75313,320,320,
05361,053 61,SK042A543438,Oľšavka,Olsavka,,SK042A,Spišská Nová Ves,SK042,Košický,48.96444,20.82273,69,69,
05361,053 61,SK042A543527,Slatvina,Slatvina,,SK042A,Spišská Nová Ves,SK042,Košický,48.96150,20.84267,106,106,
05361,053 61,SK042A543594,Spišské Vlachy,Spisske Vlachy,,SK042A,Spišská Nová Ves,SK042,Košický,48.94610,20.79751,1611,3222,
05361,053 61,SK042A543721,Vojkovce,Vojkovce,,SK042A,Spišská Nová Ves,SK042,Košický,48.95388,20.86080,142,142,
05362,053 62,SK042A526436,Bystrany,Bystrany,,SK042A,Spišská Nová Ves,SK042,Košický,48.94942,20.75769,318,318,
05363,053 63,SK042A526568,Hincovce,Hincovce,,SK042A,Spišská Nová Ves,SK042,Košický,48.96159,20.72490,85,85,
05363,053 63,SK042A543152,Chrasť nad Hornádom,Chrast nad Hornadom,,SK042A,Spišská Nová Ves,SK042,Košický,48.92623,20.69970,192,192,
05363,053 63,SK042A543616,Spišský Hrušov,Spissky Hrusov,,SK042A,Spišská Nová Ves,SK042,Košický,48.94627,20.70620,402,402,
05363,053 63,SK042A543713,Vítkovce,Vitkovce,,SK042A,Spišská Nová Ves,SK042,Košický,48.92607,20.71767,119,119,
05371,053 71,SK0414526606,Vyšné Repaše,Vysne Repase,,SK0414,Levoča,SK041,Prešovský,49.06648,20.68540,101,101,
05371,053 71,SK0414543390,Nižné Repaše,Nizne Repase,,SK0414,Levoča,SK041,Prešovský,49.08701,20.70344,108,108,
05371,053 71,SK0414543454,Pavľany,Pavlany,,SK0414,Levoča,SK041,Prešovský,49.05690,20.71327,57,57,
05371,053 71,SK0414543675,Torysky,Torysky,,SK0414,Levoča,SK041,Prešovský,49.09590,20.67710,179,179,
05371,053 71,SK0414543691,Uloža,Uloza,,SK0414,Levoča,SK041,Prešovský,49.04368,20.64543,141,141,
05373,053 73,SK0414526410,Brutovce,Brutovce,,SK0414,Levoča,SK041,Prešovský,49.08617,20.77596,97,97,
05373,053 73,SK0414526614,Vyšný Slavkov,Vysny Slavkov,,SK0414,Levoča,SK041,Prešovský,49.07202,20.85397,169,169,
05373,053 73,SK0414543420,Oľšavica,Olsavica,,SK0414,Levoča,SK041,Prešovský,49.08317,20.75320,137,137,
05375,053 75,SK042A526584,Hnilec,Hnilec,,SK042A,Spišská Nová Ves,SK042,Košický,48.83304,20.50073,305,305,
05376,053 76,SK042A543357,Mlynky,Mlynky,,SK042A,Spišská Nová Ves,SK042,Košický,48.85611,20.41203,431,431,
05401,054 01,SK0414526452,Dlhé Stráže,Dlhe Straze,,SK0414,Levoča,SK041,Prešovský,49.02622,20.52114,139,139,
05401,054 01,SK0414543276,Kurimany,Kurimany,,SK0414,Levoča,SK041,Prešovský,48.99909,20.54201,130,130,
05401,054 01,SK0414543292,Levoča,Levoca,,SK0414,Levoča,SK041,Prešovský,49.02379,20.58723,3820,7640,
05501,055 01,SK0421543322,Margecany,Margecany,,SK0421,Gelnica,SK042,Košický,48.89174,21.01647,823,823,
05551,055 51,SK0421543705,Veľký Folkmar,Velky Folkmar,,SK0421,Gelnica,SK042,Košický,48.85641,21.01449,491,491,
05552,055 52,SK0421543241,Kojšov,Kojsov,,SK0421,Gelnica,SK042,Košický,48.82202,20.98700,382,382,
05561,055 61,SK0421543187,Jaklovce,Jaklovce,,SK0421,Gelnica,SK042,Košický,48.87629,20.99766,892,892,
05562,055 62,SK0421543497,Prakovce,Prakovce,,SK0421,Gelnica,SK042,Košický,48.81398,20.90517,714,714,
05563,055 63,SK0421526541,Helcmanovce,Helcmanovce,,SK0421,Gelnica,SK042,Košický,48.83092,20.86954,622,622,
05564,055 64,SK0421543365,Mníšek nad Hnilcom,Mnisek nad Hnilcom,,SK0421,Gelnica,SK042,Košický,48.80363,20.80470,571,571,
05565,055 65,SK0421543551,Smolnícka Huta,Smolnicka Huta,,SK0421,Gelnica,SK042,Košický,48.74903,20.77671,257,257,
05566,055 66,SK0421543560,Smolník,Smolnik,,SK0421,Gelnica,SK042,Košický,48.72985,20.73832,623,623,
05566,055 66,SK0421543683,Úhorná,Uhorna,,SK0421,Gelnica,SK042,Košický,48.70563,20.67587,156,156,
05571,055 71,SK0421526649,Žakarovce,Zakarovce,,SK0421,Gelnica,SK042,Košický,48.87808,20.92532,376,376,
05601,056 01,SK0421526509,Gelnica,Gelnica,,SK0421,Gelnica,SK042,Košický,48.85699,20.94119,1935,3870,
05801,058 01,SK0225505315,Partizánske,Partizanske,,SK0225,Partizánske,SK022,Trenčiansky,48.62455,18.35704,1,2,
05801,058 01,SK0416523381,Poprad,Poprad,,SK0416,Poprad,SK041,Prešovský,49.05677,20.29613,8261,16522,
05801,058 01,SK0416523437,Gánovce,Ganovce,,SK0416,Poprad,SK041,Prešovský,49.02933,20.32241,541,541,
05801,058 01,SK0417524140,Prešov,Presov,,SK0417,Prešov,SK041,Prešovský,49.01888,21.24912,3,6,
05801,058 01,SK041D544230,Hlinné,Hlinne,,SK041D,Vranov nad Topľou,SK041,Prešovský,48.95413,21.58199,1,1,
05901,059 01,SK0413523607,Krížová Ves,Krizova Ves,,SK0413,Kežmarok,SK041,Prešovský,49.18929,20.48474,319,319,
05901,059 01,SK0413523828,Spišská Belá,Spisska Bela,,SK0413,Kežmarok,SK041,Prešovský,49.18713,20.45668,2141,4282,
05902,059 02,SK0413523810,Slovenská Ves,Slovenska Ves,,SK0413,Kežmarok,SK041,Prešovský,49.22583,20.42525,643,643,
05902,059 02,SK0413524069,Vojňany,Vojnany,,SK0413,Kežmarok,SK041,Prešovský,49.24903,20.44069,108,108,
05902,059 02,SK0413524085,Výborná,Vyborna,,SK0413,Kežmarok,SK041,Prešovský,49.23443,20.39680,122,122,
05904,059 04,SK0413523569,Jezersko,Jezersko,,SK0413,Kežmarok,SK041,Prešovský,49.30042,20.34341,134,134,
05904,059 04,SK0413523712,Matiašovce,Matiasovce,,SK0413,Kežmarok,SK041,Prešovský,49.34993,20.35991,335,335,
05904,059 04,SK0413523801,Reľov,Relov,,SK0413,Kežmarok,SK041,Prešovský,49.29820,20.38043,160,160,
05904,059 04,SK0413523861,Spišské Hanušovce,Spisske Hanusovce,,SK0413,Kežmarok,SK041,Prešovský,49.33112,20.34503,256,256,
05904,059 04,SK0413524115,Zálesie,Zalesie,,SK0413,Kežmarok,SK041,Prešovský,49.32494,20.38865,54,54,
05906,059 06,SK0413523429,Červený Kláštor,Cerveny Klastor,,SK0413,Kežmarok,SK041,Prešovský,49.39258,20.40978,166,166,
05906,059 06,SK0413523615,Lechnica,Lechnica,,SK0413,Kežmarok,SK041,Prešovský,49.38287,20.40773,150,150,
05907,059 07,SK0413523623,Lendak,Lendak,,SK0413,Kežmarok,SK041,Prešovský,49.23430,20.35515,1316,1316,
05911,059 11,SK0416523496,Hozelec,Hozelec,,SK0416,Poprad,SK041,Prešovský,49.03402,20.34696,280,280,
05911,059 11,SK0416523950,Švábovce,Svabovce,,SK0416,Poprad,SK041,Prešovský,49.03676,20.35443,88,88,"365, 375, 501-639"
05912,059 12,SK0416523488,Hôrka,Horka,,SK0416,Poprad,SK041,Prešovský,49.02022,20.37898,680,680,
05912,059 12,SK0416523950,Švábovce,Svabovce,,SK0416,Poprad,SK041,Prešovský,49.02605,20.35545,333,333,"1-364, 366-374, 376-498, 700, 701"
05913,059 13,SK0416523542,Jánovce,Janovce,,SK0416,Poprad,SK041,Prešovský,49.01676,20.43435,314,314,
05914,059 14,SK0416523879,Spišský Štiavnik,Spissky Stiavnik,,SK0416,Poprad,SK041,Prešovský,48.99488,20.35992,482,482,
05914,059 14,SK0416524093,Vydrník,Vydrnik,,SK0416,Poprad,SK041,Prešovský,49.00044,20.40422,242,242,
05916,059 16,SK0416523518,Hranovnica,Hranovnica,,SK0416,Poprad,SK041,Prešovský,48.99292,20.30740,1222,1222,
05917,059 17,SK0416524026,Vernár,Vernar,,SK0416,Poprad,SK041,Prešovský,48.91783,20.26965,320,320,
05918,059 18,SK0416523593,Kravany,Kravany,,SK0416,Poprad,SK041,Prešovský,48.99766,20.20223,263,263,
05918,059 18,SK0416523852,Spišské Bystré,Spisske Bystre,,SK0416,Poprad,SK041,Prešovský,48.99302,20.24253,814,814,
05919,059 19,SK0416524034,Vikartovce,Vikartovce,,SK0416,Poprad,SK041,Prešovský,48.99435,20.15276,507,507,
05921,059 21,SK0416523658,Lučivná,Lucivna,,SK0416,Poprad,SK041,Prešovský,49.03762,20.16609,15,15,
05921,059 21,SK0416523925,Svit,Svit,,SK0416,Poprad,SK041,Prešovský,49.05775,20.20749,2826,5652,
05931,059 31,SK0416523658,Lučivná,Lucivna,,SK0416,Poprad,SK041,Prešovský,49.05187,20.14461,365,365,
05934,059 34,SK0416523844,Spišská Teplica,Spisska Teplica,,SK0416,Poprad,SK041,Prešovský,49.04725,20.24942,794,794,
05935,059 35,SK0416523402,Batizovce,Batizovce,,SK0416,Poprad,SK041,Prešovský,49.07360,20.18504,721,721,
05936,059 36,SK0416523721,Mengusovce,Mengusovce,,SK0416,Poprad,SK041,Prešovský,49.07406,20.13969,313,313,
05937,059 37,SK0416559890,Štôla,Stola,,SK0416,Poprad,SK041,Prešovský,49.09413,20.14041,285,285,
05938,059 38,SK0416523933,Štrba,Strba,,SK0416,Poprad,SK041,Prešovský,49.05424,20.08007,1048,1048,
05939,059 39,SK0416524107,Šuňava,Sunava,,SK0416,Poprad,SK041,Prešovský,49.02994,20.08898,650,650,
05940,059 40,SK0416523631,Liptovská Teplička,Liptovska Teplicka,,SK0416,Poprad,SK041,Prešovský,48.96722,20.08813,704,704,
05941,059 41,SK0416523933,Štrba,Strba,,SK0416,Poprad,SK041,Prešovský,49.08612,20.06885,257,257,
05942,059 42,SK0416523445,Gerlachov,Gerlachov,,SK0416,Poprad,SK041,Prešovský,49.09829,20.20564,299,299,
05951,059 51,SK0416523381,Poprad,Poprad,,SK0416,Poprad,SK041,Prešovský,49.08056,20.32533,716,1432,
05952,059 52,SK0413523887,Stará Lesná,Stara Lesna,,SK0413,Kežmarok,SK041,Prešovský,49.13861,20.30301,615,615,
05952,059 52,SK0413524000,Veľká Lomnica,Velka Lomnica,,SK0413,Kežmarok,SK041,Prešovský,49.11783,20.35606,1581,1581,
05954,059 54,SK0416560103,Vysoké Tatry,Vysoke Tatry,,SK0416,Poprad,SK041,Prešovský,49.22768,20.32148,128,256,"11001-11008, 11011-11042, 11044-11089, 11091-11101, 11106-11108, 11111, 11120, 11121, 11125-11139, 11142-11152, 11154-11158"
05955,059 55,SK0416524131,Ždiar,Zdiar,,SK0416,Poprad,SK041,Prešovský,49.27222,20.26633,711,711,
05955,059 55,SK0416560103,Vysoké Tatry,Vysoke Tatry,,SK0416,Poprad,SK041,Prešovský,49.26602,20.29073,15,30,"11009, 11010, 11109, 11110, 11113-11119, 11122-11124, 11140, 11153"
05956,059 56,SK0416580368,Tatranská Javorina,Tatranska Javorina,,SK0416,Poprad,SK041,Prešovský,49.26919,20.14641,127,127,
05960,059 60,SK0416560103,Vysoké Tatry,Vysoke Tatry,,SK0416,Poprad,SK041,Prešovský,49.16389,20.28785,766,1532,other
05971,059 71,SK0413523500,Hradisko,Hradisko,,SK0413,Kežmarok,SK041,Prešovský,49.05736,20.52255,34,34,
05971,059 71,SK0413523682,Ľubica,Lubica,,SK0413,Kežmarok,SK041,Prešovský,49.12081,20.44515,1707,1707,
05971,059 71,SK0413523984,Tvarožná,Tvarozna,,SK0413,Kežmarok,SK041,Prešovský,49.08537,20.47684,273,273,
05971,059 71,SK0413524051,Vlkovce,Vlkovce,,SK0413,Kežmarok,SK041,Prešovský,49.04948,20.49946,133,133,
05972,059 72,SK0413523399,Abrahámovce,Abrahamovce,,SK0413,Kežmarok,SK041,Prešovský,49.04288,20.44483,136,136,
05972,059 72,SK0413524042,Vlková,Vlkova,,SK0413,Kežmarok,SK041,Prešovský,49.05886,20.43363,368,368,
05972,059 72,SK0413524077,Vrbov,Vrbov,,SK0413,Kežmarok,SK041,Prešovský,49.08767,20.42575,481,481,
05973,059 73,SK0413524123,Žakovce,Zakovce,,SK0413,Kežmarok,SK041,Prešovský,49.08301,20.39693,276,276,
05976,059 76,SK0413523739,Mlynčeky,Mlynceky,,SK0413,Kežmarok,SK041,Prešovský,49.16813,20.38385,285,285,
05976,059 76,SK0413523798,Rakúsy,Rakusy,,SK0413,Kežmarok,SK041,Prešovský,49.19344,20.37932,488,488,
05976,059 76,SK0413523909,Stráne pod Tatrami,Strane pod Tatrami,,SK0413,Kežmarok,SK041,Prešovský,49.16363,20.36134,210,210,
05978,059 78,SK0413523992,Veľká Franková,Velka Frankova,,SK0413,Kežmarok,SK041,Prešovský,49.33642,20.29683,144,144,
05978,059 78,SK0413559938,Malá Franková,Mala Frankova,,SK0413,Kežmarok,SK041,Prešovský,49.31359,20.30251,114,114,
05979,059 79,SK0413523771,Osturňa,Osturna,,SK0413,Kežmarok,SK041,Prešovský,49.33512,20.23678,367,367,
05981,059 81,SK0416524018,Veľký Slavkov,Velky Slavkov,,SK0416,Poprad,SK041,Prešovský,49.11929,20.24668,35,35,"204, 282-286, 801-819, 822-842, 854-876, 885-902"
05981,059 81,SK0416560103,Vysoké Tatry,Vysoke Tatry,,SK0416,Poprad,SK041,Prešovský,49.12826,20.24731,234,468,"16001-16053, 16055-16150, 16153-16246"
05983,059 83,SK0416560103,Vysoké Tatry,Vysoke Tatry,,SK0416,Poprad,SK041,Prešovský,49.11980,20.15206,70,140,22001-22075
05984,059 84,SK0416560103,Vysoké Tatry,Vysoke Tatry,,SK0416,Poprad,SK041,Prešovský,49.11874,20.12485,58,116,23001-23063
05985,059 85,SK0416523933,Štrba,Strba,,SK0416,Poprad,SK041,Prešovský,49.12242,20.06206,131,131,
05985,059 85,SK0416560103,Vysoké Tatry,Vysoke Tatry,,SK0416,Poprad,SK041,Prešovský,49.12836,20.07407,25,50,24018-24141
05986,059 86,SK0416523763,Nová Lesná,Nova Lesna,,SK0416,Poprad,SK041,Prešovský,49.12235,20.26563,568,568,
05991,059 91,SK0416523747,Mlynica,Mlynica,,SK0416,Poprad,SK041,Prešovský,49.10401,20.30981,457,457,
05991,059 91,SK0416524018,Veľký Slavkov,Velky Slavkov,,SK0416,Poprad,SK041,Prešovský,49.09481,20.28139,418,418,"1-203, 205-280, 295-799, 820, 849, 882, 1000-3026"
05992,059 92,SK0413523526,Huncovce,Huncovce,,SK0413,Kežmarok,SK041,Prešovský,49.11503,20.37711,564,564,
05993,059 93,SK0413523411,Bušovce,Busovce,,SK0413,Kežmarok,SK041,Prešovský,49.21868,20.48627,149,149,
05993,059 93,SK0413523780,Podhorany,Podhorany,,SK0413,Kežmarok,SK041,Prešovský,49.23864,20.48108,137,137,
05994,059 94,SK0413523470,Holumnica,Holumnica,,SK0413,Kežmarok,SK041,Prešovský,49.23528,20.52279,177,177,
05994,059 94,SK0413523534,Ihľany,Ihlany,,SK0413,Kežmarok,SK041,Prešovský,49.18377,20.54124,267,267,
05994,059 94,SK0413523577,Jurské,Jurske,,SK0413,Kežmarok,SK041,Prešovský,49.20029,20.52821,155,155,
05995,059 95,SK0413523976,Toporec,Toporec,,SK0413,Kežmarok,SK041,Prešovský,49.26507,20.49208,376,376,
06001,060 01,SK0413523585,Kežmarok,Kezmarok,,SK0413,Kežmarok,SK041,Prešovský,49.13610,20.42960,3656,7312,
06001,060 01,SK0413523682,Ľubica,Lubica,,SK0413,Kežmarok,SK041,Prešovský,49.11518,20.48605,1,1,
06001,060 01,SK0413581241,Malý Slavkov,Maly Slavkov,,SK0413,Kežmarok,SK041,Prešovský,49.13808,20.38739,363,363,
06101,061 01,SK0413523461,Havka,Havka,,SK0413,Kežmarok,SK041,Prešovský,49.34458,20.40547,57,57,
06101,061 01,SK0413523674,Majere,Majere,,SK0413,Kežmarok,SK041,Prešovský,49.39604,20.37753,72,72,
06101,061 01,SK0413523836,Spišská Stará Ves,Spisska Stara Ves,,SK0413,Kežmarok,SK041,Prešovský,49.38289,20.35970,724,1448,
06201,062 01,SK0416560103,Vysoké Tatry,Vysoke Tatry,,SK0416,Poprad,SK041,Prešovský,49.13638,20.21479,506,1012,"14014, 14015, 14446-14450, 14580, 14581, 14730, 14731, 17001-17030, 17032-19016, 19018-19079, 19083-19243, 19245-20043, 21001-21058"
06401,064 01,SK041A526665,Stará Ľubovňa,Stara Lubovna,,SK041A,Stará Ľubovňa,SK041,Prešovský,49.30006,20.68449,3280,6560,
06401,064 01,SK041A526754,Chmeľnica,Chmelnica,,SK041A,Stará Ľubovňa,SK041,Prešovský,49.29579,20.72942,317,317,
06501,065 01,SK041A526690,Forbasy,Forbasy,,SK041A,Stará Ľubovňa,SK041,Prešovský,49.29748,20.61359,155,155,
06501,065 01,SK041A526720,Hniezdne,Hniezdne,,SK041A,Stará Ľubovňa,SK041,Prešovský,49.30299,20.63207,503,503,
06501,065 01,SK041A526827,Lacková,Lackova,,SK041A,Stará Ľubovňa,SK041,Prešovský,49.30730,20.59431,85,85,
06502,065 02,SK041A526916,Nižné Ružbachy,Nizne Ruzbachy,,SK041A,Stará Ľubovňa,SK041,Prešovský,49.28249,20.57538,223,223,
06502,065 02,SK041A527092,Vyšné Ružbachy,Vysne Ruzbachy,,SK041A,Stará Ľubovňa,SK041,Prešovský,49.30617,20.56314,549,549,
06503,065 03,SK041A526860,Lomnička,Lomnicka,,SK041A,Stará Ľubovňa,SK041,Prešovský,49.24836,20.56967,142,142,
06503,065 03,SK041A526975,Podolínec,Podolinec,,SK041A,Stará Ľubovňa,SK041,Prešovský,49.25841,20.53431,889,1778,
06511,065 11,SK041A526797,Kolačkov,Kolackov,,SK041A,Stará Ľubovňa,SK041,Prešovský,49.26087,20.62900,229,229,
06511,065 11,SK041A526924,Nová Ľubovňa,Nova Lubovna,,SK041A,Stará Ľubovňa,SK041,Prešovský,49.27545,20.68427,835,835,
06512,065 12,SK041A526762,Jakubany,Jakubany,,SK041A,Stará Ľubovňa,SK041,Prešovský,49.24684,20.69379,660,660,
06522,065 22,SK041A526738,Hraničné,Hranicne,,SK041A,Stará Ľubovňa,SK041,Prešovský,49.37567,20.69662,93,93,
06522,065 22,SK041A526801,Kremná,Kremna,,SK041A,Stará Ľubovňa,SK041,Prešovský,49.35677,20.69684,53,53,
06522,065 22,SK041A526908,Mníšek nad Popradom,Mnisek nad Popradom,,SK041A,Stará Ľubovňa,SK041,Prešovský,49.41359,20.71582,273,273,
06531,065 31,SK041A526771,Jarabina,Jarabina,,SK041A,Stará Ľubovňa,SK041,Prešovský,49.33630,20.65713,369,369,
06531,065 31,SK041A526851,Litmanová,Litmanova,,SK041A,Stará Ľubovňa,SK041,Prešovský,49.36929,20.62248,248,248,
06532,065 32,SK041A526789,Kamienka,Kamienka,,SK041A,Stará Ľubovňa,SK041,Prešovský,49.33289,20.61323,460,460,
06533,065 33,SK041A526843,Lesnica,Lesnica,,SK041A,Stará Ľubovňa,SK041,Prešovský,49.40119,20.47152,179,179,
06533,065 33,SK041A527017,Stráňany,Stranany,,SK041A,Stará Ľubovňa,SK041,Prešovský,49.36727,20.54036,116,116,
06533,065 33,SK041A527076,Veľký Lipník,Velky Lipnik,,SK041A,Stará Ľubovňa,SK041,Prešovský,49.37435,20.49662,347,347,
06534,065 34,SK041A526711,Haligovce,Haligovce,,SK041A,Stará Ľubovňa,SK041,Prešovský,49.37006,20.44859,269,269,
06534,065 34,SK041A527068,Veľká Lesná,Velka Lesna,,SK041A,Stará Ľubovňa,SK041,Prešovský,49.33456,20.43784,175,175,
06541,065 41,SK041A526681,Ďurková,Durkova,,SK041A,Stará Ľubovňa,SK041,Prešovský,49.24048,20.87009,90,90,
06541,065 41,SK041A526878,Ľubotín,Lubotin,,SK041A,Stará Ľubovňa,SK041,Prešovský,49.26190,20.87597,374,374,
06541,065 41,SK041A526983,Pusté Pole,Puste Pole,,SK041A,Stará Ľubovňa,SK041,Prešovský,49.21603,20.90316,100,100,
06541,065 41,SK041A527084,Vislanka,Vislanka,,SK041A,Stará Ľubovňa,SK041,Prešovský,49.23359,20.86138,101,101,
06542,065 42,SK041A526673,Čirč,Circ,,SK041A,Stará Ľubovňa,SK041,Prešovský,49.28081,20.92265,324,324,
06542,065 42,SK041A526932,Obručné,Obrucne,,SK041A,Stará Ľubovňa,SK041,Prešovský,49.30502,20.98313,34,34,
06542,065 42,SK041A526991,Ruská Voľa nad Popradom,Ruska Vola nad Popradom,,SK041A,Stará Ľubovňa,SK041,Prešovský,49.29687,20.93828,56,56,
06543,065 43,SK041A526941,Orlov,Orlov,,SK041A,Stará Ľubovňa,SK041,Prešovský,49.28498,20.87407,343,343,
06544,065 44,SK041A526959,Plaveč,Plavec,,SK041A,Stará Ľubovňa,SK041,Prešovský,49.26146,20.84167,569,569,
06545,065 45,SK041A526703,Hajtovka,Hajtovka,,SK041A,Stará Ľubovňa,SK041,Prešovský,49.29644,20.77338,54,54,
06545,065 45,SK041A526746,Hromoš,Hromos,,SK041A,Stará Ľubovňa,SK041,Prešovský,49.25290,20.79523,194,194,
06545,065 45,SK041A526967,Plavnica,Plavnica,,SK041A,Stará Ľubovňa,SK041,Prešovský,49.27515,20.78010,515,515,
06545,065 45,SK041A527033,Šambron,Sambron,,SK041A,Stará Ľubovňa,SK041,Prešovský,49.22527,20.74961,172,172,
06545,065 45,SK041A527050,Údol,Udol,,SK041A,Stará Ľubovňa,SK041,Prešovský,49.29235,20.80732,171,171,
06546,065 46,SK041A526835,Legnava,Legnava,,SK041A,Stará Ľubovňa,SK041,Prešovský,49.33852,20.85095,98,98,
06546,065 46,SK041A526886,Malý Lipník,Maly Lipnik,,SK041A,Stará Ľubovňa,SK041,Prešovský,49.33422,20.79274,255,255,
06546,065 46,SK041A526894,Matysová,Matysova,,SK041A,Stará Ľubovňa,SK041,Prešovský,49.31868,20.75280,94,94,
06546,065 46,SK041A527009,Starina,Starina,,SK041A,Stará Ľubovňa,SK041,Prešovský,49.32558,20.82762,77,77,
06546,065 46,SK041A527025,Sulín,Sulin,,SK041A,Stará Ľubovňa,SK041,Prešovský,49.36814,20.75950,194,194,
06548,065 48,SK041A526819,Kyjov,Kyjov,,SK041A,Stará Ľubovňa,SK041,Prešovský,49.21789,20.93892,246,246,
06548,065 48,SK041A527041,Šarišské Jastrabie,Sarisske Jastrabie,,SK041A,Stará Ľubovňa,SK041,Prešovský,49.24382,20.90889,324,324,
06601,066 01,SK0412520004,Humenné,Humenne,,SK0412,Humenné,SK041,Prešovský,48.93583,21.90879,5934,11868,
06601,066 01,SK0412520055,Brekov,Brekov,,SK0412,Humenné,SK041,Prešovský,48.90515,21.83843,366,366,
06601,066 01,SK0412520063,Brestov,Brestov,,SK0412,Humenné,SK041,Prešovský,48.96816,21.88546,258,258,
06601,066 01,SK0412520373,Kochanovce,Kochanovce,,SK0412,Humenné,SK041,Prešovský,48.95331,21.94289,289,289,
06601,066 01,SK0412520501,Myslina,Myslina,,SK0412,Humenné,SK041,Prešovský,48.94551,21.85344,197,197,
06601,066 01,SK0412520683,Ptičie,Pticie,,SK0412,Humenné,SK041,Prešovský,48.90888,21.93338,1,1,350
06601,066 01,SK0412521043,Závadka,Zavadka,,SK0412,Humenné,SK041,Prešovský,48.92791,21.84062,171,171,
06601,066 01,SK0412559547,Jasenov,Jasenov,,SK0412,Humenné,SK041,Prešovský,48.90810,21.90326,565,565,
06601,066 01,SK0412582140,Lackovce,Lackovce,,SK0412,Humenné,SK041,Prešovský,48.93918,21.95263,346,346,
06701,067 01,SK0412520225,Hrabovec nad Laborcom,Hrabovec nad Laborcom,,SK0412,Humenné,SK041,Prešovský,49.09677,21.93894,184,184,
06701,067 01,SK0415520071,Brestov nad Laborcom,Brestov nad Laborcom,,SK0415,Medzilaborce,SK041,Prešovský,49.11139,21.93891,51,51,
06701,067 01,SK0415520691,Radvaň nad Laborcom,Radvan nad Laborcom,,SK0415,Medzilaborce,SK041,Prešovský,49.12976,21.92751,277,277,
06701,067 01,SK0415520951,Valentovce,Valentovce,,SK0415,Medzilaborce,SK041,Prešovský,49.17724,21.95174,49,49,
06701,067 01,SK0415520993,Volica,Volica,,SK0415,Medzilaborce,SK041,Prešovský,49.15398,21.91974,144,144,
06701,067 01,SK0415521078,Zbudská Belá,Zbudska Bela,,SK0415,Medzilaborce,SK041,Prešovský,49.15296,21.94137,108,108,
06702,067 02,SK0415520101,Čabiny,Cabiny,,SK0415,Medzilaborce,SK041,Prešovský,49.18240,21.90213,270,270,
06702,067 02,SK0415520713,Roškovce,Roskovce,,SK0415,Medzilaborce,SK041,Prešovský,49.23944,21.84849,114,114,
06702,067 02,SK0415520853,Sukov,Sukov,,SK0415,Medzilaborce,SK041,Prešovský,49.22009,21.87421,80,80,
06704,067 04,SK0415520578,Oľka,Olka,,SK0415,Medzilaborce,SK041,Prešovský,49.15439,21.84259,226,226,
06704,067 04,SK0415520705,Repejov,Repejov,,SK0415,Medzilaborce,SK041,Prešovský,49.20021,21.81950,105,105,
06711,067 11,SK0412520454,Ľubiša,Lubisa,,SK0412,Humenné,SK041,Prešovský,49.00447,21.94730,243,243,
06711,067 11,SK0412520543,Nižné Ladičkovce,Nizne Ladickovce,,SK0412,Humenné,SK041,Prešovský,49.02263,21.90196,130,130,
06711,067 11,SK0412521027,Vyšné Ladičkovce,Vysne Ladickovce,,SK0412,Humenné,SK041,Prešovský,49.03740,21.89027,81,81,
06712,067 12,SK0412520152,Dedačov,Dedacov,,SK0412,Humenné,SK041,Prešovský,49.03363,21.97316,50,50,
06712,067 12,SK0412520195,Hankovce,Hankovce,,SK0412,Humenné,SK041,Prešovský,49.02672,21.94721,175,175,
06712,067 12,SK0412520403,Koškovce,Koskovce,,SK0412,Humenné,SK041,Prešovský,49.04788,21.95509,201,201,
06712,067 12,SK0412521086,Zbudské Dlhé,Zbudske Dlhe,,SK0412,Humenné,SK041,Prešovský,49.08149,21.95729,181,181,
06713,067 13,SK0412520250,Rokytov pri Humennom,Rokytov pri Humennom,,SK0412,Humenné,SK041,Prešovský,49.10443,21.99239,204,204,
06713,067 13,SK0412520276,Jabloň,Jablon,,SK0412,Humenné,SK041,Prešovský,49.06579,21.97910,123,123,
06713,067 13,SK0412520781,Slovenské Krivé,Slovenske Krive,,SK0412,Humenné,SK041,Prešovský,49.07240,22.00379,58,58,
06713,067 13,SK0415521060,Zbojné,Zbojne,,SK0415,Medzilaborce,SK041,Prešovský,49.13927,21.99598,134,134,
06716,067 16,SK0415520098,Čabalovce,Cabalovce,,SK0415,Medzilaborce,SK041,Prešovský,49.22667,21.96704,148,148,
06716,067 16,SK0415520586,Oľšinkov,Olsinkov,,SK0415,Medzilaborce,SK041,Prešovský,49.19980,22.03899,58,58,
06716,067 16,SK0415520861,Svetlice,Svetlice,,SK0415,Medzilaborce,SK041,Prešovský,49.16865,22.03946,143,143,
06716,067 16,SK0415521001,Výrava,Vyrava,,SK0415,Medzilaborce,SK041,Prešovský,49.19404,22.00278,120,120,
06722,067 22,SK0412520560,Ohradzany,Ohradzany,,SK0412,Humenné,SK041,Prešovský,48.99884,21.84049,245,245,
06722,067 22,SK0412520772,Slovenská Volová,Slovenska Volova,,SK0412,Humenné,SK041,Prešovský,48.98112,21.84698,196,196,
06722,067 22,SK0412559636,Sopkovce,Sopkovce,,SK0412,Humenné,SK041,Prešovský,49.01537,21.86818,48,48,
06722,067 22,SK0412559644,Gruzovce,Gruzovce,,SK0412,Humenné,SK041,Prešovský,48.97401,21.86564,49,49,
06723,067 23,SK0412520021,Baškovce,Baskovce,,SK0412,Humenné,SK041,Prešovský,49.03330,21.83772,148,148,
06723,067 23,SK0412520110,Černina,Cernina,,SK0412,Humenné,SK041,Prešovský,49.05284,21.82297,75,75,
06723,067 23,SK0412520233,Hrubov,Hrubov,,SK0412,Humenné,SK041,Prešovský,49.09388,21.86210,156,156,
06723,067 23,SK0412520900,Turcovce,Turcovce,,SK0412,Humenné,SK041,Prešovský,49.05271,21.84599,123,123,
06724,067 24,SK0412520292,Jankovce,Jankovce,,SK0412,Humenné,SK041,Prešovský,49.05867,21.79709,94,94,
06724,067 24,SK0412520462,Lukačovce,Lukacovce,,SK0412,Humenné,SK041,Prešovský,49.02934,21.78339,161,161,
06724,067 24,SK0412520985,Víťazovce,Vitazovce,,SK0412,Humenné,SK041,Prešovský,49.00880,21.80657,147,147,
06731,067 31,SK0412520926,Udavské,Udavske,,SK0412,Humenné,SK041,Prešovský,48.97395,21.96240,561,561,
06731,067 31,SK0412520977,Veľopolie,Velopolie,,SK0412,Humenné,SK041,Prešovský,48.99280,21.95443,137,137,
06732,067 32,SK0412520012,Adidovce,Adidovce,,SK0412,Humenné,SK041,Prešovský,49.01591,22.03658,104,104,
06732,067 32,SK0412520721,Rovné,Rovne,,SK0412,Humenné,SK041,Prešovský,48.97850,22.00767,161,161,
06732,067 32,SK0412521035,Vyšný Hrušov,Vysny Hrusov,,SK0412,Humenné,SK041,Prešovský,48.99301,22.01083,175,175,
06732,067 32,SK0412559652,Maškovce,Maskovce,,SK0412,Humenné,SK041,Prešovský,49.01414,21.99516,32,32,
06733,067 33,SK0412520527,Nechválova Polianka,Nechvalova Polianka,,SK0412,Humenné,SK041,Prešovský,49.07185,22.09289,96,96,
06733,067 33,SK0412520624,Papín,Papin,,SK0412,Humenné,SK041,Prešovský,49.09391,22.06005,343,343,
06733,067 33,SK0412521116,Zubné,Zubne,,SK0412,Humenné,SK041,Prešovský,49.04650,22.06258,161,161,
06734,067 34,SK0412520535,Nižná Jablonka,Nizna Jablonka,,SK0412,Humenné,SK041,Prešovský,49.12585,22.08577,87,87,
06734,067 34,SK0412521019,Vyšná Jablonka,Vysna Jablonka,,SK0412,Humenné,SK041,Prešovský,49.15483,22.10011,111,111,
06734,067 34,SK0419520594,Osadné,Osadne,,SK0419,Snina,SK041,Prešovský,49.14204,22.15226,136,136,
06735,067 35,SK0419520136,Čukalovce,Cukalovce,,SK0419,Snina,SK041,Prešovský,49.10226,22.16911,104,104,
06735,067 35,SK0419520209,Hostovice,Hostovice,,SK0419,Snina,SK041,Prešovský,49.11724,22.14403,174,174,
06735,067 35,SK0419520632,Parihuzovce,Parihuzovce,,SK0419,Snina,SK041,Prešovský,49.11038,22.19312,51,51,
06735,067 35,SK0419520641,Pčoliné,Pcoline,,SK0419,Snina,SK041,Prešovský,49.06765,22.17039,287,287,
06741,067 41,SK0412520268,Chlmec,Chlmec,,SK0412,Humenné,SK041,Prešovský,48.88660,21.94001,223,223,
06741,067 41,SK0412520667,Porúbka,Porubka,,SK0412,Humenné,SK041,Prešovský,48.86340,21.95782,123,123,
06741,067 41,SK0412520683,Ptičie,Pticie,,SK0412,Humenné,SK041,Prešovský,48.90399,21.95825,258,258,"1-349, 351-354"
06745,067 45,SK0412520241,Hudcovce,Hudcovce,,SK0412,Humenné,SK041,Prešovský,48.90826,21.79002,136,136,
06745,067 45,SK0412520357,Karná,Karna,,SK0412,Humenné,SK041,Prešovský,48.98327,21.80569,131,131,
06745,067 45,SK0412520446,Lieskovec,Lieskovec,,SK0412,Humenné,SK041,Prešovský,48.95267,21.81698,176,176,
06745,067 45,SK0412520896,Topoľovka,Topolovka,,SK0412,Humenné,SK041,Prešovský,48.92444,21.80854,321,321,
06752,067 52,SK0415520128,Čertižné,Certizne,,SK0415,Medzilaborce,SK041,Prešovský,49.35047,21.82530,213,213,
06752,067 52,SK0415520187,Habura,Habura,,SK0415,Medzilaborce,SK041,Prešovský,49.32632,21.86205,303,303,
06761,067 61,SK0419520284,Jalová,Jalova,,SK0419,Snina,SK041,Prešovský,49.04001,22.23479,51,51,
06761,067 61,SK0419520390,Kolonica,Kolonica,,SK0419,Snina,SK041,Prešovský,48.95674,22.25664,221,221,
06761,067 61,SK0419520811,Stakčínska Roztoka,Stakcinska Roztoka,,SK0419,Snina,SK041,Prešovský,49.00238,22.28425,113,113,
06761,067 61,SK0419520829,Stakčín,Stakcin,,SK0419,Snina,SK041,Prešovský,49.00200,22.23085,830,830,
06765,067 65,SK0419520730,Runina,Runina,,SK0419,Snina,SK041,Prešovský,49.07240,22.40336,82,82,
06765,067 65,SK0419520888,Topoľa,Topola,,SK0419,Snina,SK041,Prešovský,49.04444,22.35517,139,139,
06766,067 66,SK0419520381,Kolbasov,Kolbasov,,SK0419,Snina,SK041,Prešovský,49.00703,22.38157,85,85,
06766,067 66,SK0419520675,Príslop,Prislop,,SK0419,Snina,SK041,Prešovský,49.03870,22.32686,49,49,
06766,067 66,SK0419520764,Ruský Potok,Rusky Potok,,SK0419,Snina,SK041,Prešovský,49.02810,22.40959,76,76,
06767,067 67,SK0419520934,Ulič,Ulic,,SK0419,Snina,SK041,Prešovský,48.96333,22.42415,349,349,
06767,067 67,SK0419520942,Uličské Krivé,Ulicske Krive,,SK0419,Snina,SK041,Prešovský,48.99160,22.43727,123,123,
06768,067 68,SK0419520551,Nová Sedlica,Nova Sedlica,,SK0419,Snina,SK041,Prešovský,49.04291,22.51344,169,169,
06768,067 68,SK0419521051,Zboj,Zboj,,SK0419,Snina,SK041,Prešovský,49.02735,22.48260,257,257,
06771,067 71,SK0419520438,Ladomirov,Ladomirov,,SK0419,Snina,SK041,Prešovský,48.92692,22.30609,171,171,
06772,067 72,SK0419520322,Kalná Roztoka,Kalna Roztoka,,SK0419,Snina,SK041,Prešovský,48.96851,22.31616,200,200,
06772,067 72,SK0419520365,Klenová,Klenova,,SK0419,Snina,SK041,Prešovský,48.94143,22.33362,194,194,
06772,067 72,SK0419520748,Ruská Volová,Ruska Volova,,SK0419,Snina,SK041,Prešovský,48.94456,22.36536,90,90,
06773,067 73,SK0419520080,Brezovec,Brezovec,,SK0419,Snina,SK041,Prešovský,48.93606,22.38765,42,42,
06773,067 73,SK0419520179,Dúbrava,Dubrava,,SK0419,Snina,SK041,Prešovský,48.87766,22.35672,97,97,
06773,067 73,SK0419520217,Hrabová Roztoka,Hrabova Roztoka,,SK0419,Snina,SK041,Prešovský,48.87895,22.30119,32,32,
06773,067 73,SK0419520489,Michajlov,Michajlov,,SK0419,Snina,SK041,Prešovský,48.90991,22.34513,55,55,
06773,067 73,SK0419520845,Strihovce,Strihovce,,SK0419,Snina,SK041,Prešovský,48.89680,22.27797,90,90,
06773,067 73,SK0419520870,Šmigovec,Smigovec,,SK0419,Snina,SK041,Prešovský,48.89234,22.31686,63,63,
06773,067 73,SK0419520918,Ubľa,Ubla,,SK0419,Snina,SK041,Prešovský,48.89983,22.38922,383,383,
06777,067 77,SK0419521108,Zemplínske Hámre,Zemplinske Hamre,,SK0419,Snina,SK041,Prešovský,48.94989,22.15269,506,506,
06781,067 81,SK0419520039,Belá nad Cirochou,Bela nad Cirochou,,SK0419,Snina,SK041,Prešovský,48.97376,22.10922,1043,1043,
06782,067 82,SK0412520497,Modra nad Cirochou,Modra nad Cirochou,,SK0412,Humenné,SK041,Prešovský,48.94388,22.04240,330,330,
06782,067 82,SK0419520161,Dlhé nad Cirochou,Dlhe nad Cirochou,,SK0419,Snina,SK041,Prešovský,48.95990,22.06170,623,623,
06783,067 83,SK0412518638,Valaškovce,Valaskovce,,SK0412,Humenné,SK041,Prešovský,48.90031,22.00717,10,10,
06783,067 83,SK0412520331,Kamenica nad Cirochou,Kamenica nad Cirochou,,SK0412,Humenné,SK041,Prešovský,48.93041,21.99778,830,830,
06783,067 83,SK0412520349,Kamienka,Kamienka,,SK0412,Humenné,SK041,Prešovský,48.90600,21.99973,225,225,
06783,067 83,SK0412559598,Hažín nad Cirochou,Hazin nad Cirochou,,SK0412,Humenné,SK041,Prešovský,48.92948,21.96092,260,260,
06801,068 01,SK0415520314,Kalinov,Kalinov,,SK0415,Medzilaborce,SK041,Prešovský,49.31800,21.92153,142,142,
06801,068 01,SK0415520411,Krásny Brod,Krasny Brod,,SK0415,Medzilaborce,SK041,Prešovský,49.23921,21.89902,230,230,
06801,068 01,SK0415520471,Medzilaborce,Medzilaborce,,SK0415,Medzilaborce,SK041,Prešovský,49.27664,21.90865,1733,3466,
06801,068 01,SK0415520519,Ňagov,Nagov,,SK0415,Medzilaborce,SK041,Prešovský,49.25225,21.93312,171,171,
06801,068 01,SK0415520616,Palota,Palota,,SK0415,Medzilaborce,SK041,Prešovský,49.26937,21.99376,105,105,
06801,068 01,SK0415559610,Rokytovce,Rokytovce,,SK0415,Medzilaborce,SK041,Prešovský,49.26351,21.87652,84,84,
06901,069 01,SK0419520659,Pichne,Pichne,,SK0419,Snina,SK041,Prešovský,49.03539,22.12330,233,233,
06901,069 01,SK0419520802,Snina,Snina,,SK0419,Snina,SK041,Prešovský,48.98895,22.15248,3533,7066,
07101,071 01,SK0427522279,Michalovce,Michalovce,,SK0427,Michalovce,SK042,Košický,48.75489,21.91624,7091,14182,
07101,071 01,SK0427522724,Lesné,Lesne,,SK0427,Michalovce,SK042,Košický,48.79858,21.81546,145,145,
07101,071 01,SK0427522805,Nacina Ves,Nacina Ves,,SK0427,Michalovce,SK042,Košický,48.82093,21.81623,52,52,"1001-1076, 1078-1084"
07101,071 01,SK0427522902,Petrovce nad Laborcom,Petrovce nad Laborcom,,SK0427,Michalovce,SK042,Košický,48.79278,21.87312,247,247,
07101,071 01,SK0427523135,Suché,Suche,,SK0427,Michalovce,SK042,Košický,48.76526,21.83583,158,158,
07201,072 01,SK0427522651,Krásnovce,Krasnovce,,SK0427,Michalovce,SK042,Košický,48.72003,21.88332,204,204,
07201,072 01,SK0427522708,Laškovce,Laskovce,,SK0427,Michalovce,SK042,Košický,48.69964,21.85003,105,105,
07201,072 01,SK0427522961,Pozdišovce,Pozdisovce,,SK0427,Michalovce,SK042,Košický,48.72599,21.85419,409,409,
07201,072 01,SK0427523151,Šamudovce,Samudovce,,SK0427,Michalovce,SK042,Košický,48.70692,21.88645,135,135,
07202,072 02,SK0427522481,Horovce,Horovce,,SK0427,Michalovce,SK042,Košický,48.70556,21.76900,255,255,
07202,072 02,SK0427523208,Tušice,Tusice,,SK0427,Michalovce,SK042,Košický,48.72650,21.74866,239,239,
07202,072 02,SK0427523216,Tušická Nová Ves,Tusicka Nova Ves,,SK0427,Michalovce,SK042,Košický,48.71678,21.75412,191,191,
07203,072 03,SK0427522791,Moravany,Moravany,,SK0427,Michalovce,SK042,Košický,48.73996,21.78482,350,350,
07203,072 03,SK0427522996,Rakovec nad Ondavou,Rakovec nad Ondavou,,SK0427,Michalovce,SK042,Košický,48.77133,21.78282,352,352,
07204,072 04,SK0427522295,Bánovce nad Ondavou,Banovce nad Ondavou,,SK0427,Michalovce,SK042,Košický,48.68314,21.81363,247,247,other
07204,072 04,SK0427523186,Trhovište,Trhoviste,,SK0427,Michalovce,SK042,Košický,48.69849,21.80412,380,380,
07205,072 05,SK0427522295,Bánovce nad Ondavou,Banovce nad Ondavou,,SK0427,Michalovce,SK042,Košický,48.67970,21.81834,14,14,"21, 78, 109, 152, 173, 189, 236, 241, 243, 248, 249, 273, 275, 283"
07205,072 05,SK0427522368,Bracovce,Bracovce,,SK0427,Michalovce,SK042,Košický,48.64585,21.83779,291,291,
07205,072 05,SK0427522414,Falkušovce,Falkusovce,,SK0427,Michalovce,SK042,Košický,48.63109,21.84184,199,199,
07205,072 05,SK0427522571,Kačanov,Kacanov,,SK0427,Michalovce,SK042,Košický,48.61257,21.84512,101,101,
07205,072 05,SK0427522732,Ložín,Lozin,,SK0427,Michalovce,SK042,Košický,48.66199,21.83620,278,278,
07206,072 06,SK0427522759,Malčice,Malcice,,SK0427,Michalovce,SK042,Košický,48.57640,21.85285,391,391,
07206,072 06,SK0427522783,Markovce,Markovce,,SK0427,Michalovce,SK042,Košický,48.59159,21.84189,162,162,
07206,072 06,SK0427522881,Petrikovce,Petrikovce,,SK0427,Michalovce,SK042,Košický,48.54673,21.85764,91,91,
07211,072 11,SK0427522392,Čečehov,Cecehov,,SK0427,Michalovce,SK042,Košický,48.72392,21.99020,128,128,
07211,072 11,SK0427522511,Iňačovce,Inacovce,,SK0427,Michalovce,SK042,Košický,48.69705,22.03127,177,177,
07211,072 11,SK0427522546,Jastrabie pri Michalovciach,Jastrabie pri Michalovciach,,SK0427,Michalovce,SK042,Košický,48.71234,22.02834,113,113,
07213,072 13,SK0427522376,Budkovce,Budkovce,,SK0427,Michalovce,SK042,Košický,48.62258,21.97540,41,41,"467, 1001-1041"
07213,072 13,SK0427522864,Palín,Palin,,SK0427,Michalovce,SK042,Košický,48.65817,21.98777,283,283,
07213,072 13,SK0427523054,Senné,Senne,,SK0427,Michalovce,SK042,Košický,48.66622,22.02487,215,215,
07213,072 13,SK0427523119,Stretava,Stretava,,SK0427,Michalovce,SK042,Košický,48.64408,22.00416,195,195,
07213,072 13,SK0427523127,Stretavka,Stretavka,,SK0427,Michalovce,SK042,Košický,48.62221,21.98827,82,82,
07213,072 13,SK0427523364,Zemplínska Široká,Zemplinska Siroka,,SK0427,Michalovce,SK042,Košický,48.69366,21.97685,303,303,
07214,072 14,SK0427522872,Pavlovce nad Uhom,Pavlovce nad Uhom,,SK0427,Michalovce,SK042,Košický,48.61590,22.06540,1015,1015,
07214,072 14,SK0427523291,Vysoká nad Uhom,Vysoka nad Uhom,,SK0427,Michalovce,SK042,Košický,48.62714,22.09224,295,295,
07215,072 15,SK0427522376,Budkovce,Budkovce,,SK0427,Michalovce,SK042,Košický,48.63389,21.92744,437,437,"2-466, 468, 1042, 1043"
07215,072 15,SK0427522406,Dúbravka,Dubravka,,SK0427,Michalovce,SK042,Košický,48.63616,21.88734,254,254,
07216,072 16,SK0427522431,Hatalov,Hatalov,,SK0427,Michalovce,SK042,Košický,48.66068,21.88834,237,237,
07216,072 16,SK0427523283,Vrbnica,Vrbnica,,SK0427,Michalovce,SK042,Košický,48.67896,21.88518,152,152,
07216,072 16,SK0427523372,Žbince,Zbince,,SK0427,Michalovce,SK042,Košický,48.66972,21.88238,212,212,
07217,072 17,SK0427522635,Zemplínske Kopčany,Zemplinske Kopcany,,SK0427,Michalovce,SK042,Košický,48.58959,21.92130,84,84,
07217,072 17,SK0427522767,Malé Raškovce,Male Raskovce,,SK0427,Michalovce,SK042,Košický,48.57977,21.91870,81,81,
07217,072 17,SK0427523062,Slavkovce,Slavkovce,,SK0427,Michalovce,SK042,Košický,48.60345,21.92157,148,148,
07221,072 21,SK0427522805,Nacina Ves,Nacina Ves,,SK0427,Michalovce,SK042,Košický,48.82122,21.85365,397,397,"1-505, 1077"
07221,072 21,SK0427523275,Voľa,Vola,,SK0427,Michalovce,SK042,Košický,48.84401,21.85034,106,106,
07222,072 22,SK0427522988,Pusté Čemerné,Puste Cemerne,,SK0427,Michalovce,SK042,Košický,48.84157,21.81838,169,169,
07222,072 22,SK0427523101,Strážske,Strazske,,SK0427,Michalovce,SK042,Košický,48.87401,21.83619,1456,2912,
07223,072 23,SK0427522848,Oreské,Oreske,,SK0427,Michalovce,SK042,Košický,48.85899,21.90406,162,162,
07223,072 23,SK0427523097,Staré,Stare,,SK0427,Michalovce,SK042,Košický,48.86189,21.87481,267,267,
07223,072 23,SK0427523356,Zbudza,Zbudza,,SK0427,Michalovce,SK042,Košický,48.81475,21.89262,180,180,
07231,072 31,SK0427522597,Klokočov,Klokocov,,SK0427,Michalovce,SK042,Košický,48.81456,22.03161,399,399,
07231,072 31,SK0427523194,Trnava pri Laborci,Trnava pri Laborci,,SK0427,Michalovce,SK042,Košický,48.81974,21.93167,364,364,
07231,072 31,SK0427523259,Vinné,Vinne,,SK0427,Michalovce,SK042,Košický,48.80508,21.97432,1625,1625,
07232,072 32,SK0427522562,Jovsa,Jovsa,,SK0427,Michalovce,SK042,Košický,48.81872,22.09324,306,306,
07232,072 32,SK0427522686,Kusín,Kusin,,SK0427,Michalovce,SK042,Košický,48.81585,22.06299,168,168,
07232,072 32,SK0427522945,Poruba pod Vihorlatom,Poruba pod Vihorlatom,,SK0427,Michalovce,SK042,Košický,48.82575,22.13686,195,195,
07233,072 33,SK0427522465,Hnojné,Hnojne,,SK0427,Michalovce,SK042,Košický,48.77812,22.06928,88,88,
07233,072 33,SK0427523348,Závadka,Zavadka,,SK0427,Michalovce,SK042,Košický,48.76623,22.06590,129,129,
07233,072 33,SK0429522422,Fekišovce,Fekisovce,,SK0429,Sobrance,SK042,Košický,48.77168,22.08479,99,99,
07234,072 34,SK0427522449,Hažín,Hazin,,SK0427,Michalovce,SK042,Košický,48.75265,22.01907,178,178,
07234,072 34,SK0427522741,Lúčky,Lucky,,SK0427,Michalovce,SK042,Košický,48.76679,22.04042,178,178,
07234,072 34,SK0427523241,Zalužice,Zaluzice,,SK0427,Michalovce,SK042,Košický,48.75815,21.98573,442,442,
07236,072 36,SK0427522589,Kaluža,Kaluza,,SK0427,Michalovce,SK042,Košický,48.80969,22.00446,330,330,
07237,072 37,SK0427522694,Lastomír,Lastomir,,SK0427,Michalovce,SK042,Košický,48.70428,21.92186,409,409,
07237,072 37,SK0427523071,Sliepkovce,Sliepkovce,,SK0427,Michalovce,SK042,Košický,48.67229,21.94599,200,200,
07241,072 41,SK0429523003,Remetské Hámre,Remetske Hamre,,SK0429,Sobrance,SK042,Košický,48.84988,22.18397,309,309,
07241,072 41,SK0429523305,Vyšná Rybnica,Vysna Rybnica,,SK0429,Sobrance,SK042,Košický,48.82135,22.17640,158,158,
07241,072 41,SK0429523321,Vyšné Remety,Vysne Remety,,SK0429,Sobrance,SK042,Košický,48.82756,22.16704,156,156,
07242,072 42,SK0429523224,Úbrež,Ubrez,,SK0429,Sobrance,SK042,Košický,48.78699,22.12763,244,244,
07243,072 43,SK0429522350,Blatné Revištia,Blatne Revistia,,SK0429,Sobrance,SK042,Košický,48.73781,22.07954,96,96,
07243,072 43,SK0429523232,Veľké Revištia,Velke Revistia,,SK0429,Sobrance,SK042,Košický,48.74631,22.09861,185,185,
07244,072 44,SK0429522333,Blatná Polianka,Blatna Polianka,,SK0429,Sobrance,SK042,Košický,48.69202,22.10775,84,84,
07244,072 44,SK0429522341,Blatné Remety,Blatne Remety,,SK0429,Sobrance,SK042,Košický,48.71018,22.10379,133,133,
07244,072 44,SK0429522384,Bunkovce,Bunkovce,,SK0429,Sobrance,SK042,Košický,48.72428,22.11767,101,101,
07251,072 51,SK0429522490,Husák,Husak,,SK0429,Sobrance,SK042,Košický,48.69863,22.28760,95,95,
07251,072 51,SK0429522660,Krčava,Krcava,,SK0429,Sobrance,SK042,Košický,48.68061,22.24870,160,160,
07251,072 51,SK0429522830,Orechová,Orechova,,SK0429,Sobrance,SK042,Košický,48.70683,22.22508,103,103,
07251,072 51,SK0429523046,Sejkov,Sejkov,,SK0429,Sobrance,SK042,Košický,48.68068,22.22388,101,101,
07251,072 51,SK0429523313,Vyšné Nemecké,Vysne Nemecke,,SK0429,Sobrance,SK042,Košický,48.65916,22.26378,128,128,
07252,072 52,SK0429522554,Jenkovce,Jenkovce,,SK0429,Sobrance,SK042,Košický,48.65344,22.21126,204,204,
07252,072 52,SK0429522821,Nižné Nemecké,Nizne Nemecke,,SK0429,Sobrance,SK042,Košický,48.65172,22.23755,125,125,
07252,072 52,SK0429523160,Tašuľa,Tasula,,SK0429,Sobrance,SK042,Košický,48.65885,22.17246,87,87,
07253,072 53,SK0429522325,Bežovce,Bezovce,,SK0429,Sobrance,SK042,Košický,48.63026,22.15302,387,387,
07253,072 53,SK0429523330,Záhor,Zahor,,SK0429,Sobrance,SK042,Košický,48.62431,22.20180,248,248,
07254,072 54,SK0427522287,Bajany,Bajany,,SK0427,Michalovce,SK042,Košický,48.60397,22.11090,163,163,
07254,072 54,SK0429522716,Lekárovce,Lekarovce,,SK0429,Sobrance,SK042,Košický,48.60374,22.15619,393,393,
07254,072 54,SK0429522911,Pinkovce,Pinkovce,,SK0429,Sobrance,SK042,Košický,48.60840,22.18500,90,90,
07255,072 55,SK0429522678,Kristy,Kristy,,SK0429,Sobrance,SK042,Košický,48.68626,22.18941,86,86,
07255,072 55,SK0429522856,Ostrov,Ostrov,,SK0429,Sobrance,SK042,Košický,48.71758,22.16382,108,108,
07255,072 55,SK0429522937,Porostov,Porostov,,SK0429,Sobrance,SK042,Košický,48.69770,22.17641,89,89,
07255,072 55,SK0429523143,Svätuš,Svatus,,SK0429,Sobrance,SK042,Košický,48.68398,22.14117,63,63,
07261,072 61,SK0429522601,Kolibabovce,Kolibabovce,,SK0429,Sobrance,SK042,Košický,48.71960,22.25780,68,68,
07261,072 61,SK0429522953,Porúbka,Porubka,,SK0429,Sobrance,SK042,Košický,48.73135,22.26403,176,176,
07261,072 61,SK0429522970,Priekopa,Priekopa,,SK0429,Sobrance,SK042,Košický,48.75083,22.27327,117,117,
07261,072 61,SK0429523267,Vojnatina,Vojnatina,,SK0429,Sobrance,SK042,Košický,48.73422,22.22827,118,118,
07262,072 62,SK0429522643,Koromľa,Koromla,,SK0429,Sobrance,SK042,Košický,48.71567,22.29278,169,169,
07262,072 62,SK0429522899,Petrovce,Petrovce,,SK0429,Sobrance,SK042,Košický,48.70644,22.32315,115,115,
07263,072 63,SK0429522503,Choňkovce,Chonkovce,,SK0429,Sobrance,SK042,Košický,48.77930,22.24004,253,253,
07263,072 63,SK0429522627,Koňuš,Konus,,SK0429,Sobrance,SK042,Košický,48.77550,22.26769,155,155,
07264,072 64,SK0429522317,Beňatina,Benatina,,SK0429,Sobrance,SK042,Košický,48.80878,22.32549,103,103,
07264,072 64,SK0429522520,Inovce,Inovce,,SK0429,Sobrance,SK042,Košický,48.82312,22.35695,97,97,
07264,072 64,SK0429522929,Podhoroď,Podhorod,,SK0429,Sobrance,SK042,Košický,48.81666,22.29955,166,166,
07264,072 64,SK0429523011,Ruská Bystrá,Ruska Bystra,,SK0429,Sobrance,SK042,Košický,48.85675,22.29666,63,63,
07264,072 64,SK0429523038,Ruský Hrabovec,Rusky Hrabovec,,SK0429,Sobrance,SK042,Košický,48.85527,22.35264,143,143,
07301,073 01,SK0429522309,Baškovce,Baskovce,,SK0429,Sobrance,SK042,Košický,48.78449,22.20613,100,100,
07301,073 01,SK0429522457,Hlivištia,Hlivistia,,SK0429,Sobrance,SK042,Košický,48.80523,22.21889,144,144,
07301,073 01,SK0429522473,Horňa,Horna,,SK0429,Sobrance,SK042,Košický,48.75834,22.20111,143,143,
07301,073 01,SK0429522538,Jasenov,Jasenov,,SK0429,Sobrance,SK042,Košický,48.79630,22.16871,125,125,
07301,073 01,SK0429522813,Nižná Rybnica,Nizna Rybnica,,SK0429,Sobrance,SK042,Košický,48.75101,22.15062,157,157,
07301,073 01,SK0429523020,Ruskovce,Ruskovce,,SK0429,Sobrance,SK042,Košický,48.77685,22.16535,92,92,
07301,073 01,SK0429523089,Sobrance,Sobrance,,SK0429,Sobrance,SK042,Košický,48.74329,22.17945,1449,2898,
07301,073 01,SK0429523178,Tibava,Tibava,,SK0429,Sobrance,SK042,Košický,48.74179,22.20913,210,210,
07501,075 01,SK042B528099,Trebišov,Trebisov,,SK042B,Trebišov,SK042,Košický,48.62527,21.71955,4670,9340,
07501,075 01,SK042B528358,Egreš,Egres,,SK042B,Trebišov,SK042,Košický,48.61413,21.60555,122,122,
07501,075 01,SK042B528625,Nový Ruskov,Novy Ruskov,,SK042B,Trebišov,SK042,Košický,48.64767,21.67904,269,269,
07501,075 01,SK042B528641,Plechotice,Plechotice,,SK042B,Trebišov,SK042,Košický,48.62582,21.64125,246,246,
07601,076 01,SK042B528439,Kožuchov,Kozuchov,,SK042B,Trebišov,SK042,Košický,48.56564,21.72447,85,85,
07601,076 01,SK042B544027,Zemplínske Hradište,Zemplinske Hradiste,,SK042B,Trebišov,SK042,Košický,48.58186,21.73730,406,406,
07602,076 02,SK042B528412,Kašov,Kasov,,SK042B,Trebišov,SK042,Košický,48.48998,21.74207,135,135,
07602,076 02,SK042B528480,Kysta,Kysta,,SK042B,Trebišov,SK042,Košický,48.51387,21.71936,143,143,
07602,076 02,SK042B528617,Novosad,Novosad,,SK042B,Trebišov,SK042,Košický,48.52447,21.74519,301,301,
07602,076 02,SK042B544043,Zemplínsky Branč,Zemplinsky Branc,,SK042B,Trebišov,SK042,Košický,48.54275,21.72186,149,149,
07603,076 03,SK042B528366,Hraň,Hran,,SK042B,Trebišov,SK042,Košický,48.54404,21.78566,454,454,
07603,076 03,SK042B543730,Sirník,Sirnik,,SK042B,Trebišov,SK042,Košický,48.51934,21.80248,184,184,
07605,076 05,SK042B528200,Brehov,Brehov,,SK042B,Trebišov,SK042,Košický,48.48647,21.81708,220,220,
07605,076 05,SK042B528234,Cejkov,Cejkov,,SK042B,Trebišov,SK042,Košický,48.46682,21.76338,424,424,
07605,076 05,SK042B544035,Zemplínske Jastrabie,Zemplinske Jastrabie,,SK042B,Trebišov,SK042,Košický,48.49737,21.77625,214,214,
07612,076 12,SK042B528218,Brezina,Brezina,,SK042B,Trebišov,SK042,Košický,48.54982,21.55339,264,264,
07612,076 12,SK042B528471,Kuzmice,Kuzmice,,SK042B,Trebišov,SK042,Košický,48.57894,21.56980,524,524,
07612,076 12,SK042B543748,Slivník,Slivnik,,SK042B,Trebišov,SK042,Košický,48.59917,21.55620,263,263,
07613,076 13,SK042B528226,Byšta,Bysta,,SK042B,Trebišov,SK042,Košický,48.52849,21.54404,142,142,
07613,076 13,SK042B528421,Kazimír,Kazimir,,SK042B,Trebišov,SK042,Košický,48.52545,21.58455,291,291,
07614,076 14,SK042B528501,Lastovce,Lastovce,,SK042B,Trebišov,SK042,Košický,48.53808,21.62578,276,276,
07614,076 14,SK042B528528,Luhyňa,Luhyna,,SK042B,Trebišov,SK042,Košický,48.48990,21.63644,135,135,
07614,076 14,SK042B528587,Michaľany,Michalany,,SK042B,Trebišov,SK042,Košický,48.51476,21.62315,435,435,
07615,076 15,SK042B528374,Hrčeľ,Hrcel,,SK042B,Trebišov,SK042,Košický,48.52043,21.69294,197,197,
07615,076 15,SK042B543845,Veľaty,Velaty,,SK042B,Trebišov,SK042,Košický,48.52340,21.65857,309,309,
07616,076 16,SK042B513849,Stanča,Stanca,,SK042B,Trebišov,SK042,Košický,48.56943,21.65577,152,152,
07616,076 16,SK042B544001,Zemplínska Nová Ves,Zemplinska Nova Ves,,SK042B,Trebišov,SK042,Košický,48.56958,21.66939,302,302,
07617,076 17,SK042B528242,Čeľovce,Celovce,,SK042B,Trebišov,SK042,Košický,48.60309,21.62759,205,205,
07617,076 17,SK042B528609,Nižný Žipov,Nizny Zipov,,SK042B,Trebišov,SK042,Košický,48.58187,21.63689,359,359,
07622,076 22,SK042B528382,Hriadky,Hriadky,,SK042B,Trebišov,SK042,Košický,48.69894,21.70756,182,182,
07622,076 22,SK042B543951,Vojčice,Vojcice,,SK042B,Trebišov,SK042,Košický,48.67896,21.71520,569,569,
07631,076 31,SK042B513831,Klin nad Bodrogom,Klin nad Bodrogom,,SK042B,Trebišov,SK042,Košický,48.38181,21.72752,104,104,
07631,076 31,SK042B543802,Streda nad Bodrogom,Streda nad Bodrogom,,SK042B,Trebišov,SK042,Košický,48.37707,21.75821,971,971,
07631,076 31,SK042B543926,Viničky,Vinicky,,SK042B,Trebišov,SK042,Košický,48.39988,21.73664,367,367,
07632,076 32,SK042B528129,Bara,Bara,,SK042B,Trebišov,SK042,Košický,48.42495,21.71849,215,215,
07632,076 32,SK042B528170,Borša,Borsa,,SK042B,Trebišov,SK042,Košický,48.39248,21.70423,520,520,
07632,076 32,SK042B528269,Černochov,Cernochov,,SK042B,Trebišov,SK042,Košický,48.43885,21.73275,185,185,
07633,076 33,SK042B543756,Slovenské Nové Mesto,Slovenske Nove Mesto,,SK042B,Trebišov,SK042,Košický,48.40354,21.67038,332,332,
07634,076 34,SK042B528498,Ladmovce,Ladmovce,,SK042B,Trebišov,SK042,Košický,48.41370,21.78020,179,179,
07634,076 34,SK042B543993,Zemplín,Zemplin,,SK042B,Trebišov,SK042,Košický,48.44045,21.81104,181,181,
07635,076 35,SK042B528153,Svätá Mária,Svata Maria,,SK042B,Trebišov,SK042,Košický,48.43270,21.84111,216,216,
07635,076 35,SK042B543772,Somotor,Somotor,,SK042B,Trebišov,SK042,Košický,48.40449,21.80900,581,581,
07636,076 36,SK042B528561,Malý Kamenec,Maly Kamenec,,SK042B,Trebišov,SK042,Košický,48.35237,21.78764,173,173,
07636,076 36,SK042B543918,Veľký Kamenec,Velky Kamenec,,SK042B,Trebišov,SK042,Košický,48.36149,21.80852,333,333,
07637,076 37,SK042B528706,Rad,Rad,,SK042B,Trebišov,SK042,Košický,48.45310,21.86384,207,207,
07637,076 37,SK042B543811,Svinice,Svinice,,SK042B,Trebišov,SK042,Košický,48.45723,21.88152,108,108,
07641,076 41,SK042B528145,Biel,Biel,,SK042B,Trebišov,SK042,Košický,48.40882,22.05888,407,407,
07641,076 41,SK042B528323,Dobrá,Dobra,,SK042B,Trebišov,SK042,Košický,48.41226,22.02877,152,152,
07642,076 42,SK042B528544,Malé Trakany,Male Trakany,,SK042B,Trebišov,SK042,Košický,48.39889,22.10686,384,384,
07642,076 42,SK042B543896,Veľké Trakany,Velke Trakany,,SK042B,Trebišov,SK042,Košický,48.39285,22.09314,489,489,
07643,076 43,SK042B528188,Boťany,Botany,,SK042B,Trebišov,SK042,Košický,48.44510,22.09177,330,330,
07643,076 43,SK042B528285,Čierna,Cierna,,SK042B,Trebišov,SK042,Košický,48.43005,22.10924,151,151,
07643,076 43,SK042B528293,Čierna nad Tisou,Cierna nad Tisou,,SK042B,Trebišov,SK042,Košický,48.41726,22.08475,685,1370,
07651,076 51,SK042B528684,Pribeník,Pribenik,,SK042B,Trebišov,SK042,Košický,48.39312,22.00004,417,417,
07652,076 52,SK042B528552,Malý Horeš,Maly Hores,,SK042B,Trebišov,SK042,Košický,48.39667,21.95168,393,393,
07652,076 52,SK042B543799,Strážne,Strazne,,SK042B,Trebišov,SK042,Košický,48.36522,21.86800,296,296,
07652,076 52,SK042B543900,Veľký Horeš,Velky Hores,,SK042B,Trebišov,SK042,Košický,48.38571,21.91197,378,378,
07653,076 53,SK042B528161,Boľ,Bol,,SK042B,Trebišov,SK042,Košický,48.47066,21.94208,228,228,
07653,076 53,SK042B543764,Soľnička,Solnicka,,SK042B,Trebišov,SK042,Košický,48.47577,21.95970,91,91,
07653,076 53,SK042B543977,Zatín,Zatin,,SK042B,Trebišov,SK042,Košický,48.47557,21.90264,259,259,
07661,076 61,SK042B528111,Bačkov,Backov,,SK042B,Trebišov,SK042,Košický,48.73926,21.62082,248,248,
07661,076 61,SK042B528315,Dargov,Dargov,,SK042B,Trebišov,SK042,Košický,48.73105,21.58496,258,258,
07661,076 61,SK042B528455,Kravany,Kravany,,SK042B,Trebišov,SK042,Košický,48.75981,21.64119,95,95,
07661,076 61,SK042B543781,Stankovce,Stankovce,,SK042B,Trebišov,SK042,Košický,48.76393,21.65892,73,73,
07661,076 61,SK042B543934,Višňov,Visnov,,SK042B,Trebišov,SK042,Košický,48.74774,21.66900,89,89,
07662,076 62,SK042B528340,Dvorianky,Dvorianky,,SK042B,Trebišov,SK042,Košický,48.73063,21.70741,220,220,
07662,076 62,SK042B528676,Parchovany,Parchovany,,SK042B,Trebišov,SK042,Košický,48.75082,21.70965,628,628,
07664,076 64,SK042B544019,Zemplínska Teplica,Zemplinska Teplica,,SK042B,Trebišov,SK042,Košický,48.64666,21.57134,509,509,
07671,076 71,SK0427528277,Čičarovce,Cicarovce,,SK0427,Michalovce,SK042,Košický,48.53984,22.02576,282,282,
07672,076 72,SK0427528137,Beša,Besa,,SK0427,Michalovce,SK042,Košický,48.53403,21.95149,139,139,
07672,076 72,SK0427528391,Ižkovce,Izkovce,,SK0427,Michalovce,SK042,Košický,48.55756,21.95601,62,62,
07672,076 72,SK0427543942,Vojany,Vojany,,SK0427,Michalovce,SK042,Košický,48.56792,21.98818,352,352,
07674,076 74,SK0427528331,Drahňov,Drahnov,,SK0427,Michalovce,SK042,Košický,48.59321,21.96743,302,302,
07675,076 75,SK0427528633,Oborín,Oborin,,SK0427,Michalovce,SK042,Košický,48.54047,21.88225,215,215,
07675,076 75,SK0427543870,Veľké Raškovce,Velke Raskovce,,SK0427,Michalovce,SK042,Košický,48.55586,21.91334,116,116,
07677,076 77,SK0427513857,Budince,Budince,,SK0427,Michalovce,SK042,Košický,48.54403,22.12287,51,51,
07677,076 77,SK0427528692,Ptrukša,Ptruksa,,SK0427,Michalovce,SK042,Košický,48.48677,22.14049,175,175,
07677,076 77,SK0427528714,Ruská,Ruska,,SK0427,Michalovce,SK042,Košický,48.52830,22.14134,175,175,
07677,076 77,SK0427543888,Veľké Slemence,Velke Slemence,,SK0427,Michalovce,SK042,Košický,48.50992,22.14429,210,210,
07681,076 81,SK042B528251,Čerhov,Cerhov,,SK042B,Trebišov,SK042,Košický,48.46346,21.64646,265,265,
07682,076 82,SK042B513792,Malá Tŕňa,Mala Trna,,SK042B,Trebišov,SK042,Košický,48.45470,21.68214,210,210,
07682,076 82,SK042B513806,Veľká Tŕňa,Velka Trna,,SK042B,Trebišov,SK042,Košický,48.46928,21.67983,251,251,
07683,076 83,SK042B528650,Svätuše,Svatuse,,SK042B,Trebišov,SK042,Košický,48.43021,21.92094,325,325,
07683,076 83,SK042B543969,Vojka,Vojka,,SK042B,Trebišov,SK042,Košický,48.46114,21.91475,172,172,
07684,076 84,SK042B528102,Bačka,Backa,,SK042B,Trebišov,SK042,Košický,48.44252,22.04981,186,186,
07684,076 84,SK042B528510,Leles,Leles,,SK042B,Trebišov,SK042,Košický,48.46353,22.02761,520,520,
07684,076 84,SK042B528668,Poľany,Polany,,SK042B,Trebišov,SK042,Košický,48.46933,21.99190,188,188,
07701,077 01,SK042B528447,Kráľovský Chlmec,Kralovsky Chlmec,,SK042B,Trebišov,SK042,Košický,48.42297,21.97780,2153,4306,
07801,078 01,SK042B528536,Malé Ozorovce,Male Ozorovce,,SK042B,Trebišov,SK042,Košický,48.68314,21.61366,210,210,
07801,078 01,SK042B528722,Sečovce,Secovce,,SK042B,Trebišov,SK042,Košický,48.70073,21.65595,1953,3906,
07801,078 01,SK042B543829,Trnávka,Trnavka,,SK042B,Trebišov,SK042,Košický,48.70586,21.61872,85,85,
07801,078 01,SK042B543861,Veľké Ozorovce,Velke Ozorovce,,SK042B,Trebišov,SK042,Košický,48.66311,21.60811,244,244,
07801,078 01,SK042B543985,Zbehňov,Zbehnov,,SK042B,Trebišov,SK042,Košický,48.68900,21.62809,120,120,
07901,079 01,SK0427528307,Čierne Pole,Cierne Pole,,SK0427,Michalovce,SK042,Košický,48.57888,22.07622,108,108,
07901,079 01,SK0427528404,Kapušianske Kľačany,Kapusianske Klacany,,SK0427,Michalovce,SK042,Košický,48.53001,22.10871,218,218,
07901,079 01,SK0427528463,Krišovská Liesková,Krisovska Lieskova,,SK0427,Michalovce,SK042,Košický,48.58384,22.03011,235,235,
07901,079 01,SK0427528579,Maťovské Vojkovce,Matovske Vojkovce,,SK0427,Michalovce,SK042,Košický,48.56689,22.14060,200,200,
07901,079 01,SK0427543853,Veľké Kapušany,Velke Kapusany,,SK0427,Michalovce,SK042,Košický,48.55269,22.07697,1671,3342,
08001,080 01,SK0417518522,Haniska,Haniska,,SK0417,Prešov,SK041,Prešovský,48.95581,21.24052,326,326,
08001,080 01,SK0417518590,Ľubotice,Lubotice,,SK0417,Prešov,SK041,Prešovský,48.99986,21.28837,17,17,
08001,080 01,SK0417524140,Prešov,Presov,,SK0417,Prešov,SK041,Prešovský,49.00038,21.23863,12174,24348,
08001,080 01,SK0417524841,Malý Šariš,Maly Saris,,SK0417,Prešov,SK041,Prešovský,49.00966,21.18312,712,712,
08001,080 01,SK0417525511,Župčany,Zupcany,,SK0417,Prešov,SK041,Prešovský,49.01341,21.15662,752,752,
08001,080 01,SK041B527840,Stropkov,Stropkov,,SK041B,Stropkov,SK041,Prešovský,49.19595,21.65792,1,2,
08005,080 05,SK0417524140,Prešov,Presov,,SK0417,Prešov,SK041,Prešovský,48.97694,21.26815,2545,5090,
08005,080 05,SK0417525138,Ruská Nová Ves,Ruska Nova Ves,,SK0417,Prešov,SK041,Prešovský,48.97732,21.32439,409,409,
08005,080 05,SK0417525286,Teriakovce,Teriakovce,,SK0417,Prešov,SK041,Prešovský,48.99023,21.30851,418,418,
08006,080 06,SK0417518590,Ľubotice,Lubotice,,SK0417,Prešov,SK041,Prešovský,49.01117,21.27425,1594,1594,
08006,080 06,SK0417524140,Prešov,Presov,,SK0417,Prešov,SK041,Prešovský,49.02411,21.27901,1476,2952,
08006,080 06,SK0417525031,Podhradík,Podhradik,,SK0417,Prešov,SK041,Prešovský,49.00277,21.34946,173,173,
08006,080 06,SK0417525430,Vyšná Šebastová,Vysna Sebastova,,SK0417,Prešov,SK041,Prešovský,49.01674,21.32552,482,482,
08201,082 01,SK0417524361,Drienovská Nová Ves,Drienovska Nova Ves,,SK0417,Prešov,SK041,Prešovský,48.90320,21.24032,338,338,
08201,082 01,SK0417524638,Kendice,Kendice,,SK0417,Prešov,SK041,Prešovský,48.92547,21.24291,542,542,
08203,082 03,SK0417524221,Bretejovce,Bretejovce,,SK0417,Prešov,SK041,Prešovský,48.82740,21.29479,204,204,
08203,082 03,SK0417524590,Janovík,Janovik,,SK0417,Prešov,SK041,Prešovský,48.83554,21.28338,195,195,
08203,082 03,SK0417524743,Lemešany,Lemesany,,SK0417,Prešov,SK041,Prešovský,48.84846,21.27136,566,566,
08203,082 03,SK0417524760,Ličartovce,Licartovce,,SK0417,Prešov,SK041,Prešovský,48.87569,21.24718,369,369,
08203,082 03,SK0417525162,Seniakovce,Seniakovce,,SK0417,Prešov,SK041,Prešovský,48.82498,21.30194,79,79,
08204,082 04,SK0417524352,Drienov,Drienov,,SK0417,Prešov,SK041,Prešovský,48.87350,21.27369,746,746,
08205,082 05,SK0417524212,Brestov,Brestov,,SK0417,Prešov,SK041,Prešovský,48.86990,21.34935,188,188,
08205,082 05,SK0417525201,Šarišské Bohdanovce,Sarisske Bohdanovce,,SK0417,Prešov,SK041,Prešovský,48.84575,21.31695,393,393,
08205,082 05,SK0417525383,Varhaňovce,Varhanovce,,SK0417,Prešov,SK041,Prešovský,48.85447,21.35934,176,176,
08206,082 06,SK0417524883,Mirkovce,Mirkovce,,SK0417,Prešov,SK041,Prešovský,48.89550,21.32496,199,199,
08206,082 06,SK0417525499,Žehňa,Zehna,,SK0417,Prešov,SK041,Prešovský,48.91697,21.33761,233,233,
08207,082 07,SK0417524301,Červenica,Cervenica,,SK0417,Prešov,SK041,Prešovský,48.88377,21.44902,164,164,
08207,082 07,SK0417524751,Lesíček,Lesicek,,SK0417,Prešov,SK041,Prešovský,48.91778,21.38401,86,86,
08207,082 07,SK0417524808,Lúčina,Lucina,,SK0417,Prešov,SK041,Prešovský,48.89286,21.43083,55,55,
08207,082 07,SK0417525332,Tuhrina,Tuhrina,,SK0417,Prešov,SK041,Prešovský,48.89822,21.40629,121,121,
08212,082 12,SK0417524140,Prešov,Presov,,SK0417,Prešov,SK041,Prešovský,48.99991,21.23354,1,2,
08212,082 12,SK0417524417,Fulianka,Fulianka,,SK0417,Prešov,SK041,Prešovský,49.06436,21.32928,190,190,
08212,082 12,SK0417524514,Chmeľovec,Chmelovec,,SK0417,Prešov,SK041,Prešovský,49.08249,21.36805,140,140,
08212,082 12,SK0417524620,Kapušany,Kapusany,,SK0417,Prešov,SK041,Prešovský,49.04511,21.33241,732,732,
08212,082 12,SK0417524727,Lada,Lada,,SK0417,Prešov,SK041,Prešovský,49.04374,21.35870,273,273,
08212,082 12,SK0417524913,Nemcovce,Nemcovce,,SK0417,Prešov,SK041,Prešovský,49.04959,21.38204,158,158,
08212,082 12,SK0417524930,Okružná,Okruzna,,SK0417,Prešov,SK041,Prešovský,49.02214,21.37045,163,163,
08212,082 12,SK0417525022,Podhorany,Podhorany,,SK0417,Prešov,SK041,Prešovský,49.08323,21.35654,280,280,
08212,082 12,SK0417525189,Šarišská Poruba,Sarisska Poruba,,SK0417,Prešov,SK041,Prešovský,49.03878,21.38561,126,126,
08212,082 12,SK0417525324,Trnkov,Trnkov,,SK0417,Prešov,SK041,Prešovský,49.03438,21.35718,114,114,
08212,082 12,SK0417559971,Lipníky,Lipniky,,SK0417,Prešov,SK041,Prešovský,49.04796,21.40745,238,238,
08213,082 13,SK0417524336,Demjata,Demjata,,SK0417,Prešov,SK041,Prešovský,49.10671,21.31436,348,348,
08213,082 13,SK0417525341,Tulčík,Tulcik,,SK0417,Prešov,SK041,Prešovský,49.08883,21.30934,430,430,
08214,082 14,SK0417524271,Čelovce,Celovce,,SK0417,Prešov,SK041,Prešovský,49.07978,21.39930,118,118,
08214,082 14,SK0417525057,Proč,Proc,,SK0417,Prešov,SK041,Prešovský,49.09440,21.39192,154,154,
08214,082 14,SK0417525065,Pušovce,Pusovce,,SK0417,Prešov,SK041,Prešovský,49.08636,21.40839,172,172,
08214,082 14,SK0417525197,Šarišská Trstená,Sarisska Trstena,,SK0417,Prešov,SK041,Prešovský,49.08712,21.38324,68,68,
08215,082 15,SK0417524506,Chmeľov,Chmelov,,SK0417,Prešov,SK041,Prešovský,49.06818,21.43789,305,305,
08216,082 16,SK0417524395,Fintice,Fintice,,SK0417,Prešov,SK041,Prešovský,49.05173,21.28089,855,855,
08216,082 16,SK0417525456,Záhradné,Zahradne,,SK0417,Prešov,SK041,Prešovský,49.08915,21.27088,421,421,
08221,082 21,SK0417525405,Veľký Šariš,Velky Saris,,SK0417,Prešov,SK041,Prešovský,49.04469,21.20516,2155,4310,
08221,082 21,SK0417556823,Medzany,Medzany,,SK0417,Prešov,SK041,Prešovský,49.04230,21.15411,408,408,
08222,082 22,SK0418524981,Ostrovany,Ostrovany,,SK0418,Sabinov,SK041,Prešovský,49.06329,21.11614,257,257,
08222,082 22,SK0418525235,Šarišské Michaľany,Sarisske Michalany,,SK0418,Sabinov,SK041,Prešovský,49.06915,21.13454,664,664,
08232,082 32,SK0417524654,Kojatice,Kojatice,,SK0417,Prešov,SK041,Prešovský,48.99534,21.12966,363,363,
08232,082 32,SK0417524735,Lažany,Lazany,,SK0417,Prešov,SK041,Prešovský,49.03716,21.09835,67,67,
08232,082 32,SK0417525171,Svinia,Svinia,,SK0417,Prešov,SK041,Prešovský,49.01179,21.12484,347,347,
08233,082 33,SK0417524476,Hrabkov,Hrabkov,,SK0417,Prešov,SK041,Prešovský,48.95928,21.02397,303,303,
08233,082 33,SK0417524522,Chminianska Nová Ves,Chminianska Nova Ves,,SK0417,Prešov,SK041,Prešovský,49.00413,21.08143,366,366,
08233,082 33,SK0417524531,Chminianske Jakubovany,Chminianske Jakubovany,,SK0417,Prešov,SK041,Prešovský,48.99229,21.00926,298,298,
08233,082 33,SK0417524549,Chmiňany,Chminany,,SK0417,Prešov,SK041,Prešovský,49.00146,21.06717,203,203,
08233,082 33,SK0417524697,Krížovany,Krizovany,,SK0417,Prešov,SK041,Prešovský,48.98039,21.04915,139,139,
08233,082 33,SK0417524964,Ondrašovce,Ondrasovce,,SK0417,Prešov,SK041,Prešovský,48.98827,21.07817,35,35,
08235,082 35,SK0417524191,Bertotovce,Bertotovce,,SK0417,Prešov,SK041,Prešovský,49.02232,21.02289,193,193,
08235,082 35,SK0417524450,Hendrichovce,Hendrichovce,,SK0417,Prešov,SK041,Prešovský,49.02181,20.99877,125,125,
08235,082 35,SK0417524468,Hermanovce,Hermanovce,,SK0417,Prešov,SK041,Prešovský,49.04655,21.01651,413,413,
08235,082 35,SK0417525278,Štefanovce,Stefanovce,,SK0417,Prešov,SK041,Prešovský,49.04047,20.97296,95,95,
08236,082 36,SK0417524786,Lipovce,Lipovce,,SK0417,Prešov,SK041,Prešovský,49.05800,20.95039,325,325,
08236,082 36,SK0417525251,Šindliar,Sindliar,,SK0417,Prešov,SK041,Prešovský,49.03928,20.94282,207,207,
08237,082 37,SK0417524409,Fričovce,Fricovce,,SK0417,Prešov,SK041,Prešovský,49.01567,20.96493,361,361,
08237,082 37,SK0417525260,Široké,Siroke,,SK0417,Prešov,SK041,Prešovský,48.99767,20.93942,813,813,
08238,082 38,SK0417524999,Ovčie,Ovcie,,SK0417,Prešov,SK041,Prešovský,48.96327,20.97724,217,217,
08238,082 38,SK0417525413,Víťaz,Vitaz,,SK0417,Prešov,SK041,Prešovský,48.97129,20.95359,657,657,
08241,082 41,SK0417524174,Bajerov,Bajerov,,SK0417,Prešov,SK041,Prešovský,48.95354,21.11440,155,155,
08241,082 41,SK0417524255,Brežany,Brezany,,SK0417,Prešov,SK041,Prešovský,48.97927,21.10940,105,105,
08241,082 41,SK0417524701,Kvačany,Kvacany,,SK0417,Prešov,SK041,Prešovský,48.94543,21.08757,127,127,
08241,082 41,SK0417525111,Rokycany,Rokycany,,SK0417,Prešov,SK041,Prešovský,48.96099,21.14124,179,179,
08241,082 41,SK0417525502,Žipov,Zipov,,SK0417,Prešov,SK041,Prešovský,48.96599,21.08445,126,126,
08242,082 42,SK0417524263,Bzenov,Bzenov,,SK0417,Prešov,SK041,Prešovský,48.94802,21.16584,212,212,
08242,082 42,SK0417524581,Janov,Janov,,SK0417,Prešov,SK041,Prešovský,48.93948,21.17818,113,113,
08242,082 42,SK0417524794,Ľubovec,Lubovec,,SK0417,Prešov,SK041,Prešovský,48.91059,21.17642,220,220,
08242,082 42,SK0417525073,Radatice,Radatice,,SK0417,Prešov,SK041,Prešovský,48.92958,21.18866,269,269,
08243,082 43,SK0417525154,Sedlice,Sedlice,,SK0417,Prešov,SK041,Prešovský,48.91921,21.11692,359,359,
08243,082 43,SK0417559989,Suchá Dolina,Sucha Dolina,,SK0417,Prešov,SK041,Prešovský,48.91654,21.14232,111,111,
08244,082 44,SK0417524646,Klenov,Klenov,,SK0417,Prešov,SK041,Prešovský,48.92831,21.05519,161,161,
08244,082 44,SK0417524867,Miklušovce,Miklusovce,,SK0417,Prešov,SK041,Prešovský,48.91751,21.07867,132,132,
08252,082 52,SK0417524158,Abranovce,Abranovce,,SK0417,Prešov,SK041,Prešovský,48.93355,21.34389,178,178,
08252,082 52,SK0417524387,Dulova Ves,Dulova Ves,,SK0417,Prešov,SK041,Prešovský,48.95846,21.28859,683,683,
08252,082 52,SK0417524662,Kokošovce,Kokosovce,,SK0417,Prešov,SK041,Prešovský,48.94508,21.33810,342,342,
08252,082 52,SK0417525472,Zlatá Baňa,Zlata Bana,,SK0417,Prešov,SK041,Prešovský,48.94902,21.42133,216,216,
08253,082 53,SK0417525014,Petrovany,Petrovany,,SK0417,Prešov,SK041,Prešovský,48.91899,21.26080,643,643,
08253,082 53,SK0417525448,Záborské,Zaborske,,SK0417,Prešov,SK041,Prešovský,48.94397,21.29024,431,431,
08256,082 56,SK0418524298,Červenica pri Sabinove,Cervenica pri Sabinove,,SK0418,Sabinov,SK041,Prešovský,49.13606,21.02271,335,335,
08256,082 56,SK0418524441,Hanigovce,Hanigovce,,SK0418,Sabinov,SK041,Prešovský,49.17281,21.01824,90,90,
08256,082 56,SK0418524565,Jakubova Voľa,Jakubova Vola,,SK0418,Sabinov,SK041,Prešovský,49.13151,21.01652,152,152,
08256,082 56,SK0418525006,Pečovská Nová Ves,Pecovska Nova Ves,,SK0418,Sabinov,SK041,Prešovský,49.12453,21.04414,853,853,
08257,082 57,SK0418524824,Ľutina,Lutina,,SK0418,Sabinov,SK041,Prešovský,49.16674,21.04988,226,226,
08257,082 57,SK0418524948,Olejníkov,Olejnikov,,SK0418,Sabinov,SK041,Prešovský,49.18943,21.07839,204,204,
08261,082 61,SK0418525090,Ražňany,Raznany,,SK0418,Sabinov,SK041,Prešovský,49.08132,21.08341,455,455,
08261,082 61,SK0418525375,Uzovský Šalgov,Uzovsky Salgov,,SK0418,Sabinov,SK041,Prešovský,49.09136,21.06186,233,233,
08263,082 63,SK0418524328,Daletice,Daletice,,SK0418,Sabinov,SK041,Prešovský,49.04048,21.06329,45,45,
08263,082 63,SK0418524603,Jarovnice,Jarovnice,,SK0418,Sabinov,SK041,Prešovský,49.05943,21.05682,534,534,
08263,082 63,SK0418525103,Renčišov,Rencisov,,SK0418,Sabinov,SK041,Prešovský,49.09407,20.96367,90,90,
08263,082 63,SK0418525367,Uzovské Pekľany,Uzovske Peklany,,SK0418,Sabinov,SK041,Prešovský,49.08625,21.02240,114,114,
08266,082 66,SK0417524433,Gregorovce,Gregorovce,,SK0417,Prešov,SK041,Prešovský,49.06781,21.20753,333,333,
08266,082 66,SK0418524204,Bodovce,Bodovce,,SK0418,Sabinov,SK041,Prešovský,49.11100,21.17518,138,138,
08266,082 66,SK0418524492,Hubošovce,Hubosovce,,SK0418,Sabinov,SK041,Prešovský,49.09392,21.20527,173,173,
08266,082 66,SK0418525081,Ratvaj,Ratvaj,,SK0418,Sabinov,SK041,Prešovský,49.11262,21.19662,52,52,
08266,082 66,SK0418525243,Šarišské Sokolovce,Sarisske Sokolovce,,SK0418,Sabinov,SK041,Prešovský,49.10529,21.16415,255,255,
08266,082 66,SK0418525359,Uzovce,Uzovce,,SK0418,Sabinov,SK041,Prešovský,49.09258,21.18141,172,172,
08267,082 67,SK0417524425,Geraltov,Geraltov,,SK0417,Prešov,SK041,Prešovský,49.14044,21.25568,119,119,
08267,082 67,SK0417524832,Malý Slivník,Maly Slivnik,,SK0417,Prešov,SK041,Prešovský,49.11975,21.25581,137,137,
08267,082 67,SK0417524905,Mošurov,Mosurov,,SK0417,Prešov,SK041,Prešovský,49.11988,21.24990,62,62,
08267,082 67,SK0417525294,Terňa,Terna,,SK0417,Prešov,SK041,Prešovský,49.11672,21.23435,422,422,
08267,082 67,SK0417525391,Veľký Slivník,Velky Slivnik,,SK0417,Prešov,SK041,Prešovský,49.11232,21.27635,107,107,
08271,082 71,SK0418524310,Ďačov,Dacov,,SK0418,Sabinov,SK041,Prešovský,49.14827,20.92990,242,242,
08271,082 71,SK0418524379,Dubovica,Dubovica,,SK0418,Sabinov,SK041,Prešovský,49.13701,20.95449,458,458,
08271,082 71,SK0418524611,Kamenica,Kamenica,,SK0418,Sabinov,SK041,Prešovský,49.18984,20.95727,641,641,
08271,082 71,SK0418524689,Krivany,Krivany,,SK0418,Sabinov,SK041,Prešovský,49.17107,20.91110,359,359,
08271,082 71,SK0418524778,Lipany,Lipany,,SK0418,Sabinov,SK041,Prešovský,49.15651,20.96321,1384,2768,
08271,082 71,SK0418524816,Lúčka,Lucka,,SK0418,Sabinov,SK041,Prešovský,49.18436,20.98356,238,238,
08271,082 71,SK0418524875,Milpoš,Milpos,,SK0418,Sabinov,SK041,Prešovský,49.18319,21.00636,201,201,
08271,082 71,SK0418525120,Rožkovany,Rozkovany,,SK0418,Sabinov,SK041,Prešovský,49.13831,20.98916,371,371,
08273,082 73,SK0418524182,Bajerovce,Bajerovce,,SK0418,Sabinov,SK041,Prešovský,49.21193,20.79527,141,141,
08273,082 73,SK0418524671,Krásna Lúka,Krasna Luka,,SK0418,Sabinov,SK041,Prešovský,49.19381,20.82206,307,307,
08273,082 73,SK0418525049,Poloma,Poloma,,SK0418,Sabinov,SK041,Prešovský,49.16763,20.83019,242,242,
08273,082 73,SK0418525219,Šarišské Dravce,Sarisske Dravce,,SK0418,Sabinov,SK041,Prešovský,49.17498,20.86469,368,368,
08274,082 74,SK0418524239,Brezovica,Brezovica,,SK0418,Sabinov,SK041,Prešovský,49.14427,20.84681,577,577,
08274,082 74,SK0418524247,Brezovička,Brezovicka,,SK0418,Sabinov,SK041,Prešovský,49.12913,20.85296,161,161,
08274,082 74,SK0418525308,Tichý Potok,Tichy Potok,,SK0418,Sabinov,SK041,Prešovský,49.14695,20.78921,153,153,
08274,082 74,SK0418525421,Vysoká,Vysoka,,SK0418,Sabinov,SK041,Prešovský,49.12493,20.88212,89,89,
08275,082 75,SK0418524921,Nižný Slavkov,Nizny Slavkov,,SK0418,Sabinov,SK041,Prešovský,49.10230,20.85092,272,272,
08276,082 76,SK0418524956,Oľšov,Olsov,,SK0418,Sabinov,SK041,Prešovský,49.17996,20.87945,121,121,
08276,082 76,SK0418525316,Torysa,Torysa,,SK0418,Sabinov,SK041,Prešovský,49.16003,20.88199,417,417,
08301,083 01,SK0418524280,Červená Voda,Cervena Voda,,SK0418,Sabinov,SK041,Prešovský,49.14489,21.09033,232,232,
08301,083 01,SK0418524344,Drienica,Drienica,,SK0418,Sabinov,SK041,Prešovský,49.13182,21.11015,580,580,
08301,083 01,SK0418524557,Jakovany,Jakovany,,SK0418,Sabinov,SK041,Prešovský,49.15293,21.07089,136,136,
08301,083 01,SK0418524573,Jakubovany,Jakubovany,,SK0418,Sabinov,SK041,Prešovský,49.10664,21.14094,338,338,
08301,083 01,SK0418525146,Sabinov,Sabinov,,SK0418,Sabinov,SK041,Prešovský,49.10189,21.09916,3024,6048,
08501,085 01,SK0411519006,Bardejov,Bardejov,,SK0411,Bardejov,SK041,Prešovský,49.29552,21.27879,4634,9268,
08501,085 01,SK0411519766,Richvald,Richvald,,SK0411,Bardejov,SK041,Prešovský,49.27516,21.19214,319,319,
08501,085 01,SK0416523381,Poprad,Poprad,,SK0416,Poprad,SK041,Prešovský,49.05829,20.29804,1,2,
08601,086 01,SK0411519618,Mokroluh,Mokroluh,,SK0411,Bardejov,SK041,Prešovský,49.30845,21.21277,262,262,
08601,086 01,SK0411519774,Rokytov,Rokytov,,SK0411,Bardejov,SK041,Prešovský,49.31850,21.18974,135,135,
08601,086 01,SK0411519871,Tarnov,Tarnov,,SK0411,Bardejov,SK041,Prešovský,49.32060,21.16859,144,144,
08601,086 01,SK0411519979,Zlaté,Zlate,,SK0411,Bardejov,SK041,Prešovský,49.34069,21.20259,259,259,
08602,086 02,SK0411519111,Cigeľka,Cigelka,,SK0411,Bardejov,SK041,Prešovský,49.40504,21.14772,146,146,
08602,086 02,SK0411519154,Frička,Fricka,,SK0411,Bardejov,SK041,Prešovský,49.40181,21.08907,84,84,
08602,086 02,SK0411519171,Gaboltov,Gaboltov,,SK0411,Bardejov,SK041,Prešovský,49.36506,21.14197,183,183,
08602,086 02,SK0411519669,Nižný Tvarožec,Nizny Tvarozec,,SK0411,Bardejov,SK041,Prešovský,49.36215,21.18502,105,105,
08602,086 02,SK0411519715,Petrová,Petrova,,SK0411,Bardejov,SK041,Prešovský,49.38519,21.12262,105,105,
08602,086 02,SK0411519839,Sveržov,Sverzov,,SK0411,Bardejov,SK041,Prešovský,49.33476,21.16030,172,172,
08602,086 02,SK0411519952,Vyšný Tvarožec,Vysny Tvarozec,,SK0411,Bardejov,SK041,Prešovský,49.38243,21.19579,65,65,
08604,086 04,SK0411519073,Bogliarka,Bogliarka,,SK0411,Bardejov,SK041,Prešovský,49.27854,21.15141,46,46,
08604,086 04,SK0411519189,Gerlachov,Gerlachov,,SK0411,Bardejov,SK041,Prešovský,49.32068,21.11130,270,270,
08604,086 04,SK0411519405,Krivé,Krive,,SK0411,Bardejov,SK041,Prešovský,49.29524,21.14842,74,74,
08604,086 04,SK0411519413,Kríže,Krize,,SK0411,Bardejov,SK041,Prešovský,49.24269,21.14945,56,56,
08604,086 04,SK0411519421,Kružlov,Kruzlov,,SK0411,Bardejov,SK041,Prešovský,49.31004,21.13359,286,286,
08604,086 04,SK0411519464,Kurov,Kurov,,SK0411,Bardejov,SK041,Prešovský,49.34208,21.13443,176,176,
08605,086 05,SK0411519502,Livov,Livov,,SK0411,Bardejov,SK041,Prešovský,49.25247,21.09070,72,72,
08605,086 05,SK0411519511,Livovská Huta,Livovska Huta,,SK0411,Bardejov,SK041,Prešovský,49.24338,21.03087,42,42,
08605,086 05,SK0411519553,Lukov,Lukov,,SK0411,Bardejov,SK041,Prešovský,49.29276,21.08007,177,177,
08606,086 06,SK0411519260,Hrabské,Hrabske,,SK0411,Bardejov,SK041,Prešovský,49.33702,21.07356,129,129,
08606,086 06,SK0411519481,Lenartov,Lenartov,,SK0411,Bardejov,SK041,Prešovský,49.30952,21.01900,240,240,
08606,086 06,SK0411519570,Malcov,Malcov,,SK0411,Bardejov,SK041,Prešovský,49.30532,21.06127,359,359,
08606,086 06,SK0411519791,Snakov,Snakov,,SK0411,Bardejov,SK041,Prešovský,49.32506,21.05283,170,170,
08611,086 11,SK0411519090,Brezovka,Brezovka,,SK0411,Bardejov,SK041,Prešovský,49.27184,21.42012,43,43,
08611,086 11,SK0411519251,Hrabovec,Hrabovec,,SK0411,Bardejov,SK041,Prešovský,49.27287,21.37816,147,147,
08611,086 11,SK0411519367,Komárov,Komarov,,SK0411,Bardejov,SK041,Prešovský,49.28093,21.34932,169,169,
08611,086 11,SK0411519723,Poliakovce,Poliakovce,,SK0411,Bardejov,SK041,Prešovský,49.25482,21.40622,127,127,
08612,086 12,SK0411519138,Dubinné,Dubinne,,SK0411,Bardejov,SK041,Prešovský,49.24578,21.43729,132,132,
08612,086 12,SK0411519383,Kožany,Kozany,,SK0411,Bardejov,SK041,Prešovský,49.21563,21.49170,44,44,
08612,086 12,SK0411519430,Kučín,Kucin,,SK0411,Bardejov,SK041,Prešovský,49.20918,21.45428,103,103,
08612,086 12,SK0411519456,Kurima,Kurima,,SK0411,Bardejov,SK041,Prešovský,49.22742,21.45249,327,327,
08612,086 12,SK0411519499,Lipová,Lipova,,SK0411,Bardejov,SK041,Prešovský,49.26216,21.48101,39,39,
08612,086 12,SK0411519626,Nemcovce,Nemcovce,,SK0411,Bardejov,SK041,Prešovský,49.20969,21.44071,77,77,
08612,086 12,SK0411519693,Ortuťová,Ortutova,,SK0411,Bardejov,SK041,Prešovský,49.27047,21.45586,59,59,
08612,086 12,SK0411519731,Porúbka,Porubka,,SK0411,Bardejov,SK041,Prešovský,49.19945,21.42799,70,70,
08612,086 12,SK0411519855,Šašová,Sasova,,SK0411,Bardejov,SK041,Prešovský,49.25593,21.44986,60,60,
08614,086 14,SK0411519065,Beloveža,Beloveza,,SK0411,Bardejov,SK041,Prešovský,49.29652,21.36816,301,301,
08614,086 14,SK0411519227,Hažlín,Hazlin,,SK0411,Bardejov,SK041,Prešovský,49.30107,21.41998,418,418,
08621,086 21,SK0411519545,Lukavica,Lukavica,,SK0411,Bardejov,SK041,Prešovský,49.26238,21.32216,121,121,
08621,086 21,SK0411519642,Nižná Voľa,Nizna Vola,,SK0411,Bardejov,SK041,Prešovský,49.22430,21.37132,81,81,
08621,086 21,SK0411519758,Rešov,Resov,,SK0411,Bardejov,SK041,Prešovský,49.23910,21.33107,136,136,
08621,086 21,SK0411519928,Vyšná Voľa,Vysna Vola,,SK0411,Bardejov,SK041,Prešovský,49.24847,21.36185,125,125,
08622,086 22,SK0411519243,Hervartov,Hervartov,,SK0411,Bardejov,SK041,Prešovský,49.24725,21.20658,194,194,
08622,086 22,SK0411519324,Kľušov,Klusov,,SK0411,Bardejov,SK041,Prešovský,49.24820,21.25641,368,368,
08622,086 22,SK0411519341,Kobyly,Kobyly,,SK0411,Bardejov,SK041,Prešovský,49.21484,21.29716,335,335,
08622,086 22,SK0411519863,Šiba,Siba,,SK0411,Bardejov,SK041,Prešovský,49.23113,21.22338,191,191,
08631,086 31,SK0411519006,Bardejov,Bardejov,,SK0411,Bardejov,SK041,Prešovský,49.32852,21.27377,135,270,
08633,086 33,SK0411519286,Chmeľová,Chmelova,,SK0411,Bardejov,SK041,Prešovský,49.39860,21.29767,195,195,
08633,086 33,SK0411519740,Regetovka,Regetovka,,SK0411,Bardejov,SK041,Prešovský,49.42175,21.27121,108,108,
08633,086 33,SK0411519782,Smilno,Smilno,,SK0411,Bardejov,SK041,Prešovský,49.38335,21.35268,268,268,
08633,086 33,SK0411519804,Stebnícka Huta,Stebnicka Huta,,SK0411,Bardejov,SK041,Prešovský,49.40984,21.24952,119,119,
08633,086 33,SK0411519812,Stebník,Stebnik,,SK0411,Bardejov,SK041,Prešovský,49.37957,21.26696,163,163,
08633,086 33,SK0411519961,Zborov,Zborov,,SK0411,Bardejov,SK041,Prešovský,49.36580,21.30667,738,738,
08635,086 35,SK0411519057,Becherov,Becherov,,SK0411,Bardejov,SK041,Prešovský,49.41973,21.31246,149,149,
08636,086 36,SK0411519278,Hutka,Hutka,,SK0411,Bardejov,SK041,Prešovský,49.39779,21.42937,59,59,
08636,086 36,SK0411519308,Jedlinka,Jedlinka,,SK0411,Bardejov,SK041,Prešovský,49.39866,21.37051,60,60,
08636,086 36,SK0411519600,Mikulášová,Mikulasova,,SK0411,Bardejov,SK041,Prešovský,49.38707,21.38921,128,128,
08636,086 36,SK0411519634,Nižná Polianka,Nizna Polianka,,SK0411,Bardejov,SK041,Prešovský,49.40485,21.40076,125,125,
08636,086 36,SK0411519685,Ondavka,Ondavka,,SK0411,Bardejov,SK041,Prešovský,49.43759,21.33699,27,27,
08636,086 36,SK0411519901,Varadka,Varadka,,SK0411,Bardejov,SK041,Prešovský,49.41201,21.38527,66,66,
08636,086 36,SK0411519910,Vyšná Polianka,Vysna Polianka,,SK0411,Bardejov,SK041,Prešovský,49.42904,21.35158,60,60,
08637,086 37,SK0411519022,Andrejová,Andrejova,,SK0411,Bardejov,SK041,Prešovský,49.33284,21.33180,125,125,
08637,086 37,SK0411519847,Šarišské Čierne,Sarisske Cierne,,SK0411,Bardejov,SK041,Prešovský,49.34538,21.38169,123,123,
08637,086 37,SK041C527220,Cigla,Cigla,,SK041C,Svidník,SK041,Prešovský,49.36118,21.39594,53,53,
08641,086 41,SK0411518964,Vaniškovce,Vaniskovce,,SK0411,Bardejov,SK041,Prešovský,49.16578,21.29734,126,126,
08641,086 41,SK0411519014,Abrahámovce,Abrahamovce,,SK0411,Bardejov,SK041,Prešovský,49.16147,21.34259,105,105,
08641,086 41,SK0411519294,Janovce,Janovce,,SK0411,Bardejov,SK041,Prešovský,49.18994,21.30577,157,157,
08641,086 41,SK0411519529,Lopúchov,Lopuchov,,SK0411,Bardejov,SK041,Prešovský,49.13872,21.36962,107,107,
08641,086 41,SK0411519880,Tročany,Trocany,,SK0411,Bardejov,SK041,Prešovský,49.18246,21.32227,128,128,
08641,086 41,SK0411519936,Raslavice,Raslavice,,SK0411,Bardejov,SK041,Prešovský,49.14950,21.31967,756,756,
08642,086 42,SK0411519049,Bartošovce,Bartosovce,,SK0411,Bardejov,SK041,Prešovský,49.19557,21.27719,282,282,
08642,086 42,SK0411519162,Fričkovce,Frickovce,,SK0411,Bardejov,SK041,Prešovský,49.18531,21.24020,229,229,
08642,086 42,SK0411519235,Hertník,Hertnik,,SK0411,Bardejov,SK041,Prešovský,49.20689,21.23746,390,390,
08642,086 42,SK0411519707,Osikov,Osikov,,SK0411,Bardejov,SK041,Prešovský,49.17421,21.26254,285,285,
08643,086 43,SK0411519103,Buclovany,Buclovany,,SK0411,Bardejov,SK041,Prešovský,49.15553,21.36574,85,85,
08643,086 43,SK0411519375,Koprivnica,Koprivnica,,SK0411,Bardejov,SK041,Prešovský,49.15655,21.39699,201,201,"1-167 odd, 2-168 even, 198-254 even, 205-229 odd, 233-255 odd"
08643,086 43,SK0411519821,Stuľany,Stulany,,SK0411,Bardejov,SK041,Prešovský,49.14355,21.40505,179,179,
08644,086 44,SK041C519448,Kuková,Kukova,,SK041C,Svidník,SK041,Prešovský,49.10910,21.45172,238,238,
08644,086 44,SK041C519995,Želmanovce,Zelmanovce,,SK041C,Svidník,SK041,Prešovský,49.11819,21.42739,101,101,
08644,086 44,SK041C580601,Dukovce,Dukovce,,SK041C,Svidník,SK041,Prešovský,49.12160,21.41526,87,87,
08645,086 45,SK0411519219,Harhaj,Harhaj,,SK0411,Bardejov,SK041,Prešovský,49.18767,21.41982,74,74,
08645,086 45,SK0411519375,Koprivnica,Koprivnica,,SK0411,Bardejov,SK041,Prešovský,49.17962,21.38028,30,30,"170-196 even, 171-201 odd, 231"
08645,086 45,SK0411519472,Lascov,Lascov,,SK0411,Bardejov,SK041,Prešovský,49.15793,21.47474,136,136,
08645,086 45,SK0411519588,Marhaň,Marhan,,SK0411,Bardejov,SK041,Prešovský,49.17002,21.45003,235,235,
08645,086 45,SK0411519944,Vyšný Kručov,Vysny Krucov,,SK0411,Bardejov,SK041,Prešovský,49.16972,21.43416,53,53,
08646,086 46,SK0411519201,Hankovce,Hankovce,,SK0411,Bardejov,SK041,Prešovský,49.20336,21.40595,136,136,
08646,086 46,SK0411519359,Kochanovce,Kochanovce,,SK0411,Bardejov,SK041,Prešovský,49.19029,21.38752,82,82,
08646,086 46,SK0411519677,Oľšavce,Olsavce,,SK0411,Bardejov,SK041,Prešovský,49.20317,21.38467,60,60,
08701,087 01,SK0411519081,Brezov,Brezov,,SK0411,Bardejov,SK041,Prešovský,49.14322,21.49328,155,155,
08701,087 01,SK041C519197,Giraltovce,Giraltovce,,SK041C,Svidník,SK041,Prešovský,49.11318,21.51838,914,1828,
08701,087 01,SK041C519316,Kalnište,Kalniste,,SK041C,Svidník,SK041,Prešovský,49.12963,21.48393,159,159,
08701,087 01,SK041C519332,Kobylnice,Kobylnice,,SK041C,Svidník,SK041,Prešovský,49.09156,21.54284,41,41,
08701,087 01,SK041C519391,Kračúnovce,Kracunovce,,SK041C,Svidník,SK041,Prešovský,49.09679,21.48721,386,386,
08701,087 01,SK041C519537,Lúčka,Lucka,,SK041C,Svidník,SK041,Prešovský,49.10236,21.47406,163,163,
08701,087 01,SK041C519561,Lužany pri Topli,Luzany pri Topli,,SK041C,Svidník,SK041,Prešovský,49.11992,21.49247,82,82,
08701,087 01,SK041C519596,Mičakovce,Micakovce,,SK041C,Svidník,SK041,Prešovský,49.08669,21.52093,53,53,
08701,087 01,SK041C519987,Železník,Zeleznik,,SK041C,Svidník,SK041,Prešovský,49.09196,21.50070,161,161,
08701,087 01,SK041C527271,Fijaš,Fijas,,SK041C,Svidník,SK041,Prešovský,49.12610,21.57397,53,53,
08901,089 01,SK041C527106,Svidník,Svidnik,,SK041C,Svidník,SK041,Prešovský,49.30969,21.57447,2350,4700,
08901,089 01,SK041C527122,Belejovce,Belejovce,,SK041C,Svidník,SK041,Prešovský,49.37430,21.54435,23,23,
08901,089 01,SK041C527319,Hrabovčík,Hrabovcik,,SK041C,Svidník,SK041,Prešovský,49.28079,21.55672,123,123,
08901,089 01,SK041C527351,Jurkova Voľa,Jurkova Vola,,SK041C,Svidník,SK041,Prešovský,49.32187,21.51045,55,55,
08901,089 01,SK041C527629,Nižná Jedľová,Nizna Jedlova,,SK041C,Svidník,SK041,Prešovský,49.33260,21.55876,107,107,
08901,089 01,SK041C527688,Nová Polianka,Nova Polianka,,SK041C,Svidník,SK041,Prešovský,49.28745,21.62083,25,25,
08901,089 01,SK041C527769,Rakovčík,Rakovcik,,SK041C,Svidník,SK041,Prešovský,49.24370,21.57763,63,63,
08901,089 01,SK041C527831,Stročín,Strocin,,SK041C,Svidník,SK041,Prešovský,49.26477,21.59532,159,159,
08901,089 01,SK041C528030,Vyšná Jedľová,Vysna Jedlova,,SK041C,Svidník,SK041,Prešovský,49.34711,21.54236,61,61,
09001,090 01,SK041C527246,Dobroslava,Dobroslava,,SK041C,Svidník,SK041,Prešovský,49.36470,21.61672,40,40,
09001,090 01,SK041C527360,Kapišová,Kapisova,,SK041C,Svidník,SK041,Prešovský,49.34436,21.59528,126,126,
09001,090 01,SK041C527645,Nižná Pisaná,Nizna Pisana,,SK041C,Svidník,SK041,Prešovský,49.38382,21.60153,53,53,
09001,090 01,SK041C528056,Vyšná Pisaná,Vysna Pisana,,SK041C,Svidník,SK041,Prešovský,49.40164,21.61368,37,37,
09002,090 02,SK041C527238,Dlhoňa,Dlhona,,SK041C,Svidník,SK041,Prešovský,49.40242,21.56869,38,38,
09002,090 02,SK041C527301,Havranec,Havranec,,SK041C,Svidník,SK041,Prešovský,49.41092,21.55597,14,14,
09002,090 02,SK041C527483,Kružlová,Kruzlova,,SK041C,Svidník,SK041,Prešovský,49.36264,21.58158,135,135,
09002,090 02,SK041C527858,Svidnička,Svidnicka,,SK041C,Svidník,SK041,Prešovský,49.38318,21.56908,75,75,
09002,090 02,SK041C527963,Vápeník,Vapenik,,SK041C,Svidník,SK041,Prešovský,49.39387,21.54001,40,40,
09003,090 03,SK041C527327,Hunkovce,Hunkovce,,SK041C,Svidník,SK041,Prešovský,49.36085,21.65251,95,95,
09003,090 03,SK041C527459,Krajné Čierno,Krajne Cierno,,SK041C,Svidník,SK041,Prešovský,49.34937,21.66234,34,34,
09003,090 03,SK041C527505,Ladomirová,Ladomirova,,SK041C,Svidník,SK041,Prešovský,49.32988,21.62491,238,238,
09003,090 03,SK041C527891,Šemetkovce,Semetkovce,,SK041C,Svidník,SK041,Prešovský,49.31022,21.66210,51,51,
09003,090 03,SK041C527947,Vagrinec,Vagrinec,,SK041C,Svidník,SK041,Prešovský,49.31319,21.62871,51,51,
09005,090 05,SK041C527149,Bodružal,Bodruzal,,SK041C,Svidník,SK041,Prešovský,49.35315,21.70790,35,35,
09005,090 05,SK041C527394,Korejovce,Korejovce,,SK041C,Svidník,SK041,Prešovský,49.37801,21.64364,39,39,
09005,090 05,SK041C527424,Krajná Bystrá,Krajna Bystra,,SK041C,Svidník,SK041,Prešovský,49.38408,21.67647,84,84,
09005,090 05,SK041C527432,Krajná Poľana,Krajna Polana,,SK041C,Svidník,SK041,Prešovský,49.36305,21.68435,63,63,
09005,090 05,SK041C527441,Krajná Porúbka,Krajna Porubka,,SK041C,Svidník,SK041,Prešovský,49.41317,21.64801,31,31,
09005,090 05,SK041C527556,Medvedie,Medvedie,,SK041C,Svidník,SK041,Prešovský,49.39901,21.64040,41,41,
09005,090 05,SK041C527599,Miroľa,Mirola,,SK041C,Svidník,SK041,Prešovský,49.32815,21.73251,45,45,
09005,090 05,SK041C527653,Nižný Komárnik,Nizny Komarnik,,SK041C,Svidník,SK041,Prešovský,49.37548,21.69659,65,65,
09005,090 05,SK041C527734,Príkra,Prikra,,SK041C,Svidník,SK041,Prešovský,49.36166,21.73920,26,26,
09005,090 05,SK041C527742,Pstriná,Pstrina,,SK041C,Svidník,SK041,Prešovský,49.30939,21.74733,54,54,
09005,090 05,SK041C527874,Šarbov,Sarbov,,SK041C,Svidník,SK041,Prešovský,49.42668,21.63077,19,19,
09005,090 05,SK041C528064,Vyšný Komárnik,Vysny Komarnik,,SK041C,Svidník,SK041,Prešovský,49.40231,21.70515,46,46,
09011,090 11,SK041C527254,Dubová,Dubova,,SK041C,Svidník,SK041,Prešovský,49.36278,21.43321,112,112,
09011,090 11,SK041C527378,Kečkovce,Keckovce,,SK041C,Svidník,SK041,Prešovský,49.38739,21.51341,91,91,
09011,090 11,SK041C527661,Nižný Mirošov,Nizny Mirosov,,SK041C,Svidník,SK041,Prešovský,49.36201,21.47221,90,90,
09011,090 11,SK041C527670,Nižný Orlík,Nizny Orlik,,SK041C,Svidník,SK041,Prešovský,49.33474,21.52693,129,129,
09011,090 11,SK041C527785,Roztoky,Roztoky,,SK041C,Svidník,SK041,Prešovský,49.38746,21.49300,90,90,
09011,090 11,SK041C528072,Vyšný Mirošov,Vysny Mirosov,,SK041C,Svidník,SK041,Prešovský,49.38643,21.44623,157,157,
09011,090 11,SK041C528081,Vyšný Orlík,Vysny Orlik,,SK041C,Svidník,SK041,Prešovský,49.34340,21.50069,144,144,
09016,090 16,SK041C527211,Cernina,Cernina,,SK041C,Svidník,SK041,Prešovský,49.29538,21.47414,175,175,
09016,090 16,SK041C527491,Kurimka,Kurimka,,SK041C,Svidník,SK041,Prešovský,49.31991,21.43806,164,164,
09016,090 16,SK041C527602,Mlynárovce,Mlynarovce,,SK041C,Svidník,SK041,Prešovský,49.25071,21.52960,112,112,
09016,090 16,SK041C527777,Rovné,Rovne,,SK041C,Svidník,SK041,Prešovský,49.28125,21.51781,146,146,
09021,090 21,SK041B527335,Chotča,Chotca,,SK041B,Stropkov,SK041,Prešovský,49.24410,21.68078,199,199,
09021,090 21,SK041B527998,Vislava,Vislava,,SK041B,Stropkov,SK041,Prešovský,49.27983,21.66102,69,69,
09021,090 21,SK041B528021,Vyškovce,Vyskovce,,SK041B,Stropkov,SK041,Prešovský,49.25194,21.66967,56,56,
09022,090 22,SK041B527181,Bukovce,Bukovce,,SK041B,Stropkov,SK041,Prešovský,49.26622,21.71551,142,142,
09022,090 22,SK041B527289,Gribov,Gribov,,SK041B,Stropkov,SK041,Prešovský,49.29519,21.72215,59,59,
09022,090 22,SK041B527416,Kožuchovce,Kozuchovce,,SK041B,Stropkov,SK041,Prešovský,49.31939,21.70508,20,20,
09022,090 22,SK041B527700,Oľšavka,Olsavka,,SK041B,Stropkov,SK041,Prešovský,49.29237,21.68665,77,77,
09023,090 23,SK041B527190,Bystrá,Bystra,,SK041B,Stropkov,SK041,Prešovský,49.24348,21.82023,37,37,
09023,090 23,SK041B527297,Havaj,Havaj,,SK041B,Stropkov,SK041,Prešovský,49.25589,21.78445,134,134,
09023,090 23,SK041B527521,Makovce,Makovce,,SK041B,Stropkov,SK041,Prešovský,49.25772,21.75266,58,58,
09023,090 23,SK041B527823,Staškovce,Staskovce,,SK041B,Stropkov,SK041,Prešovský,49.28009,21.75295,103,103,
09023,090 23,SK041B527971,Varechovce,Varechovce,,SK041B,Stropkov,SK041,Prešovský,49.22393,21.80684,83,83,
09023,090 23,SK041B528005,Vladiča,Vladica,,SK041B,Stropkov,SK041,Prešovský,49.31898,21.79409,132,132,
09024,090 24,SK041B527530,Malá Poľana,Mala Polana,,SK041B,Stropkov,SK041,Prešovský,49.28102,21.82104,73,73,
09024,090 24,SK041B527572,Miková,Mikova,,SK041B,Stropkov,SK041,Prešovský,49.29820,21.82184,123,123,
09031,090 31,SK041B527173,Brusnica,Brusnica,,SK041B,Stropkov,SK041,Prešovský,49.15352,21.69817,114,114,
09031,090 31,SK041B527343,Jakušovce,Jakusovce,,SK041B,Stropkov,SK041,Prešovský,49.15759,21.74960,26,26,
09031,090 31,SK041B527386,Kolbovce,Kolbovce,,SK041B,Stropkov,SK041,Prešovský,49.16436,21.72701,54,54,
09031,090 31,SK041B527408,Korunková,Korunkova,,SK041B,Stropkov,SK041,Prešovský,49.19939,21.74677,46,46,
09031,090 31,SK041B527467,Krišľovce,Krislovce,,SK041B,Stropkov,SK041,Prešovský,49.13880,21.72269,17,17,
09031,090 31,SK041B527815,Soľník,Solnik,,SK041B,Stropkov,SK041,Prešovský,49.21520,21.74425,28,28,
09032,090 32,SK041B527581,Miňovce,Minovce,,SK041B,Stropkov,SK041,Prešovský,49.13462,21.65098,111,111,
09032,090 32,SK041B527637,Nižná Olšava,Nizna Olsava,,SK041B,Stropkov,SK041,Prešovský,49.14301,21.63466,122,122,
09032,090 32,SK041B527793,Kručov,Krucov,,SK041B,Stropkov,SK041,Prešovský,49.11370,21.60782,79,79,
09032,090 32,SK041B528048,Vyšná Olšava,Vysna Olsava,,SK041B,Stropkov,SK041,Prešovský,49.15834,21.60511,163,163,
09033,090 33,SK041B527203,Bžany,Bzany,,SK041B,Stropkov,SK041,Prešovský,49.06205,21.65976,521,521,
09033,090 33,SK041B527513,Lomné,Lomne,,SK041B,Stropkov,SK041,Prešovský,49.10604,21.63341,95,95,
09033,090 33,SK041B527939,Turany nad Ondavou,Turany nad Ondavou,,SK041B,Stropkov,SK041,Prešovský,49.09334,21.65404,163,163,
09034,090 34,SK041B527611,Mrázovce,Mrazovce,,SK041B,Stropkov,SK041,Prešovský,49.11575,21.67055,28,28,
09034,090 34,SK041B527921,Tokajík,Tokajik,,SK041B,Stropkov,SK041,Prešovský,49.10644,21.70858,45,45,
09034,090 34,SK041B560073,Vyšný Hrabovec,Vysny Hrabovec,,SK041B,Stropkov,SK041,Prešovský,49.08915,21.68766,59,59,
09041,090 41,SK041C527564,Mestisko,Mestisko,,SK041C,Svidník,SK041,Prešovský,49.26034,21.58310,193,193,
09042,090 42,SK041C527131,Beňadikovce,Benadikovce,,SK041C,Svidník,SK041,Prešovský,49.23213,21.54711,95,95,
09042,090 42,SK041C527548,Matovce,Matovce,,SK041C,Svidník,SK041,Prešovský,49.13916,21.54668,47,47,
09042,090 42,SK041C527696,Okrúhle,Okruhle,,SK041C,Svidník,SK041,Prešovský,49.18187,21.55203,193,193,
09042,090 42,SK041C527751,Radoma,Radoma,,SK041C,Svidník,SK041,Prešovský,49.19822,21.56678,166,166,
09042,090 42,SK041C527807,Soboš,Sobos,,SK041C,Svidník,SK041,Prešovský,49.14658,21.55388,68,68,
09042,090 42,SK041C527882,Šarišský Štiavnik,Sarissky Stiavnik,,SK041C,Svidník,SK041,Prešovský,49.21343,21.56482,75,75,
09042,090 42,SK041C527904,Štefurov,Stefurov,,SK041C,Svidník,SK041,Prešovský,49.17652,21.50439,46,46,
09042,090 42,SK041C527955,Valkovce,Valkovce,,SK041C,Svidník,SK041,Prešovský,49.17145,21.53236,78,78,
09101,091 01,SK041B527114,Baňa,Bana,,SK041B,Stropkov,SK041,Prešovský,49.21474,21.60830,74,74,
09101,091 01,SK041B527157,Breznica,Breznica,,SK041B,Stropkov,SK041,Prešovský,49.16286,21.66171,250,250,
09101,091 01,SK041B527165,Breznička,Breznicka,,SK041B,Stropkov,SK041,Prešovský,49.22319,21.70258,48,48,
09101,091 01,SK041B527262,Duplín,Duplin,,SK041B,Stropkov,SK041,Prešovský,49.23673,21.62618,171,171,
09101,091 01,SK041B527475,Krušinec,Krusinec,,SK041B,Stropkov,SK041,Prešovský,49.23078,21.66233,74,74,
09101,091 01,SK041B527718,Potôčky,Potocky,,SK041B,Stropkov,SK041,Prešovský,49.20942,21.71638,25,25,
09101,091 01,SK041B527726,Potoky,Potoky,,SK041B,Stropkov,SK041,Prešovský,49.25838,21.62556,36,36,
09101,091 01,SK041B527840,Stropkov,Stropkov,,SK041B,Stropkov,SK041,Prešovský,49.20242,21.65231,2386,4772,
09101,091 01,SK041B527866,Šandal,Sandal,,SK041B,Stropkov,SK041,Prešovský,49.18826,21.62087,126,126,
09101,091 01,SK041B527912,Tisinec,Tisinec,,SK041B,Stropkov,SK041,Prešovský,49.21956,21.64045,160,160,
09101,091 01,SK041B527980,Veľkrop,Velkrop,,SK041B,Stropkov,SK041,Prešovský,49.24137,21.74898,63,63,
09101,091 01,SK041B528013,Vojtovce,Vojtovce,,SK041B,Stropkov,SK041,Prešovský,49.20511,21.69330,43,43,
09301,093 01,SK041D528790,Komárany,Komarany,,SK041D,Vranov nad Topľou,SK041,Prešovský,48.92081,21.64034,170,170,
09301,093 01,SK041D528927,Nižný Kručov,Nizny Krucov,,SK041D,Vranov nad Topľou,SK041,Prešovský,48.91170,21.65364,116,116,
09301,093 01,SK041D544051,Vranov nad Topľou,Vranov nad Toplou,,SK041D,Vranov nad Topľou,SK041,Prešovský,48.88873,21.68434,2516,5032,
09301,093 01,SK041D544124,Čičava,Cicava,,SK041D,Vranov nad Topľou,SK041,Prešovský,48.92484,21.66458,209,209,
09302,093 02,SK041D544051,Vranov nad Topľou,Vranov nad Toplou,,SK041D,Vranov nad Topľou,SK041,Prešovský,48.87264,21.70926,425,850,
09302,093 02,SK041D581674,Hencovce,Hencovce,,SK041D,Vranov nad Topľou,SK041,Prešovský,48.87327,21.73092,410,410,
09303,093 03,SK041D528773,Kamenná Poruba,Kamenna Poruba,,SK041D,Vranov nad Topľou,SK041,Prešovský,48.84742,21.65262,240,240,
09303,093 03,SK041D544051,Vranov nad Topľou,Vranov nad Toplou,,SK041D,Vranov nad Topľou,SK041,Prešovský,48.87645,21.66487,1279,2558,
09303,093 03,SK041D544159,Davidov,Davidov,,SK041D,Vranov nad Topľou,SK041,Prešovský,48.82521,21.63452,257,257,
09401,094 01,SK041D528943,Ondavské Matiašovce,Ondavske Matiasovce,,SK041D,Vranov nad Topľou,SK041,Prešovský,48.93641,21.74471,209,209,
09401,094 01,SK041D529184,Štefanovce,Stefanovce,,SK041D,Vranov nad Topľou,SK041,Prešovský,48.95950,21.77325,55,55,
09401,094 01,SK041D529192,Tovarné,Tovarne,,SK041D,Vranov nad Topľou,SK041,Prešovský,48.91336,21.75811,304,304,
09401,094 01,SK041D529206,Tovarnianska Polianka,Tovarnianska Polianka,,SK041D,Vranov nad Topľou,SK041,Prešovský,48.89903,21.77303,45,45,
09402,094 02,SK041D528820,Kvakovce,Kvakovce,,SK041D,Vranov nad Topľou,SK041,Prešovský,49.01547,21.67752,1049,1049,
09402,094 02,SK041D528846,Malá Domaša,Mala Domasa,,SK041D,Vranov nad Topľou,SK041,Prešovský,48.97004,21.71136,158,158,
09402,094 02,SK041D529168,Slovenská Kajňa,Slovenska Kajna,,SK041D,Vranov nad Topľou,SK041,Prešovský,48.96621,21.70066,235,235,
09402,094 02,SK041D544086,Benkovce,Benkovce,,SK041D,Vranov nad Topľou,SK041,Prešovský,48.95035,21.71005,161,161,
09403,094 03,SK041D529290,Žalobín,Zalobin,,SK041D,Vranov nad Topľou,SK041,Prešovský,48.96952,21.72890,213,213,
09404,094 04,SK041D528935,Nová Kelča,Nova Kelca,,SK041D,Vranov nad Topľou,SK041,Prešovský,49.06039,21.68553,436,436,
09405,094 05,SK041D528731,Holčíkovce,Holcikovce,,SK041D,Vranov nad Topľou,SK041,Prešovský,49.01455,21.71419,673,673,
09405,094 05,SK041D528749,Jasenovce,Jasenovce,,SK041D,Vranov nad Topľou,SK041,Prešovský,48.99820,21.74679,105,105,
09405,094 05,SK041D528994,Piskorovce,Piskorovce,,SK041D,Vranov nad Topľou,SK041,Prešovský,49.10627,21.73288,54,54,
09405,094 05,SK041D529044,Rafajovce,Rafajovce,,SK041D,Vranov nad Topľou,SK041,Prešovský,49.04270,21.73875,51,51,
09405,094 05,SK041D544141,Ďapalovce,Dapalovce,,SK041D,Vranov nad Topľou,SK041,Prešovský,49.06674,21.75012,126,126,
09405,094 05,SK041D544191,Giglovce,Giglovce,,SK041D,Vranov nad Topľou,SK041,Prešovský,49.00076,21.73020,57,57,
09406,094 06,SK0412528803,Košarovce,Kosarovce,,SK0412,Humenné,SK041,Prešovský,49.04361,21.78050,184,184,
09406,094 06,SK041D544205,Girovce,Girovce,,SK041D,Vranov nad Topľou,SK041,Prešovský,49.01385,21.75787,29,29,
09407,094 07,SK0412528897,Nižná Sitnica,Nizna Sitnica,,SK0412,Humenné,SK041,Prešovský,49.06818,21.79338,115,115,
09407,094 07,SK0412528951,Pakostov,Pakostov,,SK0412,Humenné,SK041,Prešovský,49.09260,21.82447,160,160,
09407,094 07,SK0412529061,Rohožník,Rohoznik,,SK0412,Humenné,SK041,Prešovský,49.11178,21.76191,29,29,
09407,094 07,SK0412529087,Ruská Kajňa,Ruska Kajna,,SK0412,Humenné,SK041,Prešovský,49.11864,21.83798,57,57,
09407,094 07,SK0412529249,Vyšná Sitnica,Vysna Sitnica,,SK0412,Humenné,SK041,Prešovský,49.09685,21.78849,124,124,
09408,094 08,SK0412529010,Prituľany,Pritulany,,SK0412,Humenné,SK041,Prešovský,49.12898,21.77443,52,52,
09408,094 08,SK0412529095,Ruská Poruba,Ruska Poruba,,SK0412,Humenné,SK041,Prešovský,49.13976,21.79105,111,111,
09408,094 08,SK0412529273,Závada,Zavada,,SK0412,Humenné,SK041,Prešovský,49.17273,21.78527,46,46,
09409,094 09,SK041D528838,Majerovce,Majerovce,,SK041D,Vranov nad Topľou,SK041,Prešovský,48.89182,21.71626,147,147,
09409,094 09,SK041D529117,Vyšný Kazimír,Vysny Kazimir,,SK041D,Vranov nad Topľou,SK041,Prešovský,48.94001,21.68124,92,92,
09409,094 09,SK041D529141,Sedliská,Sedliska,,SK041D,Vranov nad Topľou,SK041,Prešovský,48.90660,21.72863,386,386,
09412,094 12,SK041D528765,Juskova Voľa,Juskova Vola,,SK041D,Vranov nad Topľou,SK041,Prešovský,48.87895,21.56622,102,102,
09412,094 12,SK041D529222,Vechec,Vechec,,SK041D,Vranov nad Topľou,SK041,Prešovský,48.87120,21.62196,490,490,
09412,094 12,SK041D544078,Banské,Banske,,SK041D,Vranov nad Topľou,SK041,Prešovský,48.82920,21.57125,399,399,
09413,094 13,SK041D529125,Sačurov,Sacurov,,SK041D,Vranov nad Topľou,SK041,Prešovský,48.82088,21.69400,494,494,
09413,094 13,SK041D544175,Dlhé Klčovo,Dlhe Klcovo,,SK041D,Vranov nad Topľou,SK041,Prešovský,48.81116,21.73970,384,384,
09414,094 14,SK041D529133,Sečovská Polianka,Secovska Polianka,,SK041D,Vranov nad Topľou,SK041,Prešovský,48.78336,21.68227,727,727,
09414,094 14,SK041D544108,Cabov,Cabov,,SK041D,Vranov nad Topľou,SK041,Prešovský,48.80403,21.64268,129,129,
09415,094 15,SK041D529265,Zámutov,Zamutov,,SK041D,Vranov nad Topľou,SK041,Prešovský,48.90107,21.55531,692,692,
09421,094 21,SK041D528781,Kladzany,Kladzany,,SK041D,Vranov nad Topľou,SK041,Prešovský,48.88518,21.74995,202,202,
09421,094 21,SK041D528811,Kučín,Kucin,,SK041D,Vranov nad Topľou,SK041,Prešovský,48.86913,21.74625,122,122,
09421,094 21,SK041D528901,Nižný Hrabovec,Nizny Hrabovec,,SK041D,Vranov nad Topľou,SK041,Prešovský,48.85272,21.75461,453,453,
09421,094 21,SK041D529001,Poša,Posa,,SK041D,Vranov nad Topľou,SK041,Prešovský,48.83853,21.75713,224,224,
09422,094 22,SK041D528919,Nižný Hrušov,Nizny Hrusov,,SK041D,Vranov nad Topľou,SK041,Prešovský,48.80895,21.77226,519,519,
09423,094 23,SK041D528871,Merník,Mernik,,SK041D,Vranov nad Topľou,SK041,Prešovský,48.94882,21.64348,188,188,
09423,094 23,SK041D528889,Michalok,Michalok,,SK041D,Vranov nad Topľou,SK041,Prešovský,48.99177,21.63241,123,123,
09431,094 31,SK041D528854,Matiaška,Matiaska,,SK041D,Vranov nad Topľou,SK041,Prešovský,49.06189,21.58215,87,87,
09431,094 31,SK041D528862,Medzianky,Medzianky,,SK041D,Vranov nad Topľou,SK041,Prešovský,49.03703,21.47008,112,112,
09431,094 31,SK041D528960,Pavlovce,Pavlovce,,SK041D,Vranov nad Topľou,SK041,Prešovský,49.02913,21.44399,275,275,
09431,094 31,SK041D528986,Petrovce,Petrovce,,SK041D,Vranov nad Topľou,SK041,Prešovský,49.00041,21.48158,168,168,
09431,094 31,SK041D529028,Prosačov,Prosacov,,SK041D,Vranov nad Topľou,SK041,Prešovský,49.04175,21.53718,66,66,
09431,094 31,SK041D529036,Radvanovce,Radvanovce,,SK041D,Vranov nad Topľou,SK041,Prešovský,49.04974,21.45979,68,68,
09431,094 31,SK041D529052,Remeniny,Remeniny,,SK041D,Vranov nad Topľou,SK041,Prešovský,49.03603,21.55176,118,118,
09431,094 31,SK041D529109,Ruská Voľa,Ruska Vola,,SK041D,Vranov nad Topľou,SK041,Prešovský,49.09602,21.59009,28,28,
09431,094 31,SK041D529214,Vavrinec,Vavrinec,,SK041D,Vranov nad Topľou,SK041,Prešovský,49.04897,21.59661,22,22,
09431,094 31,SK041D529231,Vlača,Vlaca,,SK041D,Vranov nad Topľou,SK041,Prešovský,49.04824,21.51144,77,77,
09431,094 31,SK041D544060,Babie,Babie,,SK041D,Vranov nad Topľou,SK041,Prešovský,49.06988,21.49109,95,95,
09431,094 31,SK041D544167,Detrík,Detrik,,SK041D,Vranov nad Topľou,SK041,Prešovský,49.04228,21.62129,37,37,
09431,094 31,SK041D544183,Ďurďoš,Durdos,,SK041D,Vranov nad Topľou,SK041,Prešovský,49.04817,21.52283,91,91,
09431,094 31,SK041D544213,Hanušovce nad Topľou,Hanusovce nad Toplou,,SK041D,Vranov nad Topľou,SK041,Prešovský,49.02560,21.50119,742,1484,
09433,094 33,SK041D528978,Petkovce,Petkovce,,SK041D,Vranov nad Topľou,SK041,Prešovský,49.00175,21.59918,58,58,
09433,094 33,SK041D529150,Skrabské,Skrabske,,SK041D,Vranov nad Topľou,SK041,Prešovský,49.00751,21.57849,180,180,
09433,094 33,SK041D529257,Vyšný Žipov,Vysny Zipov,,SK041D,Vranov nad Topľou,SK041,Prešovský,48.98489,21.58778,340,340,
09433,094 33,SK041D529281,Zlatník,Zlatnik,,SK041D,Vranov nad Topľou,SK041,Prešovský,48.96636,21.54534,33,33,
09433,094 33,SK041D544230,Hlinné,Hlinne,,SK041D,Vranov nad Topľou,SK041,Prešovský,48.95460,21.58221,12,12,
09434,094 34,SK041D544094,Bystré,Bystre,,SK041D,Vranov nad Topľou,SK041,Prešovský,49.00749,21.54007,650,650,
09434,094 34,SK041D544132,Čierne nad Topľou,Cierne nad Toplou,,SK041D,Vranov nad Topľou,SK041,Prešovský,48.99591,21.56722,258,258,
09434,094 34,SK041D544221,Hermanovce nad Topľou,Hermanovce nad Toplou,,SK041D,Vranov nad Topľou,SK041,Prešovský,48.98368,21.51087,232,232,
09435,094 35,SK041D528757,Jastrabie nad Topľou,Jastrabie nad Toplou,,SK041D,Vranov nad Topľou,SK041,Prešovský,48.93945,21.60567,127,127,
09435,094 35,SK041D529079,Rudlov,Rudlov,,SK041D,Vranov nad Topľou,SK041,Prešovský,48.92281,21.57182,189,189,
09435,094 35,SK041D529176,Soľ,Sol,,SK041D,Vranov nad Topľou,SK041,Prešovský,48.92629,21.59751,518,518,
09435,094 35,SK041D544116,Čaklov,Caklov,,SK041D,Vranov nad Topľou,SK041,Prešovský,48.90554,21.62541,521,521,
09435,094 35,SK041D544230,Hlinné,Hlinne,,SK041D,Vranov nad Topľou,SK041,Prešovský,48.95154,21.57685,357,357,
81101,811 01,SK0101528595,Bratislava-Staré Mesto,Bratislava-Stare Mesto,Bratislava,SK0101,Bratislava I,SK010,Bratislavský,48.14459,17.10187,535,1070,
81102,811 02,SK0101528595,Bratislava-Staré Mesto,Bratislava-Stare Mesto,Bratislava,SK0101,Bratislava I,SK010,Bratislavský,48.14947,17.08431,1096,2192,
81102,811 02,SK0102529338,Bratislava-Vrakuňa,Bratislava-Vrakuna,Bratislava,SK0102,Bratislava II,SK010,Bratislavský,48.14459,17.20169,1,2,
81103,811 03,SK0101528595,Bratislava-Staré Mesto,Bratislava-Stare Mesto,Bratislava,SK0101,Bratislava I,SK010,Bratislavský,48.14738,17.09692,722,1444,
81104,811 04,SK0101528595,Bratislava-Staré Mesto,Bratislava-Stare Mesto,Bratislava,SK0101,Bratislava I,SK010,Bratislavský,48.15535,17.09553,3450,6900,
81104,811 04,SK0102529320,Bratislava-Ružinov,Bratislava-Ruzinov,Bratislava,SK0102,Bratislava II,SK010,Bratislavský,48.17120,17.16249,1,2,
81105,811 05,SK0101528595,Bratislava-Staré Mesto,Bratislava-Stare Mesto,Bratislava,SK0101,Bratislava I,SK010,Bratislavský,48.15627,17.11265,391,782,
81106,811 06,SK0101528595,Bratislava-Staré Mesto,Bratislava-Stare Mesto,Bratislava,SK0101,Bratislava I,SK010,Bratislavský,48.14935,17.10586,477,954,
81106,811 06,SK0108503894,Kráľová pri Senci,Kralova pri Senci,,SK0108,Senec,SK010,Bratislavský,48.19758,17.51835,1,1,
81107,811 07,SK0101528595,Bratislava-Staré Mesto,Bratislava-Stare Mesto,Bratislava,SK0101,Bratislava I,SK010,Bratislavský,48.15356,17.12026,310,620,
81107,811 07,SK0102529320,Bratislava-Ružinov,Bratislava-Ruzinov,Bratislava,SK0102,Bratislava II,SK010,Bratislavský,48.14990,17.12614,1,2,
81108,811 08,SK0101528595,Bratislava-Staré Mesto,Bratislava-Stare Mesto,Bratislava,SK0101,Bratislava I,SK010,Bratislavský,48.14795,17.11885,357,714,
81108,811 08,SK0104529427,Bratislava-Záhorská Bystrica,Bratislava-Zahorska Bystrica,Bratislava,SK0104,Bratislava IV,SK010,Bratislavský,48.23503,17.05458,1,2,
81109,811 09,SK0101528595,Bratislava-Staré Mesto,Bratislava-Stare Mesto,Bratislava,SK0101,Bratislava I,SK010,Bratislavský,48.14378,17.12019,249,498,
81109,811 09,SK0102529320,Bratislava-Ružinov,Bratislava-Ruzinov,Bratislava,SK0102,Bratislava II,SK010,Bratislavský,48.13981,17.12382,28,56,
82101,821 01,SK0102529320,Bratislava-Ružinov,Bratislava-Ruzinov,Bratislava,SK0102,Bratislava II,SK010,Bratislavský,48.15597,17.15651,473,946,
82101,821 01,SK0107508179,Pezinok,Pezinok,,SK0107,Pezinok,SK010,Bratislavský,48.29238,17.25907,1,2,
82101,821 01,SK0108503894,Kráľová pri Senci,Kralova pri Senci,,SK0108,Senec,SK010,Bratislavský,48.20119,17.43799,1,1,
82102,821 02,SK0102529320,Bratislava-Ružinov,Bratislava-Ruzinov,Bratislava,SK0102,Bratislava II,SK010,Bratislavský,48.16121,17.16301,429,858,
82102,821 02,SK0107508101,Modra,Modra,,SK0107,Pezinok,SK010,Bratislavský,48.33892,17.31022,1,2,
82103,821 03,SK0102529320,Bratislava-Ružinov,Bratislava-Ruzinov,Bratislava,SK0102,Bratislava II,SK010,Bratislavský,48.15557,17.16712,466,932,
82104,821 04,SK0102529320,Bratislava-Ružinov,Bratislava-Ruzinov,Bratislava,SK0102,Bratislava II,SK010,Bratislavský,48.16215,17.16496,6173,12346,
82105,821 05,SK0102529320,Bratislava-Ružinov,Bratislava-Ruzinov,Bratislava,SK0102,Bratislava II,SK010,Bratislavský,48.14609,17.17121,2068,4136,
82106,821 06,SK0102529311,Bratislava-Podunajské Biskupice,Bratislava-Podunajske Biskupice,Bratislava,SK0102,Bratislava II,SK010,Bratislavský,48.12849,17.20969,3966,7932,
82106,821 06,SK0102529320,Bratislava-Ružinov,Bratislava-Ruzinov,Bratislava,SK0102,Bratislava II,SK010,Bratislavský,48.14681,17.14405,2,4,
82106,821 06,SK0102529338,Bratislava-Vrakuňa,Bratislava-Vrakuna,Bratislava,SK0102,Bratislava II,SK010,Bratislavský,48.14478,17.20308,18,36,
82106,821 06,SK0104529371,Bratislava-Devínska Nová Ves,Bratislava-Devinska Nova Ves,Bratislava,SK0104,Bratislava IV,SK010,Bratislavský,48.20219,16.99179,1,2,
82106,821 06,SK0104529427,Bratislava-Záhorská Bystrica,Bratislava-Zahorska Bystrica,Bratislava,SK0104,Bratislava IV,SK010,Bratislavský,48.19904,17.05429,1,2,
82107,821 07,SK0102529311,Bratislava-Podunajské Biskupice,Bratislava-Podunajske Biskupice,Bratislava,SK0102,Bratislava II,SK010,Bratislavský,48.13231,17.20858,922,1844,
82107,821 07,SK0102529320,Bratislava-Ružinov,Bratislava-Ruzinov,Bratislava,SK0102,Bratislava II,SK010,Bratislavský,48.12885,17.17104,144,288,
82107,821 07,SK0102529338,Bratislava-Vrakuňa,Bratislava-Vrakuna,Bratislava,SK0102,Bratislava II,SK010,Bratislavský,48.14755,17.20202,4041,8082,
82108,821 08,SK0101528595,Bratislava-Staré Mesto,Bratislava-Stare Mesto,Bratislava,SK0101,Bratislava I,SK010,Bratislavský,48.15021,17.12585,8,16,
82108,821 08,SK0102529320,Bratislava-Ružinov,Bratislava-Ruzinov,Bratislava,SK0102,Bratislava II,SK010,Bratislavský,48.15399,17.13358,746,1492,
82109,821 09,SK0101528595,Bratislava-Staré Mesto,Bratislava-Stare Mesto,Bratislava,SK0101,Bratislava I,SK010,Bratislavský,48.14600,17.12586,4,8,
82109,821 09,SK0102529320,Bratislava-Ružinov,Bratislava-Ruzinov,Bratislava,SK0102,Bratislava II,SK010,Bratislavský,48.14787,17.13889,668,1336,
82109,821 09,SK0107508179,Pezinok,Pezinok,,SK0107,Pezinok,SK010,Bratislavský,48.27518,17.24983,1,2,
83000,830 00,SK0103529346,Bratislava-Nové Mesto,Bratislava-Nove Mesto,Bratislava,SK0103,Bratislava III,SK010,Bratislavský,48.18881,17.12057,53,106,
83005,830 05,SK0103529354,Bratislava-Rača,Bratislava-Raca,Bratislava,SK0103,Bratislava III,SK010,Bratislavský,48.22530,17.15520,1,2,
83007,830 07,SK0103529346,Bratislava-Nové Mesto,Bratislava-Nove Mesto,Bratislava,SK0103,Bratislava III,SK010,Bratislavský,48.18472,17.09572,3,6,
83101,831 01,SK0103529346,Bratislava-Nové Mesto,Bratislava-Nove Mesto,Bratislava,SK0103,Bratislava III,SK010,Bratislavský,48.16767,17.10329,2320,4640,
83101,831 01,SK0107508179,Pezinok,Pezinok,,SK0107,Pezinok,SK010,Bratislavský,48.29405,17.26072,1,2,
83102,831 02,SK0103529346,Bratislava-Nové Mesto,Bratislava-Nove Mesto,Bratislava,SK0103,Bratislava III,SK010,Bratislavský,48.17462,17.12296,890,1780,
83102,831 02,SK0103529354,Bratislava-Rača,Bratislava-Raca,Bratislava,SK0103,Bratislava III,SK010,Bratislavský,48.18719,17.13558,2,4,
83103,831 03,SK0103529346,Bratislava-Nové Mesto,Bratislava-Nove Mesto,Bratislava,SK0103,Bratislava III,SK010,Bratislavský,48.17044,17.13484,1139,2278,
83104,831 04,SK0102529320,Bratislava-Ružinov,Bratislava-Ruzinov,Bratislava,SK0102,Bratislava II,SK010,Bratislavský,48.16425,17.15055,1,2,
83104,831 04,SK0103529346,Bratislava-Nové Mesto,Bratislava-Nove Mesto,Bratislava,SK0103,Bratislava III,SK010,Bratislavský,48.17022,17.13121,1866,3732,
83104,831 04,SK0103529354,Bratislava-Rača,Bratislava-Raca,Bratislava,SK0103,Bratislava III,SK010,Bratislavský,48.20325,17.15040,1286,2572,
83104,831 04,SK0103529362,Bratislava-Vajnory,Bratislava-Vajnory,Bratislava,SK0103,Bratislava III,SK010,Bratislavský,48.20307,17.20383,455,910,
83106,831 06,SK0103529346,Bratislava-Nové Mesto,Bratislava-Nove Mesto,Bratislava,SK0103,Bratislava III,SK010,Bratislavský,48.19795,17.12871,19,38,
83106,831 06,SK0103529354,Bratislava-Rača,Bratislava-Raca,Bratislava,SK0103,Bratislava III,SK010,Bratislavský,48.21120,17.15191,2683,5366,
83106,831 06,SK0103529362,Bratislava-Vajnory,Bratislava-Vajnory,Bratislava,SK0103,Bratislava III,SK010,Bratislavský,48.21470,17.19021,78,156,
83107,831 07,SK0103529362,Bratislava-Vajnory,Bratislava-Vajnory,Bratislava,SK0103,Bratislava III,SK010,Bratislavský,48.20250,17.20711,1771,3542,
83107,831 07,SK0107508179,Pezinok,Pezinok,,SK0107,Pezinok,SK010,Bratislavský,48.29265,17.25950,2,4,
83151,831 51,SK0103529354,Bratislava-Rača,Bratislava-Raca,Bratislava,SK0103,Bratislava III,SK010,Bratislavský,48.20091,17.14366,80,160,
83152,831 52,SK0103529346,Bratislava-Nové Mesto,Bratislava-Nove Mesto,Bratislava,SK0103,Bratislava III,SK010,Bratislavský,48.19642,17.13220,245,490,
83152,831 52,SK0103529354,Bratislava-Rača,Bratislava-Raca,Bratislava,SK0103,Bratislava III,SK010,Bratislavský,48.19682,17.13855,59,118,
83153,831 53,SK0103529354,Bratislava-Rača,Bratislava-Raca,Bratislava,SK0103,Bratislava III,SK010,Bratislavský,48.19821,17.14415,122,244,
83154,831 54,SK0103529354,Bratislava-Rača,Bratislava-Raca,Bratislava,SK0103,Bratislava III,SK010,Bratislavský,48.19246,17.14007,92,184,
84002,840 02,SK0104529419,Bratislava-Lamač,Bratislava-Lamac,Bratislava,SK0104,Bratislava IV,SK010,Bratislavský,48.20570,17.03722,2,4,
84002,840 02,SK0104529427,Bratislava-Záhorská Bystrica,Bratislava-Zahorska Bystrica,Bratislava,SK0104,Bratislava IV,SK010,Bratislavský,48.20037,17.05290,128,256,
84008,840 08,SK0104529427,Bratislava-Záhorská Bystrica,Bratislava-Zahorska Bystrica,Bratislava,SK0104,Bratislava IV,SK010,Bratislavský,48.22328,17.03917,162,324,
84101,841 01,SK0104529389,Bratislava-Dúbravka,Bratislava-Dubravka,Bratislava,SK0104,Bratislava IV,SK010,Bratislavský,48.18602,17.03483,1043,2086,
84102,841 02,SK0104529389,Bratislava-Dúbravka,Bratislava-Dubravka,Bratislava,SK0104,Bratislava IV,SK010,Bratislavský,48.18808,17.03244,774,1548,
84103,841 03,SK0103529346,Bratislava-Nové Mesto,Bratislava-Nove Mesto,Bratislava,SK0103,Bratislava III,SK010,Bratislavský,48.17830,17.06595,12,24,
84103,841 03,SK0104529397,Bratislava-Karlova Ves,Bratislava-Karlova Ves,Bratislava,SK0104,Bratislava IV,SK010,Bratislavský,48.17394,17.06094,8,16,
84103,841 03,SK0104529419,Bratislava-Lamač,Bratislava-Lamac,Bratislava,SK0104,Bratislava IV,SK010,Bratislavský,48.19081,17.05305,1185,2370,
84103,841 03,SK0104529427,Bratislava-Záhorská Bystrica,Bratislava-Zahorska Bystrica,Bratislava,SK0104,Bratislava IV,SK010,Bratislavský,48.20116,17.04931,50,100,
84104,841 04,SK0104529397,Bratislava-Karlova Ves,Bratislava-Karlova Ves,Bratislava,SK0104,Bratislava IV,SK010,Bratislavský,48.15778,17.05464,1423,2846,
84104,841 04,SK0104529401,Bratislava-Devín,Bratislava-Devin,Bratislava,SK0104,Bratislava IV,SK010,Bratislavský,48.15294,17.02444,60,120,
84104,841 04,SK0104529419,Bratislava-Lamač,Bratislava-Lamac,Bratislava,SK0104,Bratislava IV,SK010,Bratislavský,48.18076,17.05867,4,8,
84105,841 05,SK0104529397,Bratislava-Karlova Ves,Bratislava-Karlova Ves,Bratislava,SK0104,Bratislava IV,SK010,Bratislavský,48.15287,17.04930,511,1022,
84105,841 05,SK0104529401,Bratislava-Devín,Bratislava-Devin,Bratislava,SK0104,Bratislava IV,SK010,Bratislavský,48.15288,17.03191,19,38,
84106,841 06,SK0104529427,Bratislava-Záhorská Bystrica,Bratislava-Zahorska Bystrica,Bratislava,SK0104,Bratislava IV,SK010,Bratislavský,48.23670,17.04299,2428,4856,
84106,841 06,SK0107508179,Pezinok,Pezinok,,SK0107,Pezinok,SK010,Bratislavský,48.29228,17.25899,1,2,
84107,841 07,SK0101528595,Bratislava-Staré Mesto,Bratislava-Stare Mesto,Bratislava,SK0101,Bratislava I,SK010,Bratislavský,48.15505,17.09808,2,4,
84107,841 07,SK0104529371,Bratislava-Devínska Nová Ves,Bratislava-Devinska Nova Ves,Bratislava,SK0104,Bratislava IV,SK010,Bratislavský,48.21203,16.97870,2701,5402,
84107,841 07,SK0104529389,Bratislava-Dúbravka,Bratislava-Dubravka,Bratislava,SK0104,Bratislava IV,SK010,Bratislavský,48.18797,17.02901,796,1592,
84107,841 07,SK0104529397,Bratislava-Karlova Ves,Bratislava-Karlova Ves,Bratislava,SK0104,Bratislava IV,SK010,Bratislavský,48.15775,17.05630,1181,2362,
84107,841 07,SK0104529401,Bratislava-Devín,Bratislava-Devin,Bratislava,SK0104,Bratislava IV,SK010,Bratislavský,48.16941,16.99942,315,630,
84107,841 07,SK0104529419,Bratislava-Lamač,Bratislava-Lamac,Bratislava,SK0104,Bratislava IV,SK010,Bratislavský,48.18831,17.06369,15,30,
84107,841 07,SK0104529427,Bratislava-Záhorská Bystrica,Bratislava-Zahorska Bystrica,Bratislava,SK0104,Bratislava IV,SK010,Bratislavský,48.24416,16.98752,36,72,
84107,841 07,SK0107508179,Pezinok,Pezinok,,SK0107,Pezinok,SK010,Bratislavský,48.29015,17.27733,1,2,
84108,841 08,SK0104529371,Bratislava-Devínska Nová Ves,Bratislava-Devinska Nova Ves,Bratislava,SK0104,Bratislava IV,SK010,Bratislavský,48.20813,16.98201,285,570,
84110,841 10,SK0104529371,Bratislava-Devínska Nová Ves,Bratislava-Devinska Nova Ves,Bratislava,SK0104,Bratislava IV,SK010,Bratislavský,48.20027,16.98657,1,2,
84110,841 10,SK0104529397,Bratislava-Karlova Ves,Bratislava-Karlova Ves,Bratislava,SK0104,Bratislava IV,SK010,Bratislavský,48.14813,17.06304,2,4,
84110,841 10,SK0104529401,Bratislava-Devín,Bratislava-Devin,Bratislava,SK0104,Bratislava IV,SK010,Bratislavský,48.17445,16.98596,894,1788,
84110,841 10,SK0107508179,Pezinok,Pezinok,,SK0107,Pezinok,SK010,Bratislavský,48.28947,17.25629,1,2,
85000,850 00,SK0105529460,Bratislava-Petržalka,Bratislava-Petrzalka,Bratislava,SK0105,Bratislava V,SK010,Bratislavský,48.12207,17.06466,1,2,
85009,850 09,SK0105529494,Bratislava-Rusovce,Bratislava-Rusovce,Bratislava,SK0105,Bratislava V,SK010,Bratislavský,48.06185,17.14035,5,10,
85101,851 01,SK0105529460,Bratislava-Petržalka,Bratislava-Petrzalka,Bratislava,SK0105,Bratislava V,SK010,Bratislavský,48.12356,17.10010,1008,2016,
85102,851 02,SK0105529460,Bratislava-Petržalka,Bratislava-Petrzalka,Bratislava,SK0105,Bratislava V,SK010,Bratislavský,48.11546,17.11473,165,330,
85103,851 03,SK0105529460,Bratislava-Petržalka,Bratislava-Petrzalka,Bratislava,SK0105,Bratislava V,SK010,Bratislavský,48.12208,17.11726,176,352,
85104,851 04,SK0105529460,Bratislava-Petržalka,Bratislava-Petrzalka,Bratislava,SK0105,Bratislava V,SK010,Bratislavský,48.12420,17.12714,330,660,
85105,851 05,SK0105529460,Bratislava-Petržalka,Bratislava-Petrzalka,Bratislava,SK0105,Bratislava V,SK010,Bratislavský,48.10790,17.10548,148,296,
85106,851 06,SK0105529460,Bratislava-Petržalka,Bratislava-Petrzalka,Bratislava,SK0105,Bratislava V,SK010,Bratislavský,48.10041,17.10386,155,310,
85107,851 07,SK0105529460,Bratislava-Petržalka,Bratislava-Petrzalka,Bratislava,SK0105,Bratislava V,SK010,Bratislavský,48.09319,17.11921,317,634,
85110,851 10,SK0105529435,Bratislava-Čunovo,Bratislava-Cunovo,Bratislava,SK0105,Bratislava V,SK010,Bratislavský,48.03013,17.19676,808,1616,
85110,851 10,SK0105529443,Bratislava-Jarovce,Bratislava-Jarovce,Bratislava,SK0105,Bratislava V,SK010,Bratislavský,48.06643,17.11537,1172,2344,
85110,851 10,SK0105529460,Bratislava-Petržalka,Bratislava-Petrzalka,Bratislava,SK0105,Bratislava V,SK010,Bratislavský,48.11585,17.10550,552,1104,
85110,851 10,SK0105529494,Bratislava-Rusovce,Bratislava-Rusovce,Bratislava,SK0105,Bratislava V,SK010,Bratislavský,48.05100,17.14999,1581,3162,
85110,851 10,SK0107508179,Pezinok,Pezinok,,SK0107,Pezinok,SK010,Bratislavský,48.29108,17.26149,1,2,
90001,900 01,SK0107508101,Modra,Modra,,SK0107,Pezinok,SK010,Bratislavský,48.34103,17.31028,3728,7456,
90021,900 21,SK0107507989,Svätý Jur,Svaty Jur,,SK0107,Pezinok,SK010,Bratislavský,48.25301,17.21339,2063,4126,
90023,900 23,SK0107508306,Viničné,Vinicne,,SK0107,Pezinok,SK010,Bratislavský,48.27152,17.30329,1075,1075,
90024,900 24,SK0108508292,Veľký Biel,Velky Biel,,SK0108,Senec,SK010,Bratislavský,48.21520,17.36000,1662,1662,
90025,900 25,SK0108507911,Chorvátsky Grob,Chorvatsky Grob,,SK0108,Senec,SK010,Bratislavský,48.22799,17.24508,3487,3487,
90026,900 26,SK0107508225,Slovenský Grob,Slovensky Grob,,SK0107,Pezinok,SK010,Bratislavský,48.24550,17.27125,2383,2383,
90027,900 27,SK0108507814,Bernolákovo,Bernolakovo,,SK0108,Senec,SK010,Bratislavský,48.19650,17.30237,4337,4337,
90028,900 28,SK0108507938,Ivanka pri Dunaji,Ivanka pri Dunaji,,SK0108,Senec,SK010,Bratislavský,48.18631,17.25659,2939,2939,
90028,900 28,SK0108555509,Zálesie,Zalesie,,SK0108,Senec,SK010,Bratislavský,48.16652,17.27361,1145,1145,
90029,900 29,SK0108508136,Nová Dedinka,Nova Dedinka,,SK0108,Senec,SK010,Bratislavský,48.18238,17.35385,1478,1478,
90031,900 31,SK0106508233,Stupava,Stupava,,SK0106,Malacky,SK010,Bratislavský,48.27305,17.03224,5141,10282,
90032,900 32,SK0106507831,Borinka,Borinka,,SK0106,Malacky,SK010,Bratislavský,48.26310,17.08493,533,533,
90033,900 33,SK0106508080,Marianka,Marianka,,SK0106,Malacky,SK010,Bratislavský,48.24830,17.05559,1230,1230,
90041,900 41,SK0108508209,Rovinka,Rovinka,,SK0108,Senec,SK010,Bratislavský,48.09729,17.24098,3275,3275,
90042,900 42,SK0108508098,Miloslavov,Miloslavov,,SK0108,Senec,SK010,Bratislavský,48.09598,17.31324,3582,3582,
90042,900 42,SK0108545333,Dunajská Lužná,Dunajska Luzna,,SK0108,Senec,SK010,Bratislavský,48.08401,17.26699,3297,3297,
90043,900 43,SK0108507903,Hamuliakovo,Hamuliakovo,,SK0108,Senec,SK010,Bratislavský,48.04009,17.25377,1293,1293,
90043,900 43,SK0108507997,Kalinkovo,Kalinkovo,,SK0108,Senec,SK010,Bratislavský,48.05721,17.25158,756,756,
90043,900 43,SK0108508217,Senec,Senec,,SK0108,Senec,SK010,Bratislavský,48.20050,17.38390,1,2,
90044,900 44,SK0108508276,Tomášov,Tomasov,,SK0108,Senec,SK010,Bratislavský,48.14291,17.33367,1479,1479,
90044,900 44,SK0108508331,Vlky,Vlky,,SK0108,Senec,SK010,Bratislavský,48.15802,17.36543,241,241,
90045,900 45,SK0108508071,Malinovo,Malinovo,,SK0108,Senec,SK010,Bratislavský,48.15303,17.29750,1757,1757,
90046,900 46,SK0108508110,Most pri Bratislave,Most pri Bratislave,,SK0108,Senec,SK010,Bratislavský,48.13871,17.27969,1986,1986,
90050,900 50,SK0108503797,Hrubá Borša,Hruba Borsa,,SK0108,Senec,SK010,Bratislavský,48.18013,17.49046,987,987,
90050,900 50,SK0108503894,Kráľová pri Senci,Kralova pri Senci,,SK0108,Senec,SK010,Bratislavský,48.19796,17.44823,926,926,
90051,900 51,SK0106508381,Zohor,Zohor,,SK0106,Malacky,SK010,Bratislavský,48.31916,16.98221,1371,1371,
90052,900 52,SK0106508021,Kuchyňa,Kuchyna,,SK0106,Malacky,SK010,Bratislavský,48.40608,17.15816,812,812,
90053,900 53,SK0106508161,Pernek,Pernek,,SK0106,Malacky,SK010,Bratislavský,48.36721,17.14646,419,419,
90054,900 54,SK0106507954,Jablonové,Jablonove,,SK0106,Malacky,SK010,Bratislavský,48.34785,17.09888,649,649,
90055,900 55,SK0106508055,Lozorno,Lozorno,,SK0106,Malacky,SK010,Bratislavský,48.33466,17.04203,1324,1324,
90061,900 61,SK0106507890,Gajary,Gajary,,SK0106,Malacky,SK010,Bratislavský,48.46800,16.92559,1323,1323,
90062,900 62,SK0106508012,Kostolište,Kostoliste,,SK0106,Malacky,SK010,Bratislavský,48.44651,16.98195,964,964,
90063,900 63,SK0106507962,Jakubov,Jakubov,,SK0106,Malacky,SK010,Bratislavský,48.41420,16.92255,882,882,
90064,900 64,SK0106508241,Suchohrad,Suchohrad,,SK0106,Malacky,SK010,Bratislavský,48.40641,16.85802,331,331,
90065,900 65,SK0106508365,Záhorská Ves,Zahorska Ves,,SK0106,Malacky,SK010,Bratislavský,48.38162,16.85067,707,707,
90066,900 66,SK0106508349,Vysoká pri Morave,Vysoka pri Morave,,SK0106,Malacky,SK010,Bratislavský,48.32892,16.91304,1024,1024,
90067,900 67,SK0106508039,Láb,Lab,,SK0106,Malacky,SK010,Bratislavský,48.36418,16.97459,1050,1050,
90068,900 68,SK0106508195,Plavecký Štvrtok,Plavecky Stvrtok,,SK0106,Malacky,SK010,Bratislavský,48.37707,17.00266,1195,1195,
90081,900 81,SK0107508250,Šenkvice,Senkvice,,SK0107,Pezinok,SK010,Bratislavský,48.29902,17.34749,1874,1874,
90082,900 82,SK0108507822,Blatné,Blatne,,SK0108,Senec,SK010,Bratislavský,48.26574,17.41863,737,737,
90083,900 83,SK0108507865,Čataj,Cataj,,SK0108,Senec,SK010,Bratislavský,48.27123,17.47763,502,502,
90084,900 84,SK0107507806,Báhoň,Bahon,,SK0107,Pezinok,SK010,Bratislavský,48.30988,17.44480,684,684,
90084,900 84,SK0108555487,Igram,Igram,,SK0108,Senec,SK010,Bratislavský,48.28368,17.46398,241,241,
90084,900 84,SK0108555495,Kaplna,Kaplna,,SK0108,Senec,SK010,Bratislavský,48.29545,17.45568,344,344,
90085,900 85,SK0107508322,Vištuk,Vistuk,,SK0107,Pezinok,SK010,Bratislavský,48.33443,17.39340,539,539,
90086,900 86,SK0107507849,Budmerice,Budmerice,,SK0107,Pezinok,SK010,Bratislavský,48.35829,17.40546,1284,1284,
90086,900 86,SK0107507946,Jablonec,Jablonec,,SK0107,Pezinok,SK010,Bratislavský,48.33480,17.44610,415,415,
90086,900 86,SK0107508268,Štefanová,Stefanova,,SK0107,Pezinok,SK010,Bratislavský,48.38473,17.39770,186,186,
90088,900 88,SK0107507873,Doľany,Dolany,,SK0107,Pezinok,SK010,Bratislavský,48.41616,17.37671,504,504,
90089,900 89,SK0107507857,Častá,Casta,,SK0107,Pezinok,SK010,Bratislavský,48.39813,17.35859,953,953,
90089,900 89,SK0107508187,Píla,Pila,,SK0107,Pezinok,SK010,Bratislavský,48.39088,17.33161,218,218,
90090,900 90,SK0107507881,Dubová,Dubova,,SK0107,Pezinok,SK010,Bratislavský,48.36613,17.33921,462,462,
90091,900 91,SK0107508047,Limbach,Limbach,,SK0107,Pezinok,SK010,Bratislavský,48.28909,17.22226,993,993,
90091,900 91,SK0107508179,Pezinok,Pezinok,,SK0107,Pezinok,SK010,Bratislavský,48.29858,17.22534,5,10,
90101,901 01,SK0106500267,Záhorie,Zahorie,,SK0106,Malacky,SK010,Bratislavský,48.56967,17.32398,50,50,46-445
90101,901 01,SK0106508063,Malacky,Malacky,,SK0106,Malacky,SK010,Bratislavský,48.43685,17.02123,4783,9566,
90201,902 01,SK0107508179,Pezinok,Pezinok,,SK0107,Pezinok,SK010,Bratislavský,48.29325,17.26684,4534,9068,
90201,902 01,SK0107508314,Vinosady,Vinosady,,SK0107,Pezinok,SK010,Bratislavský,48.31148,17.29058,648,648,
90203,902 03,SK0107508179,Pezinok,Pezinok,,SK0107,Pezinok,SK010,Bratislavský,48.27214,17.24715,773,1546,
90301,903 01,SK0108503801,Hrubý Šúr,Hruby Sur,,SK0108,Senec,SK010,Bratislavský,48.17013,17.42010,513,513,
90301,903 01,SK0108503819,Hurbanova Ves,Hurbanova Ves,,SK0108,Senec,SK010,Bratislavský,48.15304,17.43899,334,334,
90301,903 01,SK0108503851,Kostolná pri Dunaji,Kostolna pri Dunaji,,SK0108,Senec,SK010,Bratislavský,48.18326,17.43417,461,461,
90301,903 01,SK0108503894,Kráľová pri Senci,Kralova pri Senci,,SK0108,Senec,SK010,Bratislavský,48.17938,17.41028,45,45,
90301,903 01,SK0108503983,Reca,Reca,,SK0108,Senec,SK010,Bratislavský,48.21547,17.47131,4,4,380-384
90301,903 01,SK0108508217,Senec,Senec,,SK0108,Senec,SK010,Bratislavský,48.21785,17.39993,6483,12966,
90301,903 01,SK0108508284,Tureň,Turen,,SK0108,Senec,SK010,Bratislavský,48.19042,17.38862,560,560,
90301,903 01,SK0108582549,Nový Svet,Novy Svet,,SK0108,Senec,SK010,Bratislavský,48.21404,17.47794,75,75,
90501,905 01,SK0106500267,Záhorie,Zahorie,,SK0106,Malacky,SK010,Bratislavský,48.44445,17.06105,2,2,"33, 455"
90501,905 01,SK0215504203,Senica,Senica,,SK0215,Senica,SK021,Trnavský,48.67972,17.36331,5015,10030,
90501,905 01,SK0215504777,Rovensko,Rovensko,,SK0215,Senica,SK021,Trnavský,48.71166,17.37726,175,175,
90602,906 02,SK0215504335,Dojč,Dojc,,SK0215,Senica,SK021,Trnavský,48.67889,17.25197,576,576,
90603,906 03,SK0215504475,Koválov,Kovalov,,SK0215,Senica,SK021,Trnavský,48.70540,17.28237,289,289,
90603,906 03,SK0215504831,Smrdáky,Smrdaky,,SK0215,Senica,SK021,Trnavský,48.72280,17.30163,203,203,
90604,906 04,SK0215504327,Častkov,Castkov,,SK0215,Senica,SK021,Trnavský,48.74791,17.35311,234,234,
90604,906 04,SK0215556122,Rohov,Rohov,,SK0215,Senica,SK021,Trnavský,48.72698,17.34585,109,109,
90604,906 04,SK0215556131,Rybky,Rybky,,SK0215,Senica,SK021,Trnavský,48.70773,17.33815,166,166,
90605,906 05,SK0215504653,Podbranč,Podbranc,,SK0215,Senica,SK021,Trnavský,48.72956,17.44957,390,390,
90605,906 05,SK0215504840,Sobotište,Sobotiste,,SK0215,Senica,SK021,Trnavský,48.74183,17.40818,755,755,
90606,906 06,SK0223504254,Brestovec,Brestovec,,SK0223,Myjava,SK022,Trenčiansky,48.80269,17.52982,3,3,"531, 545, 1020"
90606,906 06,SK0223504408,Chvojnica,Chvojnica,,SK0223,Myjava,SK022,Trenčiansky,48.79951,17.41011,223,223,
90606,906 06,SK0223504971,Vrbovce,Vrbovce,,SK0223,Myjava,SK022,Trenčiansky,48.79803,17.47334,912,912,"1-898, 901-943, 945-948"
90607,906 07,SK0215504882,Šajdíkove Humence,Sajdikove Humence,,SK0215,Senica,SK021,Trnavský,48.65583,17.28206,773,773,
90611,906 11,SK0215504700,Prietrž,Prietrz,,SK0215,Senica,SK021,Trnavský,48.67968,17.44616,439,439,
90612,906 12,SK0215504386,Hradište pod Vrátnom,Hradiste pod Vratnom,,SK0215,Senica,SK021,Trnavský,48.62661,17.48759,355,355,
90612,906 12,SK0215504602,Osuské,Osuske,,SK0215,Senica,SK021,Trnavský,48.62910,17.43927,398,398,
90613,906 13,SK0223504262,Brezová pod Bradlom,Brezova pod Bradlom,,SK0223,Myjava,SK022,Trenčiansky,48.66455,17.53931,1536,3072,
90614,906 14,SK0223504289,Bukovec,Bukovec,,SK0223,Myjava,SK022,Trenčiansky,48.69967,17.49618,258,258,
90615,906 15,SK0223504467,Košariská,Kosariska,,SK0223,Myjava,SK022,Trenčiansky,48.67120,17.59949,309,309,
90615,906 15,SK0223504696,Priepasné,Priepasne,,SK0223,Myjava,SK022,Trenčiansky,48.69605,17.58650,252,252,
90621,906 21,SK0223504424,Jablonka,Jablonka,,SK0223,Myjava,SK022,Trenčiansky,48.72701,17.61753,324,324,
90622,906 22,SK0223504688,Poriadie,Poriadie,,SK0223,Myjava,SK022,Trenčiansky,48.77711,17.60679,351,351,
90623,906 23,SK0223504793,Rudník,Rudnik,,SK0223,Myjava,SK022,Trenčiansky,48.76034,17.62987,422,422,
90631,906 31,SK0215504203,Senica,Senica,,SK0215,Senica,SK021,Trnavský,48.66224,17.39332,57,114,
90631,906 31,SK0215504360,Hlboké,Hlboke,,SK0215,Senica,SK021,Trnavský,48.65882,17.40785,487,487,
90632,906 32,SK0215504416,Jablonica,Jablonica,,SK0215,Senica,SK021,Trnavský,48.60636,17.42132,962,962,
90633,906 33,SK0215504297,Cerová,Cerova,,SK0215,Senica,SK021,Trnavský,48.58055,17.38971,723,723,
90634,906 34,SK0215504726,Prievaly,Prievaly,,SK0215,Senica,SK021,Trnavský,48.55800,17.34789,446,446,
90635,906 35,SK0106504637,Plavecký Mikuláš,Plavecky Mikulas,,SK0106,Malacky,SK010,Bratislavský,48.51018,17.30405,468,468,
90635,906 35,SK0215504645,Plavecký Peter,Plavecky Peter,,SK0215,Senica,SK021,Trnavský,48.53613,17.32890,333,333,
90636,906 36,SK0106504629,Plavecké Podhradie,Plavecke Podhradie,,SK0106,Malacky,SK010,Bratislavský,48.48246,17.26190,398,398,
90637,906 37,SK0106504858,Sološnica,Solosnica,,SK0106,Malacky,SK010,Bratislavský,48.46403,17.23213,694,694,
90638,906 38,SK0106504769,Rohožník,Rohoznik,,SK0106,Malacky,SK010,Bratislavský,48.45875,17.16689,800,800,
90645,906 45,SK0215504904,Štefanov,Stefanov,,SK0215,Senica,SK021,Trnavský,48.67751,17.20270,498,498,
90701,907 01,SK0223504254,Brestovec,Brestovec,,SK0223,Myjava,SK022,Trenčiansky,48.79158,17.55597,557,557,"1-520, 532-544, 550-1008, 1021, 1022"
90701,907 01,SK0223504581,Myjava,Myjava,,SK0223,Myjava,SK022,Trenčiansky,48.75347,17.56791,2124,4248,
90701,907 01,SK0223504661,Polianka,Polianka,,SK0223,Myjava,SK022,Trenčiansky,48.72266,17.58291,223,223,
90701,907 01,SK0223504866,Stará Myjava,Stara Myjava,,SK0223,Myjava,SK022,Trenčiansky,48.79220,17.58893,462,462,
90703,907 03,SK0223504581,Myjava,Myjava,,SK0223,Myjava,SK022,Trenčiansky,48.74712,17.52848,773,1546,
90703,907 03,SK0223504971,Vrbovce,Vrbovce,,SK0223,Myjava,SK022,Trenčiansky,48.76388,17.49986,2,2,"900, 944"
90801,908 01,SK0215504513,Kúty,Kuty,,SK0215,Senica,SK021,Trnavský,48.65926,17.02257,1466,1466,
90841,908 41,SK0215504891,Šaštín-Stráže,Sastin-Straze,,SK0215,Senica,SK021,Trnavský,48.64029,17.14589,1738,3476,
90842,908 42,SK0215504823,Smolinské,Smolinske,,SK0215,Senica,SK021,Trnavský,48.67632,17.12800,438,438,
90843,908 43,SK0215504319,Čáry,Cary,,SK0215,Senica,SK021,Trnavský,48.65517,17.09170,494,494,
90844,908 44,SK0216504530,Letničie,Letnicie,,SK0216,Skalica,SK021,Trnavský,48.71101,17.17913,211,211,
90844,908 44,SK0216504611,Petrova Ves,Petrova Ves,,SK0216,Skalica,SK021,Trnavský,48.72045,17.16211,400,400,
90845,908 45,SK0216504351,Gbely,Gbely,,SK0216,Skalica,SK021,Trnavský,48.71743,17.11565,2211,4422,
90846,908 46,SK0216504939,Unín,Unin,,SK0216,Skalica,SK021,Trnavský,48.72610,17.21580,491,491,
90847,908 47,SK0216504734,Radimov,Radimov,,SK0216,Skalica,SK021,Trnavský,48.75047,17.19944,222,222,
90848,908 48,SK0216504459,Kopčany,Kopcany,,SK0216,Skalica,SK021,Trnavský,48.78781,17.11537,1048,1048,
90849,908 49,SK0216504432,Kátov,Katov,,SK0216,Skalica,SK021,Trnavský,48.83220,17.17203,246,246,
90849,908 49,SK0216504718,Prietržka,Prietrzka,,SK0216,Skalica,SK021,Trnavský,48.80565,17.19642,238,238,
90849,908 49,SK0216504963,Vrádište,Vradiste,,SK0216,Skalica,SK021,Trnavský,48.82301,17.19243,345,345,
90851,908 51,SK0216504378,Holíč,Holic,,SK0216,Skalica,SK021,Trnavský,48.81242,17.16155,3300,6600,
90851,908 51,SK0216504912,Trnovec,Trnovec,,SK0216,Skalica,SK021,Trnavský,48.79951,17.18933,119,119,
90861,908 61,SK0216504670,Popudinské Močidľany,Popudinske Mocidlany,,SK0216,Skalica,SK021,Trnavský,48.78540,17.22133,370,370,
90862,908 62,SK0216504343,Dubovce,Dubovce,,SK0216,Skalica,SK021,Trnavský,48.77338,17.24612,251,251,
90863,908 63,SK0216504483,Koválovec,Kovalovec,,SK0216,Skalica,SK021,Trnavský,48.78421,17.30296,114,114,
90863,908 63,SK0216504548,Lopašov,Lopasov,,SK0216,Skalica,SK021,Trnavský,48.75098,17.33069,110,110,
90863,908 63,SK0216504599,Oreské,Oreske,,SK0216,Skalica,SK021,Trnavský,48.74451,17.30597,153,153,
90863,908 63,SK0216504742,Radošovce,Radosovce,,SK0216,Skalica,SK021,Trnavský,48.77479,17.28296,782,782,
90864,908 64,SK0216504394,Chropov,Chropov,,SK0216,Skalica,SK021,Trnavský,48.77459,17.31960,175,175,
90865,908 65,SK0216504564,Mokrý Háj,Mokry Haj,,SK0216,Skalica,SK021,Trnavský,48.81296,17.24454,273,273,
90871,908 71,SK0215504572,Moravský Svätý Ján,Moravsky Svaty Jan,,SK0215,Senica,SK021,Trnavský,48.58768,17.00128,982,982,
90872,908 72,SK0106504980,Závod,Zavod,,SK0106,Malacky,SK010,Bratislavský,48.54494,17.03109,1183,1183,
90873,908 73,SK0106504947,Veľké Leváre,Velke Levare,,SK0106,Malacky,SK010,Bratislavský,48.50420,17.00152,1444,1444,
90874,908 74,SK0106504556,Malé Leváre,Male Levare,,SK0106,Malacky,SK010,Bratislavský,48.50247,16.96903,838,838,
90875,908 75,SK0106504874,Studienka,Studienka,,SK0106,Malacky,SK010,Bratislavský,48.52740,17.13819,808,808,
90876,908 76,SK0215504521,Lakšárska Nová Ves,Laksarska Nova Ves,,SK0215,Senica,SK021,Trnavský,48.57714,17.18049,668,668,
90877,908 77,SK0215504211,Bílkove Humence,Bilkove Humence,,SK0215,Senica,SK021,Trnavský,48.58591,17.23843,198,198,
90877,908 77,SK0215504238,Borský Mikuláš,Borsky Mikulas,,SK0215,Senica,SK021,Trnavský,48.63050,17.21343,1934,1934,
90878,908 78,SK0215504491,Kuklov,Kuklov,,SK0215,Senica,SK021,Trnavský,48.64064,17.06786,304,304,
90879,908 79,SK0215504220,Borský Svätý Jur,Borsky Svaty Jur,,SK0215,Senica,SK021,Trnavský,48.60998,17.05023,1078,1078,
90880,908 80,SK0215556114,Sekule,Sekule,,SK0215,Senica,SK021,Trnavský,48.60173,16.99742,857,857,
90885,908 85,SK0216504271,Brodské,Brodske,,SK0216,Skalica,SK021,Trnavský,48.69056,17.01341,1044,1044,
90901,909 01,SK0216504815,Skalica,Skalica,,SK0216,Skalica,SK021,Trnavský,48.84185,17.23027,5347,10694,
91101,911 01,SK0229505820,Trenčín,Trencin,,SK0229,Trenčín,SK022,Trenčiansky,48.89074,18.05434,5143,10286,
91105,911 05,SK0229505820,Trenčín,Trencin,,SK0229,Trenčín,SK022,Trenčiansky,48.90110,18.02012,2904,5808,
91105,911 05,SK0229556475,Zamarovce,Zamarovce,,SK0229,Trenčín,SK022,Trenčiansky,48.90902,18.04969,587,587,
91106,911 06,SK0229505820,Trenčín,Trencin,,SK0229,Trenčín,SK022,Trenčiansky,48.89589,17.99714,652,1304,
91108,911 08,SK0229505820,Trenčín,Trencin,,SK0229,Trenčín,SK022,Trenčiansky,48.87375,18.04710,422,844,
91303,913 03,SK0229505960,Drietoma,Drietoma,,SK0229,Trenčín,SK022,Trenčiansky,48.90369,17.95159,949,949,
91304,913 04,SK0229506087,Chocholná-Velčice,Chocholna-Velcice,,SK0229,Trenčín,SK022,Trenčiansky,48.86642,17.94364,827,827,
91304,913 04,SK0229506133,Kostolná-Záriečie,Kostolna-Zariecie,,SK0229,Trenčín,SK022,Trenčiansky,48.87869,17.96918,249,249,
91305,913 05,SK0229505838,Adamovské Kochanovce,Adamovske Kochanovce,,SK0229,Trenčín,SK022,Trenčiansky,48.85262,17.93067,333,333,
91305,913 05,SK0229506095,Ivanovce,Ivanovce,,SK0229,Trenčín,SK022,Trenčiansky,48.83002,17.90544,409,409,
91305,913 05,SK0229506541,Štvrtok,Stvrtok,,SK0229,Trenčín,SK022,Trenčiansky,48.81944,17.88095,202,202,
91305,913 05,SK0229545686,Melčice-Lieskové,Melcice-Lieskove,,SK0229,Trenčín,SK022,Trenčiansky,48.84635,17.90951,643,643,
91307,913 07,SK0224505871,Bošáca,Bosaca,,SK0224,Nové Mesto nad Váhom,SK022,Trenčiansky,48.83406,17.83823,666,666,
91307,913 07,SK0224506583,Trenčianske Bohuslavice,Trencianske Bohuslavice,,SK0224,Nové Mesto nad Váhom,SK022,Trenčiansky,48.80021,17.86160,361,361,
91307,913 07,SK0224556424,Haluzice,Haluzice,,SK0224,Nové Mesto nad Váhom,SK022,Trenčiansky,48.82306,17.86752,77,77,
91307,913 07,SK0224556441,Zemianske Podhradie,Zemianske Podhradie,,SK0224,Nové Mesto nad Váhom,SK022,Trenčiansky,48.84187,17.83179,328,328,
91308,913 08,SK0224506303,Nová Bošáca,Nova Bosaca,,SK0224,Nové Mesto nad Váhom,SK022,Trenčiansky,48.89075,17.79675,684,684,
91311,913 11,SK0229506168,Krivosúd-Bodovka,Krivosud-Bodovka,,SK0229,Trenčín,SK022,Trenčiansky,48.81931,17.94322,158,158,
91311,913 11,SK0229506371,Opatovce,Opatovce,,SK0229,Trenčín,SK022,Trenčiansky,48.85946,17.97617,207,207,
91311,913 11,SK0229506656,Veľké Bierovce,Velke Bierovce,,SK0229,Trenčín,SK022,Trenčiansky,48.85319,17.98379,289,289,
91311,913 11,SK0229545741,Trenčianske Stankovce,Trencianske Stankovce,,SK0229,Trenčín,SK022,Trenčiansky,48.84120,17.98750,1128,1128,
91321,913 21,SK0229505820,Trenčín,Trencin,,SK0229,Trenčín,SK022,Trenčiansky,48.86222,18.02095,30,60,
91321,913 21,SK0229506231,Mníchova Lehota,Mnichova Lehota,,SK0229,Trenčín,SK022,Trenčiansky,48.82866,18.06506,658,658,
91321,913 21,SK0229506567,Trenčianska Turná,Trencianska Turna,,SK0229,Trenčín,SK022,Trenčiansky,48.85038,18.01972,1401,1401,
91322,913 22,SK0229506591,Trenčianske Jastrabie,Trencianske Jastrabie,,SK0229,Trenčín,SK022,Trenčiansky,48.79959,18.11005,589,589,
91322,913 22,SK0229506605,Trenčianske Mitice,Trencianske Mitice,,SK0229,Trenčín,SK022,Trenčiansky,48.81598,18.11773,439,439,
91323,913 23,SK0229505978,Dubodiel,Dubodiel,,SK0229,Trenčín,SK022,Trenčiansky,48.76232,18.10628,466,466,
91324,913 24,SK0229506028,Horňany,Hornany,,SK0229,Trenčín,SK022,Trenčiansky,48.77883,18.19703,182,182,
91324,913 24,SK0229506532,Svinná,Svinna,,SK0229,Trenčín,SK022,Trenčiansky,48.78727,18.16308,631,631,
91324,913 24,SK0229506648,Veľká Hradná,Velka Hradna,,SK0229,Trenčín,SK022,Trenčiansky,48.76950,18.13888,323,323,
91325,913 25,SK0229505854,Bobot,Bobot,,SK0229,Trenčín,SK022,Trenčiansky,48.80520,18.19164,336,336,
91326,913 26,SK0229506273,Motešice,Motesice,,SK0229,Trenčín,SK022,Trenčiansky,48.83175,18.17905,422,422,
91326,913 26,SK0229506290,Neporadza,Neporadza,,SK0229,Trenčín,SK022,Trenčiansky,48.82030,18.15226,327,327,
91326,913 26,SK0229581348,Petrova Lehota,Petrova Lehota,,SK0229,Trenčín,SK022,Trenčiansky,48.87052,18.17321,135,135,
91331,913 31,SK0229546682,Skalka nad Váhom,Skalka nad Vahom,,SK0229,Trenčín,SK022,Trenčiansky,48.93137,18.07240,495,495,
91332,913 32,SK0229505943,Dolná Súča,Dolna Suca,,SK0229,Trenčín,SK022,Trenčiansky,48.95910,18.03238,1047,1047,other
91332,913 32,SK0229506044,Hrabovka,Hrabovka,,SK0229,Trenčín,SK022,Trenčiansky,48.93463,18.03954,185,185,
91333,913 33,SK0229505943,Dolná Súča,Dolna Suca,,SK0229,Trenčín,SK022,Trenčiansky,48.99086,18.00519,65,65,"780-829, 861-863, 866-869, 967, 969-973, 976, 991, 995, 1071, 1074, 1223"
91333,913 33,SK0229506010,Horná Súča,Horna Suca,,SK0229,Trenčín,SK022,Trenčiansky,48.97757,17.96851,1410,1410,
91336,913 36,SK0229506478,Selec,Selec,,SK0229,Trenčín,SK022,Trenčiansky,48.78583,17.99055,352,352,
91338,913 38,SK0229505820,Trenčín,Trencin,,SK0229,Trenčín,SK022,Trenčiansky,48.86914,18.06550,10,20,
91338,913 38,SK0229506508,Soblahov,Soblahov,,SK0229,Trenčín,SK022,Trenčiansky,48.86239,18.07402,825,825,
91401,914 01,SK0229506559,Trenčianska Teplá,Trencianska Tepla,,SK0229,Trenčín,SK022,Trenčiansky,48.93236,18.11968,1682,1682,
91441,914 41,SK0229506281,Nemšová,Nemsova,,SK0229,Trenčín,SK022,Trenčiansky,48.96342,18.10765,1712,3424,
91442,914 42,SK0229506036,Horné Srnie,Horne Srnie,,SK0229,Trenčín,SK022,Trenčiansky,48.99224,18.09866,958,958,
91443,914 43,SK0229505935,Dolná Poruba,Dolna Poruba,,SK0229,Trenčín,SK022,Trenčiansky,48.90649,18.29240,426,426,
91443,914 43,SK0229506354,Omšenie,Omsenie,,SK0229,Trenčín,SK022,Trenčiansky,48.90065,18.22436,843,843,
91451,914 51,SK0229506613,Trenčianske Teplice,Trencianske Teplice,,SK0229,Trenčín,SK022,Trenčiansky,48.91157,18.16269,1160,2320,
91501,915 01,SK0224505846,Beckov,Beckov,,SK0224,Nové Mesto nad Váhom,SK022,Trenčiansky,48.77311,17.86403,10,10,"700-705, 712-717"
91501,915 01,SK0224506338,Nové Mesto nad Váhom,Nove Mesto nad Vahom,,SK0224,Nové Mesto nad Váhom,SK022,Trenčiansky,48.75797,17.82875,5488,10976,
91601,916 01,SK0224506524,Stará Turá,Stara Tura,,SK0224,Nové Mesto nad Váhom,SK022,Trenčiansky,48.78319,17.67517,2728,5456,
91611,916 11,SK0224505897,Bzince pod Javorinou,Bzince pod Javorinou,,SK0224,Nové Mesto nad Váhom,SK022,Trenčiansky,48.80865,17.75255,1039,1039,
91612,916 12,SK0224506184,Lubina,Lubina,,SK0224,Nové Mesto nad Váhom,SK022,Trenčiansky,48.80223,17.71756,965,965,
91613,916 13,SK0223506141,Kostolné,Kostolne,,SK0223,Myjava,SK022,Trenčiansky,48.73731,17.69888,391,391,
91613,916 13,SK0224506630,Vaďovce,Vadovce,,SK0224,Nové Mesto nad Váhom,SK022,Trenčiansky,48.74044,17.72240,345,345,
91614,916 14,SK0223506079,Hrašné,Hrasne,,SK0223,Myjava,SK022,Trenčiansky,48.75197,17.66581,295,295,
91616,916 16,SK0223506150,Krajné,Krajne,,SK0223,Myjava,SK022,Trenčiansky,48.70248,17.66763,920,920,"1-759, 768-1028, 1039-1074"
91616,916 16,SK0223506419,Podkylava,Podkylava,,SK0223,Myjava,SK022,Trenčiansky,48.67605,17.65831,233,233,
91616,916 16,SK0224506061,Hrachovište,Hrachoviste,,SK0224,Nové Mesto nad Váhom,SK022,Trenčiansky,48.71350,17.72673,377,377,
91616,916 16,SK0224506672,Višňové,Visnove,,SK0224,Nové Mesto nad Váhom,SK022,Trenčiansky,48.72611,17.75289,105,105,
91621,916 21,SK0224505901,Čachtice,Cachtice,,SK0224,Nové Mesto nad Váhom,SK022,Trenčiansky,48.71217,17.78851,1273,1273,
91622,916 22,SK0223506150,Krajné,Krajne,,SK0223,Myjava,SK022,Trenčiansky,48.68367,17.71515,9,9,"760-767, 1029"
91622,916 22,SK0224506346,Očkov,Ockov,,SK0224,Nové Mesto nad Váhom,SK022,Trenčiansky,48.65266,17.76469,210,210,
91622,916 22,SK0224506427,Podolie,Podolie,,SK0224,Nové Mesto nad Váhom,SK022,Trenčiansky,48.67182,17.77326,908,908,
91623,916 23,SK0224506401,Pobedim,Pobedim,,SK0224,Nové Mesto nad Váhom,SK022,Trenčiansky,48.64981,17.80104,457,457,
91624,916 24,SK0224506001,Horná Streda,Horna Streda,,SK0224,Nové Mesto nad Váhom,SK022,Trenčiansky,48.65603,17.84445,690,690,"1-1028, 1104-3911"
91625,916 25,SK0224505889,Brunovce,Brunovce,,SK0224,Nové Mesto nad Váhom,SK022,Trenčiansky,48.67369,17.85350,279,279,
91625,916 25,SK0224506001,Horná Streda,Horna Streda,,SK0224,Nové Mesto nad Váhom,SK022,Trenčiansky,48.65108,17.84431,1,1,1100
91625,916 25,SK0224506435,Potvorice,Potvorice,,SK0224,Nové Mesto nad Váhom,SK022,Trenčiansky,48.68870,17.85266,268,268,
91626,916 26,SK0224506443,Považany,Povazany,,SK0224,Nové Mesto nad Váhom,SK022,Trenčiansky,48.70805,17.84751,509,509,
91627,916 27,SK0224505919,Častkovce,Castkovce,,SK0224,Nové Mesto nad Váhom,SK022,Trenčiansky,48.69103,17.78199,529,529,
91631,916 31,SK0224506125,Kočovce,Kocovce,,SK0224,Nové Mesto nad Váhom,SK022,Trenčiansky,48.75329,17.88650,761,761,
91631,916 31,SK0224556459,Nová Ves nad Váhom,Nova Ves nad Vahom,,SK0224,Nové Mesto nad Váhom,SK022,Trenčiansky,48.73341,17.88780,273,273,
91632,916 32,SK0224505994,Hôrka nad Váhom,Horka nad Vahom,,SK0224,Nové Mesto nad Váhom,SK022,Trenčiansky,48.71735,17.89016,344,344,
91633,916 33,SK0224506052,Hrádok,Hradok,,SK0224,Nové Mesto nad Váhom,SK022,Trenčiansky,48.69733,17.88588,426,426,
91633,916 33,SK0224506206,Lúka,Luka,,SK0224,Nové Mesto nad Váhom,SK022,Trenčiansky,48.65841,17.88006,325,325,
91635,916 35,SK0224506249,Modrová,Modrova,,SK0224,Nové Mesto nad Váhom,SK022,Trenčiansky,48.64033,17.90338,290,290,
91635,916 35,SK0224506257,Modrovka,Modrovka,,SK0224,Nové Mesto nad Váhom,SK022,Trenčiansky,48.64937,17.88110,121,121,
91635,916 35,SK0224506311,Nová Lehota,Nova Lehota,,SK0224,Nové Mesto nad Váhom,SK022,Trenčiansky,48.65532,17.98291,266,266,
91635,916 35,SK0224506516,Stará Lehota,Stara Lehota,,SK0224,Nové Mesto nad Váhom,SK022,Trenčiansky,48.65345,17.95461,224,224,
91637,916 37,SK0224506109,Kálnica,Kalnica,,SK0224,Nové Mesto nad Váhom,SK022,Trenčiansky,48.76322,17.92158,565,565,
91638,916 38,SK0224505846,Beckov,Beckov,,SK0224,Nové Mesto nad Váhom,SK022,Trenčiansky,48.78971,17.89608,587,587,"1-685, 706, 710, 718-3003"
91641,916 41,SK0224505951,Dolné Srnie,Dolne Srnie,,SK0224,Nové Mesto nad Váhom,SK022,Trenčiansky,48.80147,17.81785,441,441,
91642,916 42,SK0224506265,Moravské Lieskové,Moravske Lieskove,,SK0224,Nové Mesto nad Váhom,SK022,Trenčiansky,48.83356,17.77734,1371,1371,
91701,917 01,SK0217506745,Trnava,Trnava,,SK0217,Trnava,SK021,Trnavský,48.38140,17.58790,6858,13716,
91701,917 01,SK0217507768,Zavar,Zavar,,SK0217,Trnava,SK021,Trnavský,48.36542,17.63321,68,68,
91702,917 02,SK0217506745,Trnava,Trnava,,SK0217,Trnava,SK021,Trnavský,48.36271,17.58414,1226,2452,
91705,917 05,SK0217506745,Trnava,Trnava,,SK0217,Trnava,SK021,Trnavský,48.34999,17.60865,983,1966,
91708,917 08,SK0217506745,Trnava,Trnava,,SK0217,Trnava,SK021,Trnavský,48.37416,17.56288,1205,2410,
91901,919 01,SK0217507211,Košolná,Kosolna,,SK0217,Trnava,SK021,Trnavský,48.42483,17.46258,294,294,
91901,919 01,SK0217507571,Suchá nad Parnou,Sucha nad Parnou,,SK0217,Trnava,SK021,Trnavský,48.41046,17.48856,996,996,
91901,919 01,SK0217556599,Dlhá,Dlha,,SK0217,Trnava,SK021,Trnavský,48.41316,17.42845,168,168,
91901,919 01,SK0217581488,Zvončín,Zvoncin,,SK0217,Trnava,SK021,Trnavský,48.40195,17.50653,387,387,
91902,919 02,SK0217506940,Dolné Orešany,Dolne Oresany,,SK0217,Trnava,SK021,Trnavský,48.43959,17.42914,639,639,
91903,919 03,SK0217507067,Horné Orešany,Horne Oresany,,SK0217,Trnava,SK021,Trnavský,48.46511,17.43855,887,887,
91904,919 04,SK0217507555,Smolenice,Smolenice,,SK0217,Trnava,SK021,Trnavský,48.50292,17.42890,1441,1441,
91904,919 04,SK0217556688,Lošonec,Losonec,,SK0217,Trnava,SK021,Trnavský,48.48505,17.39605,612,612,
91905,919 05,SK0217507687,Trstín,Trstin,,SK0217,Trnava,SK021,Trnavský,48.52732,17.46345,667,667,
91907,919 07,SK0217506788,Bíňovce,Binovce,,SK0217,Trnava,SK021,Trnavský,48.50373,17.48069,277,277,
91908,919 08,SK0217506818,Boleráz,Boleraz,,SK0217,Trnava,SK021,Trnavský,48.46318,17.49620,848,848,
91909,919 09,SK0217506796,Bohdanovce nad Trnavou,Bohdanovce nad Trnavou,,SK0217,Trnava,SK021,Trnavský,48.43100,17.54252,584,584,
91909,919 09,SK0217556670,Šelpice,Selpice,,SK0217,Trnava,SK021,Trnavský,48.43210,17.52924,321,321,
91910,919 10,SK0217506869,Buková,Bukova,,SK0217,Trnava,SK021,Trnavský,48.54278,17.40114,497,497,
91921,919 21,SK0217507776,Zeleneč,Zelenec,,SK0217,Trnava,SK021,Trnavský,48.33006,17.59311,878,878,
91922,919 22,SK0217507296,Majcichov,Majcichov,,SK0217,Trnava,SK021,Trnavský,48.28568,17.62902,794,794,
91923,919 23,SK0217556513,Vlčkovce,Vlckovce,,SK0217,Trnava,SK021,Trnavský,48.31014,17.65382,474,474,
91924,919 24,SK0217556483,Križovany nad Dudváhom,Krizovany nad Dudvahom,,SK0217,Trnava,SK021,Trnavský,48.32325,17.65440,709,709,
91925,919 25,SK0217507636,Šúrovce,Surovce,,SK0217,Trnava,SK021,Trnavský,48.33196,17.72274,896,896,
91926,919 26,SK0217507768,Zavar,Zavar,,SK0217,Trnava,SK021,Trnavský,48.35065,17.67066,756,756,
91927,919 27,SK0217506842,Brestovany,Brestovany,,SK0217,Trnava,SK021,Trnavský,48.38407,17.68553,792,792,
91927,919 27,SK0217556661,Dolné Lovčice,Dolne Lovcice,,SK0217,Trnava,SK021,Trnavský,48.36598,17.67465,311,311,
91928,919 28,SK0217506851,Bučany,Bucany,,SK0217,Trnava,SK021,Trnavský,48.41625,17.69907,816,816,
91929,919 29,SK0217507318,Malženice,Malzenice,,SK0217,Trnava,SK021,Trnavský,48.44974,17.67442,524,524,
91930,919 30,SK0217507156,Jaslovské Bohunice,Jaslovske Bohunice,,SK0217,Trnava,SK021,Trnavský,48.47760,17.64350,822,822,
91930,919 30,SK0217556653,Radošovce,Radosovce,,SK0217,Trnava,SK021,Trnavský,48.49657,17.63518,140,140,
91932,919 32,SK0217556491,Opoj,Opoj,,SK0217,Trnava,SK021,Trnavský,48.30195,17.64318,409,409,
91933,919 33,SK0213507661,Trakovice,Trakovice,,SK0213,Hlohovec,SK021,Trnavský,48.43865,17.71020,518,518,
91934,919 34,SK0217506745,Trnava,Trnava,,SK0217,Trnava,SK021,Trnavský,48.36431,17.53635,66,132,
91934,919 34,SK0217580473,Biely Kostol,Biely Kostol,,SK0217,Trnava,SK021,Trnavský,48.36938,17.53287,980,980,
91935,919 35,SK0217581020,Hrnčiarovce nad Parnou,Hrnciarovce nad Parnou,,SK0217,Trnava,SK021,Trnavský,48.34232,17.56813,826,826,
91942,919 42,SK0217507741,Voderady,Voderady,,SK0217,Trnava,SK021,Trnavský,48.27817,17.55931,609,609,
91942,919 42,SK0217556556,Pavlice,Pavlice,,SK0217,Trnava,SK021,Trnavský,48.25926,17.57688,203,203,
91942,919 42,SK0217556564,Slovenská Nová Ves,Slovenska Nova Ves,,SK0217,Trnava,SK021,Trnavský,48.29213,17.53364,252,252,
91943,919 43,SK0217506877,Cífer,Cifer,,SK0217,Trnava,SK021,Trnavský,48.31696,17.48971,1880,1880,
91951,919 51,SK0217507601,Špačince,Spacince,,SK0217,Trnava,SK021,Trnavský,48.43776,17.60759,1160,1160,
91952,919 52,SK0217506931,Dolné Dubové,Dolne Dubove,,SK0217,Trnava,SK021,Trnavský,48.49220,17.60759,301,301,
91953,919 53,SK0217506893,Dechtice,Dechtice,,SK0217,Trnava,SK021,Trnavský,48.54734,17.59056,679,679,
91954,919 54,SK0217506915,Dobrá Voda,Dobra Voda,,SK0217,Trnava,SK021,Trnavský,48.59763,17.53768,507,507,
91955,919 55,SK0217507164,Kátlovce,Katlovce,,SK0217,Trnava,SK021,Trnavský,48.52473,17.60965,381,381,
91961,919 61,SK0217506745,Trnava,Trnava,,SK0217,Trnava,SK021,Trnavský,48.37431,17.51071,31,62,
91961,919 61,SK0217506826,Borová,Borova,,SK0217,Trnava,SK021,Trnavský,48.38666,17.44567,180,180,
91961,919 61,SK0217507512,Ružindol,Ruzindol,,SK0217,Trnava,SK021,Trnavský,48.37222,17.49313,617,617,
91965,919 65,SK0217506923,Dolná Krupá,Dolna Krupa,,SK0217,Trnava,SK021,Trnavský,48.48134,17.55199,940,940,
91965,919 65,SK0217507041,Horná Krupá,Horna Krupa,,SK0217,Trnava,SK021,Trnavský,48.51541,17.52518,213,213,
91965,919 65,SK0217507059,Horné Dubové,Horne Dubove,,SK0217,Trnava,SK021,Trnavský,48.51925,17.56399,155,155,
91965,919 65,SK0217507351,Naháč,Nahac,,SK0217,Trnava,SK021,Trnavský,48.53398,17.53543,192,192,
92001,920 01,SK0213507032,Hlohovec,Hlohovec,,SK0213,Hlohovec,SK021,Trnavský,48.43120,17.80416,4188,8376,
92001,920 01,SK0213507202,Koplotovce,Koplotovce,,SK0213,Hlohovec,SK021,Trnavský,48.47714,17.80779,338,338,
92003,920 03,SK0213507032,Hlohovec,Hlohovec,,SK0213,Hlohovec,SK021,Trnavský,48.42801,17.77135,1142,2284,
92041,920 41,SK0213507253,Leopoldov,Leopoldov,,SK0213,Hlohovec,SK021,Trnavský,48.44484,17.76460,1670,3340,
92042,920 42,SK0213506885,Červeník,Cervenik,,SK0213,Hlohovec,SK021,Trnavský,48.45886,17.75636,654,654,
92042,920 42,SK0213507792,Žlkovce,Zlkovce,,SK0213,Hlohovec,SK021,Trnavský,48.45996,17.71737,220,220,
92042,920 42,SK0213518620,Ratkovce,Ratkovce,,SK0213,Hlohovec,SK021,Trnavský,48.46745,17.72120,142,142,
92052,920 52,SK0213507539,Siladice,Siladice,,SK0213,Hlohovec,SK021,Trnavský,48.35917,17.74444,306,306,
92052,920 52,SK0213556521,Dolné Zelenice,Dolne Zelenice,,SK0213,Hlohovec,SK021,Trnavský,48.37675,17.74668,266,266,
92052,920 52,SK0213556530,Horné Zelenice,Horne Zelenice,,SK0213,Hlohovec,SK021,Trnavský,48.38514,17.75946,296,296,
92055,920 55,SK0213506800,Bojničky,Bojnicky,,SK0213,Hlohovec,SK021,Trnavský,48.39070,17.79761,476,476,
92056,920 56,SK0213507024,Dvorníky,Dvorniky,,SK0213,Hlohovec,SK021,Trnavský,48.35475,17.79466,783,783,
92061,920 61,SK0213506958,Dolné Otrokovce,Dolne Otrokovce,,SK0213,Hlohovec,SK021,Trnavský,48.46567,17.91148,192,192,
92061,920 61,SK0213506966,Dolné Trhovište,Dolne Trhoviste,,SK0213,Hlohovec,SK021,Trnavský,48.44181,17.89329,242,242,
92061,920 61,SK0213507326,Merašice,Merasice,,SK0213,Hlohovec,SK021,Trnavský,48.46205,17.94627,185,185,
92062,920 62,SK0213507075,Horné Otrokovce,Horne Otrokovce,,SK0213,Hlohovec,SK021,Trnavský,48.49173,17.87928,340,340,
92062,920 62,SK0213556611,Tekolďany,Tekoldany,,SK0213,Hlohovec,SK021,Trnavský,48.49222,17.90466,79,79,
92063,920 63,SK0213507415,Pastuchov,Pastuchov,,SK0213,Hlohovec,SK021,Trnavský,48.42474,17.87768,393,393,
92064,920 64,SK0213507172,Kľačany,Klacany,,SK0213,Hlohovec,SK021,Trnavský,48.39002,17.87299,432,432,
92065,920 65,SK0213507521,Sasinkovo,Sasinkovo,,SK0213,Hlohovec,SK021,Trnavský,48.37093,17.85052,359,359,
92066,920 66,SK0213556602,Horné Trhovište,Horne Trhoviste,,SK0213,Hlohovec,SK021,Trnavský,48.46778,17.86721,234,234,
92066,920 66,SK0213556645,Tepličky,Teplicky,,SK0213,Hlohovec,SK021,Trnavský,48.46510,17.85344,150,150,
92101,921 01,SK0214507440,Piešťany,Piestany,,SK0214,Piešťany,SK021,Trnavský,48.59294,17.82520,7451,14902,
92101,921 01,SK0214581399,Banka,Banka,,SK0214,Piešťany,SK021,Trnavský,48.58469,17.85402,954,954,
92201,922 01,SK0214507385,Ostrov,Ostrov,,SK0214,Piešťany,SK021,Trnavský,48.62848,17.76988,499,499,
92201,922 01,SK0214556572,Veľké Orvište,Velke Orviste,,SK0214,Piešťany,SK021,Trnavský,48.61861,17.79348,464,464,
92201,922 01,SK0214558354,Bašovce,Basovce,,SK0214,Piešťany,SK021,Trnavský,48.63275,17.79714,164,164,
92202,922 02,SK0214507229,Krakovany,Krakovany,,SK0214,Piešťany,SK021,Trnavský,48.61019,17.75431,647,647,
92203,922 03,SK0214507750,Vrbové,Vrbove,,SK0214,Piešťany,SK021,Trnavský,48.62010,17.72385,1914,3828,
92203,922 03,SK0214556548,Šterusy,Sterusy,,SK0214,Piešťany,SK021,Trnavský,48.60093,17.67916,197,197,
92203,922 03,SK0214558397,Šípkové,Sipkove,,SK0214,Piešťany,SK021,Trnavský,48.65699,17.71798,183,183,
92204,922 04,SK0214506982,Dolný Lopašov,Dolny Lopasov,,SK0214,Piešťany,SK021,Trnavský,48.57513,17.64699,418,418,
92204,922 04,SK0214507199,Kočín-Lančár,Kocin-Lancar,,SK0214,Piešťany,SK021,Trnavský,48.59993,17.65370,243,243,
92205,922 05,SK0214507121,Chtelnica,Chtelnica,,SK0214,Piešťany,SK021,Trnavský,48.57040,17.62198,1010,1010,
92206,922 06,SK0214507369,Nižná,Nizna,,SK0214,Piešťany,SK021,Trnavský,48.53246,17.65319,210,210,
92207,922 07,SK0214507431,Pečeňady,Pecenady,,SK0214,Piešťany,SK021,Trnavský,48.48361,17.71944,188,188,
92207,922 07,SK0214507709,Veľké Kostoľany,Velke Kostolany,,SK0214,Piešťany,SK021,Trnavský,48.50912,17.72094,1050,1050,
92208,922 08,SK0214507008,Dubovany,Dubovany,,SK0214,Piešťany,SK021,Trnavský,48.52604,17.73265,391,391,
92208,922 08,SK0214507482,Rakovice,Rakovice,,SK0214,Piešťany,SK021,Trnavský,48.56016,17.73637,249,249,
92208,922 08,SK0214507725,Veselé,Vesele,,SK0214,Piešťany,SK021,Trnavský,48.54495,17.73542,499,499,
92209,922 09,SK0214506834,Borovce,Borovce,,SK0214,Piešťany,SK021,Trnavský,48.57271,17.74376,479,479,
92210,922 10,SK0214507679,Trebatice,Trebatice,,SK0214,Piešťany,SK021,Trnavský,48.59636,17.75181,517,517,
92211,922 11,SK0214507466,Prašník,Prasnik,,SK0214,Piešťany,SK021,Trnavský,48.64786,17.67297,518,518,
92221,922 21,SK0214507342,Moravany nad Váhom,Moravany nad Vahom,,SK0214,Piešťany,SK021,Trnavský,48.60104,17.86157,1039,1039,
92221,922 21,SK0214556581,Hubina,Hubina,,SK0214,Piešťany,SK021,Trnavský,48.61675,17.88855,381,381,
92221,922 21,SK0214558338,Ducové,Ducove,,SK0214,Piešťany,SK021,Trnavský,48.62710,17.86664,198,198,
92231,922 31,SK0213507130,Jalšové,Jalsove,,SK0213,Hlohovec,SK021,Trnavský,48.50773,17.82999,198,198,
92231,922 31,SK0214507491,Ratnovce,Ratnovce,,SK0214,Piešťany,SK021,Trnavský,48.55966,17.84221,495,495,
92231,922 31,SK0214507563,Sokolovce,Sokolovce,,SK0214,Piešťany,SK021,Trnavský,48.53622,17.84275,594,594,
92241,922 41,SK0214506991,Drahovce,Drahovce,,SK0214,Piešťany,SK021,Trnavský,48.51710,17.80173,1199,1199,
92242,922 42,SK0213507288,Madunice,Madunice,,SK0213,Hlohovec,SK021,Trnavský,48.47731,17.78042,801,801,
92401,924 01,SK0212503665,Galanta,Galanta,,SK0212,Galanta,SK021,Trnavský,48.19613,17.73112,3956,7912,
92401,924 01,SK0212503762,Gáň,Gan,,SK0212,Galanta,SK021,Trnavský,48.23074,17.71926,367,367,
92401,924 01,SK0212503843,Kajal,Kajal,,SK0212,Galanta,SK021,Trnavský,48.20875,17.79817,5,5,"438, 504, 544, 574, 609"
92501,925 01,SK0212503665,Galanta,Galanta,,SK0212,Galanta,SK021,Trnavský,48.17021,17.71212,144,288,
92501,925 01,SK0212555754,Matúškovo,Matuskovo,,SK0212,Galanta,SK021,Trnavský,48.16814,17.73228,969,969,
92502,925 02,SK0212503746,Dolné Saliby,Dolne Saliby,,SK0212,Galanta,SK021,Trnavský,48.10646,17.78200,891,891,
92502,925 02,SK0212503771,Horné Saliby,Horne Saliby,,SK0212,Galanta,SK021,Trnavský,48.09841,17.77170,55,55,"1001-1004, 1101-1150, 1249, 1263"
92503,925 03,SK0212503771,Horné Saliby,Horne Saliby,,SK0212,Galanta,SK021,Trnavský,48.12369,17.75103,1269,1269,"1-1000, 1005-1100, 1151-1248, 1250-1262, 1264-1399"
92504,925 04,SK0212504076,Tomášikovo,Tomasikovo,,SK0212,Galanta,SK021,Trnavský,48.08288,17.69169,558,558,
92505,925 05,SK0212504173,Vozokany,Vozokany,,SK0212,Galanta,SK021,Trnavský,48.10502,17.68700,399,399,
92506,925 06,SK0212503690,Čierna Voda,Cierna Voda,,SK0212,Galanta,SK021,Trnavský,48.12663,17.65059,545,545,
92507,925 07,SK0212503924,Mostová,Mostova,,SK0212,Galanta,SK021,Trnavský,48.14009,17.67642,669,669,
92508,925 08,SK0212503703,Čierny Brod,Cierny Brod,,SK0212,Galanta,SK021,Trnavský,48.15133,17.65865,585,585,
92508,925 08,SK0212503860,Košúty,Kosuty,,SK0212,Galanta,SK021,Trnavský,48.15707,17.64566,3,3,"596, 607, 615"
92509,925 09,SK0212503860,Košúty,Kosuty,,SK0212,Galanta,SK021,Trnavský,48.17291,17.65655,816,816,"1-595, 597-606, 608-614, 616-988"
92509,925 09,SK0213507032,Hlohovec,Hlohovec,,SK0213,Hlohovec,SK021,Trnavský,48.43041,17.80733,2,4,
92509,925 09,SK0217506745,Trnava,Trnava,,SK0217,Trnava,SK021,Trnavský,48.36112,17.56898,1,2,
92521,925 21,SK0212504017,Sládkovičovo,Sladkovicovo,,SK0212,Galanta,SK021,Trnavský,48.20177,17.63615,1824,3648,
92521,925 21,SK0212582638,Malá Mača,Mala Maca,,SK0212,Galanta,SK021,Trnavský,48.22306,17.64064,253,253,
92522,925 22,SK0212503827,Jánovce,Janovce,,SK0212,Galanta,SK021,Trnavský,48.17775,17.53102,251,251,
92522,925 22,SK0212504131,Veľké Úľany,Velke Ulany,,SK0212,Galanta,SK021,Trnavský,48.16316,17.57039,2162,2162,
92523,925 23,SK0212503835,Jelka,Jelka,,SK0212,Galanta,SK021,Trnavský,48.14499,17.50727,1595,1595,
92526,925 26,SK0108503681,Boldog,Boldog,,SK0108,Senec,SK010,Bratislavský,48.23772,17.43141,292,292,
92526,925 26,SK0108503983,Reca,Reca,,SK0108,Senec,SK010,Bratislavský,48.23127,17.45391,742,742,"1-378, 385-793"
92527,925 27,SK0212504149,Veľký Grob,Velky Grob,,SK0212,Galanta,SK021,Trnavský,48.25039,17.49419,623,623,
92528,925 28,SK0212503975,Pusté Úľany,Puste Ulany,,SK0212,Galanta,SK021,Trnavský,48.23105,17.57395,744,744,
92532,925 32,SK0212504122,Veľká Mača,Velka Maca,,SK0212,Galanta,SK021,Trnavský,48.24237,17.68863,1032,1032,
92541,925 41,SK0212503754,Dolný Chotár,Dolny Chotar,,SK0212,Galanta,SK021,Trnavský,48.00073,17.86342,160,160,
92541,925 41,SK0212503878,Kráľov Brod,Kralov Brod,,SK0212,Galanta,SK021,Trnavský,48.05862,17.82648,418,418,
92542,925 42,SK0212504106,Trstice,Trstice,,SK0212,Galanta,SK021,Trnavský,48.01636,17.80468,1446,1446,
92545,925 45,SK0212503673,Abrahám,Abraham,,SK0212,Galanta,SK021,Trnavský,48.24895,17.61648,488,488,
92545,925 45,SK0212503789,Hoste,Hoste,,SK0212,Galanta,SK021,Trnavský,48.26108,17.63867,192,192,
92551,925 51,SK0212504041,Šintava,Sintava,,SK0212,Galanta,SK021,Trnavský,48.28274,17.75732,737,737,
92552,925 52,SK0212504050,Šoporňa,Soporna,,SK0212,Galanta,SK021,Trnavský,48.25350,17.81756,1648,1648,
92553,925 53,SK0212503959,Pata,Pata,,SK0212,Galanta,SK021,Trnavský,48.27724,17.82360,1213,1213,
92554,925 54,SK0212503967,Pusté Sady,Puste Sady,,SK0212,Galanta,SK021,Trnavský,48.31179,17.82862,233,233,
92554,925 54,SK0212504033,Šalgočka,Salgocka,,SK0212,Galanta,SK021,Trnavský,48.33533,17.81542,184,184,
92554,925 54,SK0212504181,Zemianske Sady,Zemianske Sady,,SK0212,Galanta,SK021,Trnavský,48.32903,17.82112,363,363,
92555,925 55,SK0212504157,Vinohrady nad Váhom,Vinohrady nad Vahom,,SK0212,Galanta,SK021,Trnavský,48.31828,17.76016,738,738,
92562,925 62,SK0212504114,Váhovce,Vahovce,,SK0212,Galanta,SK021,Trnavský,48.25010,17.78284,813,813,
92563,925 63,SK0212555789,Dolná Streda,Dolna Streda,,SK0212,Galanta,SK021,Trnavský,48.26762,17.75086,759,759,
92571,925 71,SK0235504092,Trnovec nad Váhom,Trnovec nad Vahom,,SK0235,Šaľa,SK023,Nitriansky,48.14818,17.92968,1059,1059,
92572,925 72,SK0235503991,Selice,Selice,,SK0235,Šaľa,SK023,Nitriansky,48.09448,17.96429,936,936,
92581,925 81,SK0235503711,Diakovce,Diakovce,,SK0235,Šaľa,SK023,Nitriansky,48.13480,17.84173,1104,1104,
92582,925 82,SK0235504068,Tešedíkovo,Tesedikovo,,SK0235,Šaľa,SK023,Nitriansky,48.10452,17.84833,1509,1509,
92583,925 83,SK0235504025,Šaľa,Sala,,SK0235,Šaľa,SK023,Nitriansky,48.08461,17.88616,20,40,
92583,925 83,SK0235504190,Žihárec,Ziharec,,SK0235,Šaľa,SK023,Nitriansky,48.07206,17.88458,701,701,
92584,925 84,SK0235504165,Vlčany,Vlcany,,SK0235,Šaľa,SK023,Nitriansky,48.03345,17.94808,1437,1437,
92585,925 85,SK0235503932,Neded,Neded,,SK0235,Šaľa,SK023,Nitriansky,48.01994,17.96556,1204,1204,
92591,925 91,SK0235503886,Kráľová nad Váhom,Kralova nad Vahom,,SK0235,Šaľa,SK023,Nitriansky,48.16771,17.84488,907,907,
92592,925 92,SK0212503843,Kajal,Kajal,,SK0212,Galanta,SK021,Trnavský,48.18522,17.78630,609,609,"1-434, 439-503, 505-543, 545-573, 575-608, 610-682"
92592,925 92,SK0212504084,Topoľnica,Topolnica,,SK0212,Galanta,SK021,Trnavský,48.16989,17.79222,464,464,
92601,926 01,SK0212504009,Sereď,Sered,,SK0212,Galanta,SK021,Trnavský,48.29019,17.73410,4584,9168,
92701,927 01,SK0235504025,Šaľa,Sala,,SK0235,Šaľa,SK023,Nitriansky,48.15119,17.87437,3819,7638,
92705,927 05,SK0235503720,Dlhá nad Váhom,Dlha nad Vahom,,SK0235,Šaľa,SK023,Nitriansky,48.17160,17.86058,446,446,
92705,927 05,SK0235504025,Šaľa,Sala,,SK0235,Šaľa,SK023,Nitriansky,48.16562,17.89089,1112,2224,
92901,929 01,SK0211501433,Dunajská Streda,Dunajska Streda,,SK0211,Dunajská Streda,SK021,Trnavský,47.99746,17.61420,8413,16826,
92901,929 01,SK0211501506,Boheľov,Bohelov,,SK0211,Dunajská Streda,SK021,Trnavský,47.91866,17.69316,307,307,
92901,929 01,SK0211501719,Kútniky,Kutniky,,SK0211,Dunajská Streda,SK021,Trnavský,47.97944,17.65724,1007,1007,
92901,929 01,SK0211501816,Ohrady,Ohrady,,SK0211,Dunajská Streda,SK021,Trnavský,47.98611,17.70018,1,1,
92901,929 01,SK0211501867,Padáň,Padan,,SK0211,Dunajská Streda,SK021,Trnavský,47.92715,17.68149,665,665,
92901,929 01,SK0211501883,Pataš,Patas,,SK0211,Dunajská Streda,SK021,Trnavský,47.87539,17.65327,569,569,
92901,929 01,SK0211555665,Malé Dvorníky,Male Dvorniky,,SK0211,Dunajská Streda,SK021,Trnavský,48.01129,17.64163,814,814,
92901,929 01,SK0211555673,Veľké Dvorníky,Velke Dvorniky,,SK0211,Dunajská Streda,SK021,Trnavský,47.99900,17.65350,831,831,
92901,929 01,SK0211555720,Povoda,Povoda,,SK0211,Dunajská Streda,SK021,Trnavský,47.97338,17.63645,679,679,
93001,930 01,SK0211501981,Veľké Blahovo,Velke Blahovo,,SK0211,Dunajská Streda,SK021,Trnavský,48.01056,17.57696,917,917,
93002,930 02,SK0211501859,Orechová Potôň,Orechova Poton,,SK0211,Dunajská Streda,SK021,Trnavský,48.01781,17.53565,875,875,
93002,930 02,SK0211555746,Vieska,Vieska,,SK0211,Dunajská Streda,SK021,Trnavský,48.00372,17.52846,323,323,
93003,930 03,SK0211501697,Kostolné Kračany,Kostolne Kracany,,SK0211,Dunajská Streda,SK021,Trnavský,47.97140,17.57244,1028,1028,
93003,930 03,SK0211501701,Kráľovičove Kračany,Kralovicove Kracany,,SK0211,Dunajská Streda,SK021,Trnavský,47.98686,17.55130,920,920,
93003,930 03,SK0211501743,Lúč na Ostrove,Luc na Ostrove,,SK0211,Dunajská Streda,SK021,Trnavský,47.97496,17.51575,731,731,
93004,930 04,SK0211501450,Baka,Baka,,SK0211,Dunajská Streda,SK021,Trnavský,47.90594,17.52556,784,784,
93004,930 04,SK0211501671,Jurová,Jurova,,SK0211,Dunajská Streda,SK021,Trnavský,47.93385,17.52293,369,369,
93004,930 04,SK0211501964,Trstená na Ostrove,Trstena na Ostrove,,SK0211,Dunajská Streda,SK021,Trnavský,47.91893,17.49935,450,450,
93005,930 05,SK0211501573,Gabčíkovo,Gabcikovo,,SK0211,Dunajská Streda,SK021,Trnavský,47.89244,17.57865,2572,5144,
93006,930 06,SK0211501875,Sap,Sap,,SK0211,Dunajská Streda,SK021,Trnavský,47.82159,17.61767,439,439,
93006,930 06,SK0211501930,Ňárad,Narad,,SK0211,Dunajská Streda,SK021,Trnavský,47.83706,17.61327,593,593,
93007,930 07,SK0211501689,Kľúčovec,Klucovec,,SK0211,Dunajská Streda,SK021,Trnavský,47.79456,17.72145,358,358,
93007,930 07,SK0211501760,Medveďov,Medvedov,,SK0211,Dunajská Streda,SK021,Trnavský,47.80061,17.66219,413,413,
93008,930 08,SK0211501468,Baloň,Balon,,SK0211,Dunajská Streda,SK021,Trnavský,47.82914,17.67359,439,439,
93008,930 08,SK0211501531,Čiližská Radvaň,Cilizska Radvan,,SK0211,Dunajská Streda,SK021,Trnavský,47.83214,17.69533,747,747,
93010,930 10,SK0211501611,Dolný Štál,Dolny Stal,,SK0211,Dunajská Streda,SK021,Trnavský,47.93580,17.71387,1421,1421,
93010,930 10,SK0211501824,Okoč,Okoc,,SK0211,Dunajská Streda,SK021,Trnavský,47.90926,17.75730,11,11,
93011,930 11,SK0211501921,Topoľníky,Topolniky,,SK0211,Dunajská Streda,SK021,Trnavský,47.96714,17.78566,2274,2274,
93012,930 12,SK0211501816,Ohrady,Ohrady,,SK0211,Dunajská Streda,SK021,Trnavský,47.99182,17.69964,1043,1043,
93013,930 13,SK0211555568,Horné Mýto,Horne Myto,,SK0211,Dunajská Streda,SK021,Trnavský,48.01086,17.75136,510,510,
93013,930 13,SK0211555576,Trhová Hradská,Trhova Hradska,,SK0211,Dunajská Streda,SK021,Trnavský,47.98944,17.74966,1346,1346,
93014,930 14,SK0211501557,Dolný Bar,Dolny Bar,,SK0211,Dunajská Streda,SK021,Trnavský,47.96496,17.68176,563,563,
93014,930 14,SK0211555649,Mad,Mad,,SK0211,Dunajská Streda,SK021,Trnavský,47.95332,17.65957,407,407,
93016,930 16,SK0211502014,Vydrany,Vydrany,,SK0211,Dunajská Streda,SK021,Trnavský,48.01834,17.58762,1079,1079,
93021,930 21,SK0211501433,Dunajská Streda,Dunajska Streda,,SK0211,Dunajská Streda,SK021,Trnavský,48.06766,17.66602,22,44,
93021,930 21,SK0211501654,Jahodná,Jahodna,,SK0211,Dunajská Streda,SK021,Trnavský,48.04912,17.70639,1084,1084,
93021,930 21,SK0211501816,Ohrady,Ohrady,,SK0211,Dunajská Streda,SK021,Trnavský,48.02448,17.71043,16,16,
93021,930 21,SK0211555541,Dunajský Klátov,Dunajsky Klatov,,SK0211,Dunajská Streda,SK021,Trnavský,48.03150,17.68953,539,539,
93025,930 25,SK0211502006,Vrakúň,Vrakun,,SK0211,Dunajská Streda,SK021,Trnavský,47.94058,17.60248,1870,1870,
93028,930 28,SK0211501824,Okoč,Okoc,,SK0211,Dunajská Streda,SK021,Trnavský,47.89267,17.80772,2174,2174,
93030,930 30,SK0211501441,Báč,Bac,,SK0211,Dunajská Streda,SK021,Trnavský,48.00398,17.37681,384,384,
93030,930 30,SK0211501891,Rohovce,Rohovce,,SK0211,Dunajská Streda,SK021,Trnavský,47.99691,17.40927,574,574,1-620
93030,930 30,SK0211580597,Kyselica,Kyselica,,SK0211,Dunajská Streda,SK021,Trnavský,47.98745,17.38803,256,256,other
93031,930 31,SK0211501549,Dobrohošť,Dobrohost,,SK0211,Dunajská Streda,SK021,Trnavský,47.98319,17.36360,670,670,
93031,930 31,SK0211501891,Rohovce,Rohovce,,SK0211,Dunajská Streda,SK021,Trnavský,47.95026,17.42427,186,186,1201-1440
93031,930 31,SK0211501999,Vojka nad Dunajom,Vojka nad Dunajom,,SK0211,Dunajská Streda,SK021,Trnavský,47.97077,17.38820,624,624,
93031,930 31,SK0211503461,Bodíky,Bodiky,,SK0211,Dunajská Streda,SK021,Trnavský,47.92658,17.45221,626,626,
93031,930 31,SK0211580597,Kyselica,Kyselica,,SK0211,Dunajská Streda,SK021,Trnavský,47.97894,17.38015,21,21,"22, 74, 78, 92, 102, 128, 137, 150, 179-181, 202-209, 220, 1078"
93032,930 32,SK0211501492,Blatná na Ostrove,Blatna na Ostrove,,SK0211,Dunajská Streda,SK021,Trnavský,48.00418,17.44085,597,597,
93032,930 32,SK0211501956,Trnávka,Trnavka,,SK0211,Dunajská Streda,SK021,Trnavský,48.01161,17.40397,392,392,
93032,930 32,SK0211555606,Macov,Macov,,SK0211,Dunajská Streda,SK021,Trnavský,48.02197,17.43116,386,386,
93033,930 33,SK0211501603,Horný Bar,Horny Bar,,SK0211,Dunajská Streda,SK021,Trnavský,47.94738,17.45492,982,982,
93034,930 34,SK0211501581,Holice,Holice,,SK0211,Dunajská Streda,SK021,Trnavský,47.99048,17.47795,1560,1560,
93035,930 35,SK0211501786,Michal na Ostrove,Michal na Ostrove,,SK0211,Dunajská Streda,SK021,Trnavský,48.02525,17.51484,518,518,
93036,930 36,SK0211501590,Horná Potôň,Horna Poton,,SK0211,Dunajská Streda,SK021,Trnavský,48.03857,17.49617,1599,1599,
93036,930 36,SK0211501735,Lehnice,Lehnice,,SK0211,Dunajská Streda,SK021,Trnavský,48.04064,17.47860,112,112,"Masníkovo (1-36, 38-49, 51-54, 56, 57, 60-72, 224, 1332-1334, 1336-1364, 1366-1380)"
93037,930 37,SK0211501735,Lehnice,Lehnice,,SK0211,Dunajská Streda,SK021,Trnavský,48.05496,17.45339,1686,1686,"Lehnice, Malý Lég, Masníkovo (37, 50, 55, 59, 73-86, 1331, 1335, 1365, 1381-1595), Sása, Veľký Lég"
93038,930 38,SK0211501808,Nový Život,Novy Zivot,,SK0211,Dunajská Streda,SK021,Trnavský,48.11423,17.46286,1361,1361,
93039,930 39,SK0211501620,Hubice,Hubice,,SK0211,Dunajská Streda,SK021,Trnavský,48.09638,17.39901,416,416,
93039,930 39,SK0211501662,Janíky,Janiky,,SK0211,Dunajská Streda,SK021,Trnavský,48.13887,17.39885,608,608,
93039,930 39,SK0211501832,Oľdza,Oldza,,SK0211,Dunajská Streda,SK021,Trnavský,48.08655,17.42336,397,397,
93039,930 39,SK0211502022,Zlaté Klasy,Zlate Klasy,,SK0211,Dunajská Streda,SK021,Trnavský,48.12017,17.41964,1077,1077,
93039,930 39,SK0211580554,Čenkovce,Cenkovce,,SK0211,Dunajská Streda,SK021,Trnavský,48.10360,17.43837,559,559,
93040,930 40,SK0211501514,Čakany,Cakany,,SK0211,Dunajská Streda,SK021,Trnavský,48.11655,17.36285,426,426,
93040,930 40,SK0211501913,Štvrtok na Ostrove,Stvrtok na Ostrove,,SK0211,Dunajská Streda,SK021,Trnavský,48.09776,17.35298,998,998,
93041,930 41,SK0211501638,Hviezdoslavov,Hviezdoslavov,,SK0211,Dunajská Streda,SK021,Trnavský,48.06341,17.35716,2191,2191,
93041,930 41,SK0211501727,Kvetoslavov,Kvetoslavov,,SK0211,Dunajská Streda,SK021,Trnavský,48.05389,17.34829,1241,1241,
93041,930 41,SK0211501778,Mierovo,Mierovo,,SK0211,Dunajská Streda,SK021,Trnavský,48.07029,17.38511,284,284,
93051,930 51,SK0211501972,Veľká Paka,Velka Paka,,SK0211,Dunajská Streda,SK021,Trnavský,48.04157,17.40023,659,659,
93052,930 52,SK0211501484,Blahová,Blahova,,SK0211,Dunajská Streda,SK021,Trnavský,48.08572,17.54056,415,415,
93052,930 52,SK0211501859,Orechová Potôň,Orechova Poton,,SK0211,Dunajská Streda,SK021,Trnavský,48.08165,17.61871,11,11,
93052,930 52,SK0211555517,Bellova Ves,Bellova Ves,,SK0211,Dunajská Streda,SK021,Trnavský,48.08852,17.50899,315,315,
93052,930 52,SK0211582522,Potônske Lúky,Potonske Luky,,SK0211,Dunajská Streda,SK021,Trnavský,48.09189,17.59143,247,247,
93101,931 01,SK0211501905,Šamorín,Samorin,,SK0211,Dunajská Streda,SK021,Trnavský,48.02652,17.31376,4744,9488,
93201,932 01,SK0211501522,Veľký Meder,Velky Meder,,SK0211,Dunajská Streda,SK021,Trnavský,47.85661,17.76867,5133,10266,
93401,934 01,SK0232502031,Levice,Levice,,SK0232,Levice,SK023,Nitriansky,48.21367,18.61192,7200,14400,
93401,934 01,SK0232502430,Krškany,Krskany,,SK0232,Levice,SK023,Nitriansky,48.21579,18.67317,446,446,
93401,934 01,SK0232502588,Nová Dedina,Nova Dedina,,SK0232,Levice,SK023,Nitriansky,48.25426,18.66764,22,22,Kamenec (1-22)
93401,934 01,SK0235504025,Šaľa,Sala,,SK0235,Šaľa,SK023,Nitriansky,48.16545,17.88202,1,2,
93405,934 05,SK0232502031,Levice,Levice,,SK0232,Levice,SK023,Nitriansky,48.20848,18.60958,1282,2564,
93502,935 02,SK0232502103,Brhlovce,Brhlovce,,SK0232,Levice,SK023,Nitriansky,48.21501,18.73880,269,269,
93502,935 02,SK0232502995,Žemberovce,Zemberovce,,SK0232,Levice,SK023,Nitriansky,48.26012,18.73907,766,766,
93503,935 03,SK0232502057,Bátovce,Batovce,,SK0232,Levice,SK023,Nitriansky,48.28798,18.75322,863,863,
93503,935 03,SK0232502219,Drženice,Drzenice,,SK0232,Levice,SK023,Nitriansky,48.27651,18.69562,232,232,
93503,935 03,SK0232502634,Pečenice,Pecenice,,SK0232,Levice,SK023,Nitriansky,48.29795,18.77237,183,183,
93504,935 04,SK0232502162,Devičany,Devicany,,SK0232,Levice,SK023,Nitriansky,48.32388,18.70584,338,338,
93505,935 05,SK0232502693,Pukanec,Pukanec,,SK0232,Levice,SK023,Nitriansky,48.35356,18.72097,1221,1221,
93505,935 05,SK0232502898,Uhliská,Uhliska,,SK0232,Levice,SK023,Nitriansky,48.40247,18.75246,197,197,
93505,935 05,SK0232580937,Bohunice,Bohunice,,SK0232,Levice,SK023,Nitriansky,48.33333,18.75237,169,169,
93506,935 06,SK0232502383,Jabloňovce,Jablonovce,,SK0232,Levice,SK023,Nitriansky,48.31887,18.77982,342,342,
93521,935 21,SK0232502863,Tlmače,Tlmace,,SK0232,Levice,SK023,Nitriansky,48.29267,18.52213,902,1804,
93521,935 21,SK0232581135,Malé Kozmálovce,Male Kozmalovce,,SK0232,Levice,SK023,Nitriansky,48.27402,18.51074,282,282,
93521,935 21,SK0232581160,Veľké Kozmálovce,Velke Kozmalovce,,SK0232,Levice,SK023,Nitriansky,48.27147,18.53944,399,399,
93522,935 22,SK0232502421,Kozárovce,Kozarovce,,SK0232,Levice,SK023,Nitriansky,48.31796,18.52505,1032,1032,
93523,935 23,SK0232502707,Rybník,Rybnik,,SK0232,Levice,SK023,Nitriansky,48.29271,18.56126,984,984,
93524,935 24,SK0232502111,Čajkov,Cajkov,,SK0232,Levice,SK023,Nitriansky,48.29341,18.60109,697,697,
93525,935 25,SK0232502588,Nová Dedina,Nova Dedina,,SK0232,Levice,SK023,Nitriansky,48.28211,18.64355,727,727,"Gondovo, Kamenec (25-773), Opatová, Svätý Kríž, Tekovská Nová Ves"
93526,935 26,SK0232502766,Starý Tekov,Stary Tekov,,SK0232,Levice,SK023,Nitriansky,48.24483,18.53517,783,783,
93527,935 27,SK0232502341,Hronské Kosihy,Hronske Kosihy,,SK0232,Levice,SK023,Nitriansky,48.26680,18.59195,344,344,
93527,935 27,SK0232502669,Podlužany,Podluzany,,SK0232,Levice,SK023,Nitriansky,48.25325,18.60550,421,421,
93529,935 29,SK0232502332,Hronské Kľačany,Hronske Klacany,,SK0232,Levice,SK023,Nitriansky,48.24148,18.57016,709,709,
93531,935 31,SK0232502171,Dolná Seč,Dolna Sec,,SK0232,Levice,SK023,Nitriansky,48.17629,18.56142,306,306,
93531,935 31,SK0232502260,Horná Seč,Horna Sec,,SK0232,Levice,SK023,Nitriansky,48.19480,18.54354,323,323,
93531,935 31,SK0232502952,Vyšné nad Hronom,Vysne nad Hronom,,SK0232,Levice,SK023,Nitriansky,48.16338,18.58345,103,103,
93532,935 32,SK0232502413,Kalná nad Hronom,Kalna nad Hronom,,SK0232,Levice,SK023,Nitriansky,48.20217,18.51991,921,921,
93533,935 33,SK0232502596,Nový Tekov,Novy Tekov,,SK0232,Levice,SK023,Nitriansky,48.24457,18.51880,485,485,
93534,935 34,SK0232502936,Veľký Ďur,Velky Dur,,SK0232,Levice,SK023,Nitriansky,48.20852,18.45088,708,708,
93535,935 35,SK0232502359,Iňa,Ina,,SK0232,Levice,SK023,Nitriansky,48.17201,18.41863,120,120,
93535,935 35,SK0232502502,Lula,Lula,,SK0232,Levice,SK023,Nitriansky,48.17774,18.35990,98,98,
93535,935 35,SK0232502812,Tehla,Tehla,,SK0232,Levice,SK023,Nitriansky,48.18382,18.38560,240,240,
93536,935 36,SK0232502065,Beša,Besa,,SK0232,Levice,SK023,Nitriansky,48.14219,18.40135,335,335,
93536,935 36,SK0232556777,Jesenské,Jesenske,,SK0232,Levice,SK023,Nitriansky,48.16504,18.41182,34,34,
93537,935 37,SK0232502197,Dolný Pial,Dolny Pial,,SK0232,Levice,SK023,Nitriansky,48.13191,18.46167,486,486,
93537,935 37,SK0232502294,Horný Pial,Horny Pial,,SK0232,Levice,SK023,Nitriansky,48.15549,18.44981,168,168,
93538,935 38,SK0232502481,Lok,Lok,,SK0232,Levice,SK023,Nitriansky,48.18362,18.46116,458,458,
93541,935 41,SK0232502511,Málaš,Malas,,SK0232,Levice,SK023,Nitriansky,48.06100,18.50054,13,13,"267-281, 283"
93541,935 41,SK0232502651,Plavé Vozokany,Plave Vozokany,,SK0232,Levice,SK023,Nitriansky,48.08468,18.48910,52,52,"Medvecké (1-28, 30, 34-55, 61, 63, 66, 100)"
93541,935 41,SK0232502821,Tekovské Lužany,Tekovske Luzany,,SK0232,Levice,SK023,Nitriansky,48.10007,18.53887,1249,1249,
93551,935 51,SK0232502031,Levice,Levice,,SK0232,Levice,SK023,Nitriansky,48.22043,18.61553,2,4,
93551,935 51,SK0232502049,Bajka,Bajka,,SK0232,Levice,SK023,Nitriansky,48.15153,18.51862,92,92,
93551,935 51,SK0232502618,Ondrejovce,Ondrejovce,,SK0232,Levice,SK023,Nitriansky,48.13601,18.51512,261,261,
93551,935 51,SK0232502847,Tekovský Hrádok,Tekovsky Hradok,,SK0232,Levice,SK023,Nitriansky,48.16807,18.55081,223,223,
93551,935 51,SK0232502880,Turá,Tura,,SK0232,Levice,SK023,Nitriansky,48.15513,18.58099,95,95,
93552,935 52,SK0232502804,Šarovce,Sarovce,,SK0232,Levice,SK023,Nitriansky,48.10551,18.63402,510,510,
93555,935 55,SK0232502251,Hontianska Vrbica,Hontianska Vrbica,,SK0232,Levice,SK023,Nitriansky,48.13522,18.70511,321,321,
93555,935 55,SK0232502979,Zbrojníky,Zbrojniky,,SK0232,Levice,SK023,Nitriansky,48.11454,18.70379,350,350,
93556,935 56,SK0232502570,Mýtne Ludany,Mytne Ludany,,SK0232,Levice,SK023,Nitriansky,48.16703,18.65930,594,594,
93556,935 56,SK0232502758,Starý Hrádok,Stary Hradok,,SK0232,Levice,SK023,Nitriansky,48.15159,18.63856,112,112,
93557,935 57,SK0232502391,Jur nad Hronom,Jur nad Hronom,,SK0232,Levice,SK023,Nitriansky,48.12574,18.62949,471,471,
93557,935 57,SK0232503002,Žemliare,Zemliare,,SK0232,Levice,SK023,Nitriansky,48.14811,18.60432,100,100,
93561,935 61,SK0232502324,Hronovce,Hronovce,,SK0232,Levice,SK023,Nitriansky,48.00487,18.65730,670,670,
93562,935 62,SK0232502677,Pohronský Ruskov,Pohronsky Ruskov,,SK0232,Levice,SK023,Nitriansky,47.97482,18.65361,562,562,
93563,935 63,SK0232555843,Čata,Cata,,SK0232,Levice,SK023,Nitriansky,47.95361,18.65097,550,550,
93564,935 64,SK0232502464,Kuraľany,Kuralany,,SK0232,Levice,SK023,Nitriansky,47.98093,18.53973,366,366,
93564,935 64,SK0232502472,Keť,Ket,,SK0232,Levice,SK023,Nitriansky,47.96555,18.56769,420,420,
93565,935 65,SK0232502910,Veľké Ludince,Velke Ludince,,SK0232,Levice,SK023,Nitriansky,47.96264,18.50865,886,886,
93566,935 66,SK0232502227,Farná,Farna,,SK0232,Levice,SK023,Nitriansky,48.00149,18.50950,1097,1097,
93567,935 67,SK0232502511,Málaš,Malas,,SK0232,Levice,SK023,Nitriansky,48.05196,18.52798,262,262,"1-266, 282, 284-322"
93567,935 67,SK0232502600,Nýrovce,Nyrovce,,SK0232,Levice,SK023,Nitriansky,48.02385,18.57856,343,343,
93568,935 68,SK0232502120,Čaka,Caka,,SK0232,Levice,SK023,Nitriansky,48.04011,18.47322,447,447,
93569,935 69,SK0232502651,Plavé Vozokany,Plave Vozokany,,SK0232,Levice,SK023,Nitriansky,48.07102,18.46532,322,322,"Medvecké (29, 31, 32, 56-58, 62, 65, 67-74, 101-105), Plavé Vozokany"
93571,935 71,SK0232502791,Šalov,Salov,,SK0232,Levice,SK023,Nitriansky,48.00337,18.70889,202,202,
93574,935 74,SK0232502073,Bielovce,Bielovce,,SK0232,Levice,SK023,Nitriansky,47.99495,18.77359,145,145,
93574,935 74,SK0232502626,Pastovce,Pastovce,,SK0232,Levice,SK023,Nitriansky,47.96958,18.75401,265,265,
93575,935 75,SK0232502375,Ipeľský Sokolec,Ipelsky Sokolec,,SK0232,Levice,SK023,Nitriansky,48.01960,18.80507,439,439,
93575,935 75,SK0232502448,Kubáňovo,Kubanovo,,SK0232,Levice,SK023,Nitriansky,48.05866,18.81020,178,178,
93575,935 75,SK0232502499,Lontov,Lontov,,SK0232,Levice,SK023,Nitriansky,48.04173,18.77643,296,296,
93577,935 77,SK0232502944,Vyškovce nad Ipľom,Vyskovce nad Iplom,,SK0232,Levice,SK023,Nitriansky,48.05683,18.86744,345,345,
93581,935 81,SK0232502286,Horné Turovce,Horne Turovce,,SK0232,Levice,SK023,Nitriansky,48.12632,18.94747,325,325,
93581,935 81,SK0232502928,Veľké Turovce,Velke Turovce,,SK0232,Levice,SK023,Nitriansky,48.10389,18.94438,372,372,
93582,935 82,SK0232502367,Ipeľské Úľany,Ipelske Ulany,,SK0232,Levice,SK023,Nitriansky,48.12622,19.04711,189,189,
93582,935 82,SK0232502642,Plášťovce,Plastovce,,SK0232,Levice,SK023,Nitriansky,48.16000,18.97910,1092,1092,
93584,935 84,SK0232502243,Hokovce,Hokovce,,SK0232,Levice,SK023,Nitriansky,48.15474,18.87069,308,308,
93584,935 84,SK0232502278,Horné Semerovce,Horne Semerovce,,SK0232,Levice,SK023,Nitriansky,48.12435,18.87935,329,329,
93584,935 84,SK0232502740,Slatina,Slatina,,SK0232,Levice,SK023,Nitriansky,48.14567,18.89871,187,187,
93584,935 84,SK0232502871,Tupá,Tupa,,SK0232,Levice,SK023,Nitriansky,48.11405,18.89233,331,331,
93585,935 85,SK0232502154,Demandice,Demandice,,SK0232,Levice,SK023,Nitriansky,48.12499,18.78256,461,461,
93585,935 85,SK0232502189,Dolné Semerovce,Dolne Semerovce,,SK0232,Levice,SK023,Nitriansky,48.11364,18.84956,198,198,
93585,935 85,SK0232502723,Sazdice,Sazdice,,SK0232,Levice,SK023,Nitriansky,48.08887,18.79699,254,254,
93586,935 86,SK0232545350,Hontianske Trsťany,Hontianske Trstany,,SK0232,Levice,SK023,Nitriansky,48.20743,18.80421,198,198,
93587,935 87,SK0232502090,Bory,Bory,,SK0232,Levice,SK023,Nitriansky,48.17997,18.74915,145,145,
93587,935 87,SK0232502201,Domadice,Domadice,,SK0232,Levice,SK023,Nitriansky,48.17675,18.77972,173,173,
93587,935 87,SK0232502715,Santovka,Santovka,,SK0232,Levice,SK023,Nitriansky,48.15431,18.76679,503,503,
93601,936 01,SK0232502782,Šahy,Sahy,,SK0232,Levice,SK023,Nitriansky,48.07096,18.95309,2942,5884,
93601,936 01,SK0232581895,Hrkovce,Hrkovce,,SK0232,Levice,SK023,Nitriansky,48.08918,18.90325,305,305,
93701,937 01,SK0232502456,Kukučínov,Kukucinov,,SK0232,Levice,SK023,Nitriansky,48.09147,18.69608,240,240,
93701,937 01,SK0232502537,Malé Ludince,Male Ludince,,SK0232,Levice,SK023,Nitriansky,47.98607,18.69798,93,93,
93701,937 01,SK0232502731,Sikenica,Sikenica,,SK0232,Levice,SK023,Nitriansky,48.06836,18.71801,331,331,
93701,937 01,SK0232502961,Zalaba,Zalaba,,SK0232,Levice,SK023,Nitriansky,47.96248,18.70081,97,97,
93701,937 01,SK0232502987,Želiezovce,Zeliezovce,,SK0232,Levice,SK023,Nitriansky,48.05093,18.65660,2661,5322,
94002,940 02,SK0234503011,Nové Zámky,Nove Zamky,,SK0234,Nové Zámky,SK023,Nitriansky,47.98863,18.16224,10191,20382,
94101,941 01,SK0234503045,Bánov,Banov,,SK0234,Nové Zámky,SK023,Nitriansky,48.04802,18.19057,1544,1544,
94102,941 02,SK0234503321,Lipová,Lipova,,SK0234,Nové Zámky,SK023,Nitriansky,48.11173,18.17687,766,766,
94103,941 03,SK0234556050,Úľany nad Žitavou,Ulany nad Zitavou,,SK0234,Nové Zámky,SK023,Nitriansky,48.10665,18.23813,886,886,
94104,941 04,SK0234503398,Mojzesovo,Mojzesovo,,SK0234,Nové Zámky,SK023,Nitriansky,48.13548,18.23804,584,584,
94105,941 05,SK0234503126,Černík,Cernik,,SK0234,Nové Zámky,SK023,Nitriansky,48.15722,18.22549,626,626,
94106,941 06,SK0234503282,Komjatice,Komjatice,,SK0234,Nové Zámky,SK023,Nitriansky,48.15470,18.17061,1699,1699,
94107,941 07,SK0234503380,Veľký Kýr,Velky Kyr,,SK0234,Nové Zámky,SK023,Nitriansky,48.18125,18.15432,1472,1472,
94110,941 10,SK0234503223,Jatov,Jatov,,SK0234,Nové Zámky,SK023,Nitriansky,48.12706,18.00966,561,561,
94110,941 10,SK0234503509,Rastislavice,Rastislavice,,SK0234,Nové Zámky,SK023,Nitriansky,48.13785,18.07609,413,413,
94110,941 10,SK0234503614,Tvrdošovce,Tvrdosovce,,SK0234,Nové Zámky,SK023,Nitriansky,48.09477,18.06352,2559,2559,
94111,941 11,SK0234503452,Palárikovo,Palarikovo,,SK0234,Nové Zámky,SK023,Nitriansky,48.04338,18.06990,2570,2570,
94121,941 21,SK0234503291,Komoča,Komoca,,SK0234,Nové Zámky,SK023,Nitriansky,47.95044,18.02232,700,700,
94122,941 22,SK0234503649,Zemné,Zemne,,SK0234,Nové Zámky,SK023,Nitriansky,47.98373,17.99559,1108,1108,"Gúg (21-1200, 1281, 1309), Zemné"
94123,941 23,SK0234503029,Andovce,Andovce,,SK0234,Nové Zámky,SK023,Nitriansky,47.99473,18.10618,942,942,
94123,941 23,SK0234503649,Zemné,Zemne,,SK0234,Nové Zámky,SK023,Nitriansky,48.00418,18.09903,21,21,"Gúg (1-20, 1263)"
94131,941 31,SK0234503096,Branovo,Branovo,,SK0234,Nové Zámky,SK023,Nitriansky,48.02442,18.30761,322,322,
94131,941 31,SK0234503177,Dvory nad Žitavou,Dvory nad Zitavou,,SK0234,Nové Zámky,SK023,Nitriansky,47.99142,18.26776,2741,2741,
94132,941 32,SK0234503118,Čechy,Cechy,,SK0234,Nové Zámky,SK023,Nitriansky,48.03405,18.37277,212,212,
94132,941 32,SK0234503533,Semerovo,Semerovo,,SK0234,Nové Zámky,SK023,Nitriansky,48.00997,18.35162,638,638,
94133,941 33,SK0234503274,Kolta,Kolta,,SK0234,Nové Zámky,SK023,Nitriansky,48.01732,18.41453,637,637,
94134,941 34,SK0234503215,Jasová,Jasova,,SK0234,Nové Zámky,SK023,Nitriansky,47.98800,18.39728,683,683,
94135,941 35,SK0231501328,Pribeta,Pribeta,,SK0231,Komárno,SK023,Nitriansky,47.93754,18.31662,6,6,
94135,941 35,SK0234503169,Dubník,Dubnik,,SK0234,Nové Zámky,SK023,Nitriansky,47.95749,18.40970,872,872,
94136,941 36,SK0234503517,Rúbaň,Ruban,,SK0234,Nové Zámky,SK023,Nitriansky,47.92899,18.40161,490,490,
94137,941 37,SK0234503550,Strekov,Strekov,,SK0234,Nové Zámky,SK023,Nitriansky,47.90237,18.41692,1284,1284,
94141,941 41,SK0234503070,Bešeňov,Besenov,,SK0234,Nové Zámky,SK023,Nitriansky,48.04432,18.26543,859,859,
94142,941 42,SK0234503631,Veľké Lovce,Velke Lovce,,SK0234,Nové Zámky,SK023,Nitriansky,48.06260,18.33643,836,836,
94143,941 43,SK0234503151,Dolný Ohaj,Dolny Ohaj,,SK0234,Nové Zámky,SK023,Nitriansky,48.08030,18.25075,745,745,
94144,941 44,SK0234503193,Hul,Hul,,SK0234,Nové Zámky,SK023,Nitriansky,48.10270,18.26864,568,568,
94144,941 44,SK0234556025,Vlkas,Vlkas,,SK0234,Nové Zámky,SK023,Nitriansky,48.12775,18.27737,186,186,
94145,941 45,SK0234503363,Maňa,Mana,,SK0234,Nové Zámky,SK023,Nitriansky,48.15081,18.28425,1095,1095,
94146,941 46,SK0234503606,Trávnica,Travnica,,SK0234,Nové Zámky,SK023,Nitriansky,48.13880,18.33625,826,826,
94147,941 47,SK0234503495,Radava,Radava,,SK0234,Nové Zámky,SK023,Nitriansky,48.09332,18.30307,586,586,
94148,941 48,SK0234503479,Podhájska,Podhajska,,SK0234,Nové Zámky,SK023,Nitriansky,48.10460,18.34230,891,891,
94149,941 49,SK0234503053,Bardoňovo,Bardonovo,,SK0234,Nové Zámky,SK023,Nitriansky,48.10931,18.42146,461,461,
94150,941 50,SK0234503134,Dedinka,Dedinka,,SK0234,Nové Zámky,SK023,Nitriansky,48.07030,18.42075,457,457,
94151,941 51,SK0234503487,Pozba,Pozba,,SK0234,Nové Zámky,SK023,Nitriansky,48.11484,18.38604,332,332,
94162,941 62,SK0234503266,Kmeťovo,Kmetovo,,SK0234,Nové Zámky,SK023,Nitriansky,48.16840,18.28006,431,431,
94162,941 62,SK0234503371,Michal nad Žitavou,Michal nad Zitavou,,SK0234,Nové Zámky,SK023,Nitriansky,48.18549,18.28319,314,314,
94201,942 01,SK0234503592,Šurany,Surany,,SK0234,Nové Zámky,SK023,Nitriansky,48.08897,18.18356,3305,6610,
94301,943 01,SK0234503584,Štúrovo,Sturovo,,SK0234,Nové Zámky,SK023,Nitriansky,47.79642,18.71437,3587,7174,
94301,943 01,SK0234556092,Nána,Nana,,SK0234,Nové Zámky,SK023,Nitriansky,47.80019,18.68154,1,1,
94304,943 04,SK0234582361,Obid,Obid,,SK0234,Nové Zámky,SK023,Nitriansky,47.77923,18.64403,586,586,
94342,943 42,SK0234503185,Gbelce,Gbelce,,SK0234,Nové Zámky,SK023,Nitriansky,47.85094,18.51261,1279,1279,
94342,943 42,SK0234503436,Nová Vieska,Nova Vieska,,SK0234,Nové Zámky,SK023,Nitriansky,47.87082,18.46269,575,575,
94342,943 42,SK0234503576,Šarkan,Sarkan,,SK0234,Nové Zámky,SK023,Nitriansky,47.86183,18.55546,254,254,
94352,943 52,SK0234503401,Mužla,Muzla,,SK0234,Nové Zámky,SK023,Nitriansky,47.79343,18.60001,1211,1211,
94353,943 53,SK0234503061,Belá,Bela,,SK0234,Nové Zámky,SK023,Nitriansky,47.83240,18.59611,248,248,
94353,943 53,SK0234503339,Ľubá,Luba,,SK0234,Nové Zámky,SK023,Nitriansky,47.84972,18.59629,246,246,
94354,943 54,SK0234503568,Svodín,Svodin,,SK0234,Nové Zámky,SK023,Nitriansky,47.91094,18.49960,1625,1625,
94355,943 55,SK0234503100,Bruty,Bruty,,SK0234,Nové Zámky,SK023,Nitriansky,47.92303,18.57886,418,418,
94356,943 56,SK0234503088,Bíňa,Bina,,SK0234,Nové Zámky,SK023,Nitriansky,47.91889,18.63991,786,786,
94357,943 57,SK0234503240,Kamenín,Kamenin,,SK0234,Nové Zámky,SK023,Nitriansky,47.88680,18.64868,915,915,
94358,943 58,SK0234503258,Kamenný Most,Kamenny Most,,SK0234,Nové Zámky,SK023,Nitriansky,47.85111,18.65785,725,725,
94359,943 59,SK0234503541,Sikenička,Sikenicka,,SK0234,Nové Zámky,SK023,Nitriansky,47.93572,18.68257,266,266,
94359,943 59,SK0234556033,Pavlová,Pavlova,,SK0234,Nové Zámky,SK023,Nitriansky,47.90133,18.67423,158,158,
94360,943 60,SK0234556092,Nána,Nana,,SK0234,Nové Zámky,SK023,Nitriansky,47.81656,18.69006,807,807,
94361,943 61,SK0234503355,Malé Kosihy,Male Kosihy,,SK0234,Nové Zámky,SK023,Nitriansky,47.92331,18.74958,256,256,
94361,943 61,SK0234503525,Salka,Salka,,SK0234,Nové Zámky,SK023,Nitriansky,47.88692,18.75232,730,730,
94365,943 65,SK0234503037,Bajtava,Bajtava,,SK0234,Nové Zámky,SK023,Nitriansky,47.85586,18.74776,263,263,
94365,943 65,SK0234503207,Chľaba,Chlaba,,SK0234,Nové Zámky,SK023,Nitriansky,47.82829,18.81316,773,773,
94365,943 65,SK0234503231,Kamenica nad Hronom,Kamenica nad Hronom,,SK0234,Nové Zámky,SK023,Nitriansky,47.83010,18.72763,788,788,
94365,943 65,SK0234503312,Leľa,Lela,,SK0234,Nové Zámky,SK023,Nitriansky,47.85767,18.77170,225,225,
94365,943 65,SK0234503347,Malá nad Hronom,Mala nad Hronom,,SK0234,Nové Zámky,SK023,Nitriansky,47.85551,18.67837,270,270,
94501,945 01,SK0231501026,Komárno,Komarno,,SK0231,Komárno,SK023,Nitriansky,47.76869,18.12051,7494,14988,
94501,945 01,SK0231501409,Vrbová nad Váhom,Vrbova nad Vahom,,SK0231,Komárno,SK023,Nitriansky,47.84870,18.06067,320,320,
94501,945 01,SK0237500968,Zlaté Moravce,Zlate Moravce,,SK0237,Zlaté Moravce,SK023,Nitriansky,48.38939,18.38575,1,2,
94504,945 04,SK0231501026,Komárno,Komarno,,SK0231,Komárno,SK023,Nitriansky,47.76429,18.04842,1175,2350,
94505,945 05,SK0231501026,Komárno,Komarno,,SK0231,Komárno,SK023,Nitriansky,47.76012,18.12030,698,1396,
94601,946 01,SK0231501182,Kameničná,Kamenicna,,SK0231,Komárno,SK023,Nitriansky,47.81772,18.03955,990,990,
94602,946 02,SK0231501085,Čalovec,Calovec,,SK0231,Komárno,SK023,Nitriansky,47.81869,17.98598,701,701,
94603,946 03,SK0231501107,Dedina Mládeže,Dedina Mladeze,,SK0231,Komárno,SK023,Nitriansky,47.95452,18.00270,359,359,
94603,946 03,SK0231501204,Kolárovo,Kolarovo,,SK0231,Komárno,SK023,Nitriansky,47.91539,17.99370,4694,9388,
94612,946 12,SK0231501425,Zlatná na Ostrove,Zlatna na Ostrove,,SK0231,Komárno,SK023,Nitriansky,47.77122,17.97446,1269,1269,
94613,946 13,SK0231501301,Okoličná na Ostrove,Okolicna na Ostrove,,SK0231,Komárno,SK023,Nitriansky,47.80218,17.91865,905,905,
94614,946 14,SK0231501221,Lipové,Lipove,,SK0231,Komárno,SK023,Nitriansky,47.83887,17.85606,231,231,
94614,946 14,SK0231501344,Sokolce,Sokolce,,SK0231,Komárno,SK023,Nitriansky,47.89771,17.89836,18,18,"428-439, 654, 730, 779, 789-791, 952-954"
94614,946 14,SK0231501417,Zemianska Olča,Zemianska Olca,,SK0231,Komárno,SK023,Nitriansky,47.80914,17.86757,1381,1381,
94614,946 14,SK0231555819,Bodzianske Lúky,Bodzianske Luky,,SK0231,Komárno,SK023,Nitriansky,47.88967,17.89969,147,147,
94615,946 15,SK0231501361,Tôň,Ton,,SK0231,Komárno,SK023,Nitriansky,47.80440,17.83667,548,548,
94616,946 16,SK0231501042,Bodza,Bodza,,SK0231,Komárno,SK023,Nitriansky,47.83334,17.83022,245,245,
94616,946 16,SK0231580911,Holiare,Holiare,,SK0231,Komárno,SK023,Nitriansky,47.82663,17.81587,414,414,
94617,946 17,SK0231501069,Brestovec,Brestovec,,SK0231,Komárno,SK023,Nitriansky,47.86217,17.82243,437,437,
94617,946 17,SK0231501344,Sokolce,Sokolce,,SK0231,Komárno,SK023,Nitriansky,47.85215,17.82809,862,862,"1-426, 440-653, 655-729, 731-778, 780-788, 792-951, 955-968"
94619,946 19,SK0231501093,Číčov,Cicov,,SK0231,Komárno,SK023,Nitriansky,47.76992,17.77028,898,898,
94619,946 19,SK0231501191,Klížska Nemá,Klizska Nema,,SK0231,Komárno,SK023,Nitriansky,47.75193,17.81844,325,325,
94619,946 19,SK0231501379,Trávnik,Travnik,,SK0231,Komárno,SK023,Nitriansky,47.77549,17.79427,447,447,
94621,946 21,SK0231501387,Veľké Kosihy,Velke Kosihy,,SK0231,Komárno,SK023,Nitriansky,47.75799,17.88188,714,714,
94631,946 31,SK0231501158,Chotín,Chotin,,SK0231,Komárno,SK023,Nitriansky,47.80642,18.23146,1201,1201,
94632,946 32,SK0231501239,Marcelová,Marcelova,,SK0231,Komárno,SK023,Nitriansky,47.78926,18.28282,2207,2207,
94632,946 32,SK0231501271,Mudroňovo,Mudronovo,,SK0231,Komárno,SK023,Nitriansky,47.83196,18.32063,111,111,
94632,946 32,SK0231501352,Šrobárová,Srobarova,,SK0231,Komárno,SK023,Nitriansky,47.80459,18.32289,202,202,
94633,946 33,SK0231501263,Modrany,Modrany,,SK0231,Komárno,SK023,Nitriansky,47.82390,18.35125,760,760,
94634,946 34,SK0231501395,Bátorove Kosihy,Batorove Kosihy,,SK0231,Komárno,SK023,Nitriansky,47.82971,18.41314,1974,1974,
94635,946 35,SK0231501077,Búč,Buc,,SK0231,Komárno,SK023,Nitriansky,47.80742,18.44687,906,906,
94636,946 36,SK0231501212,Kravany nad Dunajom,Kravany nad Dunajom,,SK0231,Komárno,SK023,Nitriansky,47.76378,18.48187,455,455,
94637,946 37,SK0231501255,Moča,Moca,,SK0231,Komárno,SK023,Nitriansky,47.76104,18.40739,910,910,
94638,946 38,SK0231501336,Radvaň nad Dunajom,Radvan nad Dunajom,,SK0231,Komárno,SK023,Nitriansky,47.74836,18.36768,679,679,
94638,946 38,SK0231555827,Virt,Virt,,SK0231,Komárno,SK023,Nitriansky,47.75127,18.32288,376,376,
94639,946 39,SK0231501174,Iža,Iza,,SK0231,Komárno,SK023,Nitriansky,47.75230,18.22796,1044,1044,
94639,946 39,SK0231501310,Patince,Patince,,SK0231,Komárno,SK023,Nitriansky,47.74185,18.29097,490,490,
94651,946 51,SK0231501280,Nesvady,Nesvady,,SK0231,Komárno,SK023,Nitriansky,47.92700,18.12624,2794,5588,
94652,946 52,SK0231501166,Imeľ,Imel,,SK0231,Komárno,SK023,Nitriansky,47.90329,18.14291,1063,1063,
94654,946 54,SK0231501034,Bajč,Bajc,,SK0231,Komárno,SK023,Nitriansky,47.92224,18.20967,388,388,
94654,946 54,SK0231501140,Hurbanovo,Hurbanovo,,SK0231,Komárno,SK023,Nitriansky,47.90651,18.20947,3,6,
94655,946 55,SK0231501328,Pribeta,Pribeta,,SK0231,Komárno,SK023,Nitriansky,47.90042,18.31394,1750,1750,
94656,946 56,SK0231501123,Dulovce,Dulovce,,SK0231,Komárno,SK023,Nitriansky,47.86912,18.27175,878,878,
94657,946 57,SK0231501115,Svätý Peter,Svaty Peter,,SK0231,Komárno,SK023,Nitriansky,47.84413,18.25983,1976,1976,
94701,947 01,SK0231501140,Hurbanovo,Hurbanovo,,SK0231,Komárno,SK023,Nitriansky,47.86943,18.18851,3219,6438,
94701,947 01,SK0231501247,Martovce,Martovce,,SK0231,Komárno,SK023,Nitriansky,47.85557,18.12678,439,439,
94703,947 03,SK0231501140,Hurbanovo,Hurbanovo,,SK0231,Komárno,SK023,Nitriansky,47.88751,18.20416,967,1934,
94901,949 01,SK0233500011,Nitra,Nitra,,SK0233,Nitra,SK023,Nitriansky,48.31537,18.08343,13675,27350,
94901,949 01,SK0233556696,Nitrianske Hrnčiarovce,Nitrianske Hrnciarovce,,SK0233,Nitra,SK023,Nitriansky,48.32611,18.14267,28,28,
94901,949 01,SK0233580899,Lužianky,Luzianky,,SK0233,Nitra,SK023,Nitriansky,48.33636,18.04484,15,15,
94905,949 05,SK0233500011,Nitra,Nitra,,SK0233,Nitra,SK023,Nitriansky,48.27607,18.09460,1489,2978,
94907,949 07,SK0233500011,Nitra,Nitra,,SK0233,Nitra,SK023,Nitriansky,48.28804,18.13674,1004,2008,
94911,949 11,SK0233500011,Nitra,Nitra,,SK0233,Nitra,SK023,Nitriansky,48.30190,18.05350,1283,2566,
95101,951 01,SK0233556696,Nitrianske Hrnčiarovce,Nitrianske Hrnciarovce,,SK0233,Nitra,SK023,Nitriansky,48.33219,18.12379,1117,1117,
95101,951 01,SK0233582719,Štitáre,Stitare,,SK0233,Nitra,SK023,Nitriansky,48.34921,18.15756,733,733,
95102,951 02,SK0233500194,Dolné Obdokovce,Dolne Obdokovce,,SK0233,Nitra,SK023,Nitriansky,48.31178,18.20838,437,437,
95102,951 02,SK0233500682,Pohranice,Pohranice,,SK0233,Nitra,SK023,Nitriansky,48.33046,18.18120,579,579,
95102,951 02,SK0233555959,Hosťová,Hostova,,SK0233,Nitra,SK023,Nitriansky,48.33772,18.20510,187,187,
95103,951 03,SK0233500135,Čeľadice,Celadice,,SK0233,Nitra,SK023,Nitriansky,48.32540,18.24122,441,441,
95103,951 03,SK0233500411,Kolíňany,Kolinany,,SK0233,Nitra,SK023,Nitriansky,48.34766,18.25061,18,18,
95104,951 04,SK0233555851,Malý Lapáš,Maly Lapas,,SK0233,Nitra,SK023,Nitriansky,48.30354,18.17705,582,582,
95104,951 04,SK0233555860,Veľký Lapáš,Velky Lapas,,SK0233,Nitra,SK023,Nitriansky,48.29134,18.18418,888,888,
95105,951 05,SK0233500666,Paňa,Pana,,SK0233,Nitra,SK023,Nitriansky,48.23254,18.22730,247,247,
95105,951 05,SK0233500895,Veľký Cetín,Velky Cetin,,SK0233,Nitra,SK023,Nitriansky,48.21881,18.18859,790,790,
95106,951 06,SK0233500917,Vinodol,Vinodol,,SK0233,Nitra,SK023,Nitriansky,48.18717,18.20680,700,700,
95107,951 07,SK0233555886,Čechynce,Cechynce,,SK0233,Nitra,SK023,Nitriansky,48.25519,18.16077,519,519,
95107,951 07,SK0233555908,Malý Cetín,Maly Cetin,,SK0233,Nitra,SK023,Nitriansky,48.23802,18.17824,233,233,
95108,951 08,SK0233500232,Golianovo,Golianovo,,SK0233,Nitra,SK023,Nitriansky,48.26957,18.19077,786,786,
95112,951 12,SK0233558320,Ivanka pri Nitre,Ivanka pri Nitre,,SK0233,Nitra,SK023,Nitriansky,48.24168,18.11900,1249,1249,
95113,951 13,SK0233500071,Branč,Branc,,SK0233,Nitra,SK023,Nitriansky,48.21401,18.14239,865,865,
95115,951 15,SK0233500577,Mojmírovce,Mojmirovce,,SK0233,Nitra,SK023,Nitriansky,48.20922,18.06158,1180,1180,
95115,951 15,SK0233500691,Poľný Kesov,Polny Kesov,,SK0233,Nitra,SK023,Nitriansky,48.16195,18.06015,355,355,
95115,951 15,SK0233500844,Veľká Dolina,Velka Dolina,,SK0233,Nitra,SK023,Nitriansky,48.18402,18.02991,363,363,
95115,951 15,SK0233581691,Štefanovičová,Stefanovicova,,SK0233,Nitra,SK023,Nitriansky,48.18956,18.09376,165,165,
95116,951 16,SK0233555991,Svätoplukovo,Svatoplukovo,,SK0233,Nitra,SK023,Nitriansky,48.22608,18.05474,614,614,
95117,951 17,SK0233545589,Cabaj-Čápor,Cabaj-Capor,,SK0233,Nitra,SK023,Nitriansky,48.24519,18.02223,1774,1774,
95121,951 21,SK0233500704,Rišňovce,Risnovce,,SK0233,Nitra,SK023,Nitriansky,48.36822,17.89484,836,836,
95122,951 22,SK0233500020,Alekšince,Aleksince,,SK0233,Nitra,SK023,Nitriansky,48.36293,17.94764,687,687,
95123,951 23,SK0233500488,Lukáčovce,Lukacovce,,SK0233,Nitra,SK023,Nitriansky,48.39527,17.93772,478,478,
95124,951 24,SK0233500399,Kapince,Kapince,,SK0233,Nitra,SK023,Nitriansky,48.45018,17.97206,105,105,
95124,951 24,SK0233500534,Malé Zálužie,Male Zaluzie,,SK0233,Nitra,SK023,Nitriansky,48.43586,17.98461,167,167,
95124,951 24,SK0233500640,Nové Sady,Nove Sady,,SK0233,Nitra,SK023,Nitriansky,48.41436,17.97628,589,589,
95124,951 24,SK0233582387,Čab,Cab,,SK0233,Nitra,SK023,Nitriansky,48.40606,17.98543,302,302,
95125,951 25,SK0233500313,Hruboňovo,Hrubonovo,,SK0233,Nitra,SK023,Nitriansky,48.44550,18.02531,312,312,
95126,951 26,SK0233500780,Šurianky,Surianky,,SK0233,Nitra,SK023,Nitriansky,48.42264,18.02198,252,252,
95131,951 31,SK0235500739,Močenok,Mocenok,,SK0235,Šaľa,SK023,Nitriansky,48.22734,17.93047,1682,1682,
95132,951 32,SK0235555878,Horná Kráľová,Horna Kralova,,SK0235,Šaľa,SK023,Nitriansky,48.24388,17.91557,742,742,
95133,951 33,SK0235500241,Hájske,Hajske,,SK0235,Šaľa,SK023,Nitriansky,48.25454,17.86749,581,581,
95134,951 34,SK0233500046,Báb,Bab,,SK0233,Nitra,SK023,Nitriansky,48.30894,17.86986,556,556,
95135,951 35,SK0233500887,Veľké Zálužie,Velke Zaluzie,,SK0233,Nitra,SK023,Nitriansky,48.30750,17.94004,1578,1578,
95136,951 36,SK0233500453,Lehota,Lehota,,SK0233,Nitra,SK023,Nitriansky,48.31287,17.99071,870,870,
95137,951 37,SK0233500712,Rumanová,Rumanova,,SK0233,Nitra,SK023,Nitriansky,48.32969,17.87043,401,401,
95141,951 41,SK0233500011,Nitra,Nitra,,SK0233,Nitra,SK023,Nitriansky,48.32392,18.04007,14,28,
95141,951 41,SK0233580899,Lužianky,Luzianky,,SK0233,Nitra,SK023,Nitriansky,48.34243,18.02804,1686,1686,
95142,951 42,SK0233500950,Zbehy,Zbehy,,SK0233,Nitra,SK023,Nitriansky,48.36819,18.01451,984,984,
95143,951 43,SK0233500101,Čakajovce,Cakajovce,,SK0233,Nitra,SK023,Nitriansky,48.37164,18.03642,458,458,
95143,951 43,SK0233500381,Jelšovce,Jelsovce,,SK0233,Nitra,SK023,Nitriansky,48.38256,18.05848,448,448,
95144,951 44,SK0233500941,Výčapy-Opatovce,Vycapy-Opatovce,,SK0233,Nitra,SK023,Nitriansky,48.40919,18.08188,834,834,
95144,951 44,SK0233581097,Ľudovítová,Ludovitova,,SK0233,Nitra,SK023,Nitriansky,48.39666,18.07782,79,79,
95145,951 45,SK0233545635,Horné Lefantovce,Horne Lefantovce,,SK0233,Nitra,SK023,Nitriansky,48.42305,18.14363,440,440,
95145,951 45,SK0233582425,Dolné Lefantovce,Dolne Lefantovce,,SK0233,Nitra,SK023,Nitriansky,48.42362,18.12207,276,276,
95146,951 46,SK0233500674,Podhorany,Podhorany,,SK0233,Nitra,SK023,Nitriansky,48.38105,18.11703,523,523,
95146,951 46,SK0233582697,Bádice,Badice,,SK0233,Nitra,SK023,Nitriansky,48.39788,18.12928,183,183,
95148,951 48,SK0233500356,Jarok,Jarok,,SK0233,Nitra,SK023,Nitriansky,48.27747,17.95994,860,860,
95151,951 51,SK0233500631,Nová Ves nad Žitavou,Nova Ves nad Zitavou,,SK0233,Nitra,SK023,Nitriansky,48.29077,18.32434,625,625,
95152,951 52,SK0237500755,Slepčany,Slepcany,,SK0237,Zlaté Moravce,SK023,Nitriansky,48.30991,18.34087,423,423,
95152,951 52,SK0237500909,Vieska nad Žitavou,Vieska nad Zitavou,,SK0237,Zlaté Moravce,SK023,Nitriansky,48.31823,18.35966,212,212,
95153,951 53,SK0233500402,Klasov,Klasov,,SK0233,Nitra,SK023,Nitriansky,48.27665,18.25690,473,473,
95153,951 53,SK0233581623,Babindol,Babindol,,SK0233,Nitra,SK023,Nitriansky,48.28876,18.23988,256,256,
95154,951 54,SK0233500518,Veľké Chyndice,Velke Chyndice,,SK0233,Nitra,SK023,Nitriansky,48.29046,18.28686,168,168,
95154,951 54,SK0233556785,Malé Chyndice,Male Chyndice,,SK0233,Nitra,SK023,Nitriansky,48.30320,18.28567,185,185,
95161,951 61,SK0233500160,Čifáre,Cifare,,SK0233,Nitra,SK023,Nitriansky,48.23270,18.39004,333,333,
95161,951 61,SK0233555967,Telince,Telince,,SK0233,Nitra,SK023,Nitriansky,48.23057,18.36934,163,163,
95162,951 62,SK0237500607,Nevidzany,Nevidzany,,SK0237,Zlaté Moravce,SK023,Nitriansky,48.28661,18.37747,324,324,
95171,951 71,SK0237500747,Sľažany,Slazany,,SK0237,Zlaté Moravce,SK023,Nitriansky,48.38823,18.32477,679,679,
95171,951 71,SK0237500836,Velčice,Velcice,,SK0237,Zlaté Moravce,SK023,Nitriansky,48.41415,18.30421,433,433,
95172,951 72,SK0237500593,Neverice,Neverice,,SK0237,Zlaté Moravce,SK023,Nitriansky,48.36780,18.27384,286,286,
95173,951 73,SK0233500372,Jelenec,Jelenec,,SK0233,Nitra,SK023,Nitriansky,48.37900,18.22522,882,882,
95174,951 74,SK0233500992,Žirany,Zirany,,SK0233,Nitra,SK023,Nitriansky,48.37740,18.17516,587,587,
95175,951 75,SK0237500062,Beladice,Beladice,,SK0237,Zlaté Moravce,SK023,Nitriansky,48.34046,18.29335,835,835,
95176,951 76,SK0237500321,Choča,Choca,,SK0237,Zlaté Moravce,SK023,Nitriansky,48.35702,18.32283,224,224,
95176,951 76,SK0237500810,Tesárske Mlyňany,Tesarske Mlynany,,SK0237,Zlaté Moravce,SK023,Nitriansky,48.33779,18.35838,695,695,
95177,951 77,SK0237500429,Kostoľany pod Tribečom,Kostolany pod Tribecom,,SK0237,Zlaté Moravce,SK023,Nitriansky,48.41506,18.24292,218,218,
95177,951 77,SK0237500437,Ladice,Ladice,,SK0237,Zlaté Moravce,SK023,Nitriansky,48.39660,18.25997,453,453,
95178,951 78,SK0233500411,Kolíňany,Kolinany,,SK0233,Nitra,SK023,Nitriansky,48.35992,18.19568,671,671,
95181,951 81,SK0237500585,Nemčiňany,Nemcinany,,SK0237,Zlaté Moravce,SK023,Nitriansky,48.30651,18.44697,359,359,
95182,951 82,SK0237555916,Červený Hrádok,Cerveny Hradok,,SK0237,Zlaté Moravce,SK023,Nitriansky,48.30247,18.38723,205,205,
95182,951 82,SK0237555924,Malé Vozokany,Male Vozokany,,SK0237,Zlaté Moravce,SK023,Nitriansky,48.30947,18.39911,147,147,
95182,951 82,SK0237555932,Veľké Vozokany,Velke Vozokany,,SK0237,Zlaté Moravce,SK023,Nitriansky,48.32163,18.41091,196,196,
95185,951 85,SK0237500721,Skýcov,Skycov,,SK0237,Zlaté Moravce,SK023,Nitriansky,48.50322,18.42134,487,487,
95187,951 87,SK0237500925,Volkovce,Volkovce,,SK0237,Zlaté Moravce,SK023,Nitriansky,48.33918,18.45638,421,421,
95188,951 88,SK0233500470,Lúčnica nad Žitavou,Lucnica nad Zitavou,,SK0233,Nitra,SK023,Nitriansky,48.21240,18.28390,546,546,
95191,951 91,SK0237500305,Hosťovce,Hostovce,,SK0237,Zlaté Moravce,SK023,Nitriansky,48.41794,18.35801,345,345,
95191,951 91,SK0237500542,Mankovce,Mankovce,,SK0237,Zlaté Moravce,SK023,Nitriansky,48.42762,18.32682,223,223,
95191,951 91,SK0237500976,Zlatno,Zlatno,,SK0237,Zlaté Moravce,SK023,Nitriansky,48.46407,18.31359,146,146,
95192,951 92,SK0237500461,Lovce,Lovce,,SK0237,Zlaté Moravce,SK023,Nitriansky,48.44499,18.36313,257,257,
95192,951 92,SK0237500984,Žikava,Zikava,,SK0237,Zlaté Moravce,SK023,Nitriansky,48.44395,18.38259,265,265,
95193,951 93,SK0237500500,Machulince,Machulince,,SK0237,Zlaté Moravce,SK023,Nitriansky,48.41215,18.43246,463,463,
95193,951 93,SK0237500828,Topoľčianky,Topolcianky,,SK0237,Zlaté Moravce,SK023,Nitriansky,48.41785,18.41070,1250,1250,
95194,951 94,SK0237500283,Hostie,Hostie,,SK0237,Zlaté Moravce,SK023,Nitriansky,48.45273,18.43744,498,498,
95195,951 95,SK0237500658,Obyce,Obyce,,SK0237,Zlaté Moravce,SK023,Nitriansky,48.42810,18.45572,690,690,
95196,951 96,SK0237500364,Jedľové Kostoľany,Jedlove Kostolany,,SK0237,Zlaté Moravce,SK023,Nitriansky,48.47403,18.49938,707,707,
95197,951 97,SK0237582816,Žitavany,Zitavany,,SK0237,Zlaté Moravce,SK023,Nitriansky,48.39932,18.41964,779,779,
95201,952 01,SK0233500569,Melek,Melek,,SK0233,Nitra,SK023,Nitriansky,48.20072,18.33308,307,307,
95201,952 01,SK0233500798,Tajná,Tajna,,SK0233,Nitra,SK023,Nitriansky,48.26489,18.36278,168,168,
95201,952 01,SK0233500933,Vráble,Vrable,,SK0233,Nitra,SK023,Nitriansky,48.24428,18.30700,3031,6062,
95201,952 01,SK0233501018,Žitavce,Zitavce,,SK0233,Nitra,SK023,Nitriansky,48.20199,18.30001,229,229,
95301,953 01,SK0237500127,Čaradice,Caradice,,SK0237,Zlaté Moravce,SK023,Nitriansky,48.35848,18.50653,328,328,
95301,953 01,SK0237500551,Martin nad Žitavou,Martin nad Zitavou,,SK0237,Zlaté Moravce,SK023,Nitriansky,48.39571,18.35593,276,276,
95301,953 01,SK0237500968,Zlaté Moravce,Zlate Moravce,,SK0237,Zlaté Moravce,SK023,Nitriansky,48.38323,18.39063,3879,7758,
95301,953 01,SK0237517305,Tekovské Nemce,Tekovske Nemce,,SK0237,Zlaté Moravce,SK023,Nitriansky,48.35657,18.52812,1,1,
95301,953 01,SK0237582816,Žitavany,Zitavany,,SK0237,Zlaté Moravce,SK023,Nitriansky,48.39319,18.40474,5,5,
95305,953 05,SK0237500151,Čierne Kľačany,Cierne Klacany,,SK0237,Zlaté Moravce,SK023,Nitriansky,48.35017,18.41748,409,409,
95305,953 05,SK0237500968,Zlaté Moravce,Zlate Moravce,,SK0237,Zlaté Moravce,SK023,Nitriansky,48.36143,18.41856,210,420,
95501,955 01,SK0236504998,Topoľčany,Topolcany,,SK0236,Topoľčany,SK023,Nitriansky,48.56203,18.16799,4842,9684,
95501,955 01,SK0236505340,Podhradie,Podhradie,,SK0236,Topoľčany,SK023,Nitriansky,48.66067,18.05153,210,210,
95501,955 01,SK0236505749,Velušovce,Velusovce,,SK0236,Topoľčany,SK023,Nitriansky,48.63035,18.09646,259,259,
95501,955 01,SK0236505773,Závada,Zavada,,SK0236,Topoľčany,SK023,Nitriansky,48.64095,18.08314,321,321,
95501,955 01,SK0236556165,Chrabrany,Chrabrany,,SK0236,Topoľčany,SK023,Nitriansky,48.52905,18.14122,436,436,
95501,955 01,SK0236580457,Tovarníky,Tovarniky,,SK0236,Topoľčany,SK023,Nitriansky,48.57219,18.14518,735,735,
95501,955 01,SK0236581305,Nemčice,Nemcice,,SK0236,Topoľčany,SK023,Nitriansky,48.55372,18.12119,418,418,
95501,955 01,SK0236581658,Práznovce,Praznovce,,SK0236,Topoľčany,SK023,Nitriansky,48.56575,18.21166,411,411,
95503,955 03,SK0236504998,Topoľčany,Topolcany,,SK0236,Topoľčany,SK023,Nitriansky,48.55270,18.17467,196,392,
95601,956 01,SK0236505021,Lipovník,Lipovnik,,SK0236,Topoľčany,SK023,Nitriansky,48.56933,18.01019,191,191,
95601,956 01,SK0236505676,Veľké Dvorany,Velke Dvorany,,SK0236,Topoľčany,SK023,Nitriansky,48.55636,18.07169,325,325,
95601,956 01,SK0236542709,Blesovce,Blesovce,,SK0236,Topoľčany,SK023,Nitriansky,48.55866,18.03713,158,158,
95601,956 01,SK0236542717,Bojná,Bojna,,SK0236,Topoľčany,SK023,Nitriansky,48.57685,18.05686,811,811,
95602,956 02,SK0236505641,Urmince,Urmince,,SK0236,Topoľčany,SK023,Nitriansky,48.53473,18.09683,543,543,
95603,956 03,SK0236542881,Hajná Nová Ves,Hajna Nova Ves,,SK0236,Topoľčany,SK023,Nitriansky,48.53498,18.03560,191,191,
95603,956 03,SK0236542954,Horné Štitáre,Horne Stitare,,SK0236,Topoľčany,SK023,Nitriansky,48.52485,18.05658,303,303,
95603,956 03,SK0236543110,Krtovce,Krtovce,,SK0236,Topoľčany,SK023,Nitriansky,48.54104,18.01284,138,138,
95605,956 05,SK0236505234,Nitrianska Blatnica,Nitrianska Blatnica,,SK0236,Topoľčany,SK023,Nitriansky,48.55390,17.96652,542,542,
95605,956 05,SK0236505421,Radošina,Radosina,,SK0236,Topoľčany,SK023,Nitriansky,48.54556,17.93886,864,864,
95605,956 05,SK0236505757,Vozokany,Vozokany,,SK0236,Topoľčany,SK023,Nitriansky,48.56621,17.99429,170,170,
95606,956 06,SK0236505536,Šalgovce,Salgovce,,SK0236,Topoľčany,SK023,Nitriansky,48.52496,17.89769,209,209,
95606,956 06,SK0236556211,Orešany,Oresany,,SK0236,Topoľčany,SK023,Nitriansky,48.51103,17.90134,152,152,
95606,956 06,SK0236556220,Ardanovce,Ardanovce,,SK0236,Topoľčany,SK023,Nitriansky,48.53682,17.90520,130,130,
95606,956 06,SK0236556238,Svrbice,Svrbice,,SK0236,Topoľčany,SK023,Nitriansky,48.52200,17.88532,96,96,
95607,956 07,SK0236505064,Lužany,Luzany,,SK0236,Topoľčany,SK023,Nitriansky,48.51583,18.01466,111,111,
95607,956 07,SK0236505137,Malé Ripňany,Male Ripnany,,SK0236,Topoľčany,SK023,Nitriansky,48.47828,17.98408,253,253,
95607,956 07,SK0236505714,Veľké Ripňany,Velke Ripnany,,SK0236,Topoľčany,SK023,Nitriansky,48.50428,17.97798,987,987,
95607,956 07,SK0236542695,Biskupová,Biskupova,,SK0236,Topoľčany,SK023,Nitriansky,48.46216,17.98331,119,119,
95608,956 08,SK0236542792,Čermany,Cermany,,SK0236,Topoľčany,SK023,Nitriansky,48.46852,18.03561,210,210,
95608,956 08,SK0236542938,Horné Obdokovce,Horne Obdokovce,,SK0236,Topoľčany,SK023,Nitriansky,48.49504,18.04268,637,637,"1-398, 401-545"
95611,956 11,SK0236505048,Ludanice,Ludanice,,SK0236,Topoľčany,SK023,Nitriansky,48.49597,18.11676,842,842,
95611,956 11,SK0236542938,Horné Obdokovce,Horne Obdokovce,,SK0236,Topoľčany,SK023,Nitriansky,48.50895,18.09432,2,2,"399, 400"
95611,956 11,SK0236556262,Dvorany nad Nitrou,Dvorany nad Nitrou,,SK0236,Topoľčany,SK023,Nitriansky,48.48918,18.11685,330,330,
95612,956 12,SK0236505404,Preseľany,Preselany,,SK0236,Topoľčany,SK023,Nitriansky,48.45221,18.09809,637,637,
95612,956 12,SK0236542661,Belince,Belince,,SK0236,Topoľčany,SK023,Nitriansky,48.46123,18.09913,165,165,
95612,956 12,SK0236543039,Kamanová,Kamanova,,SK0236,Topoľčany,SK023,Nitriansky,48.47133,18.10031,291,291,
95613,956 13,SK0236542971,Hrušovany,Hrusovany,,SK0236,Topoľčany,SK023,Nitriansky,48.43903,18.09556,456,456,
95613,956 13,SK0236543063,Koniarovce,Koniarovce,,SK0236,Topoľčany,SK023,Nitriansky,48.42821,18.09248,314,314,
95614,956 14,SK0236505285,Oponice,Oponice,,SK0236,Topoľčany,SK023,Nitriansky,48.46859,18.14745,398,398,
95614,956 14,SK0236505510,Súlovce,Sulovce,,SK0236,Topoľčany,SK023,Nitriansky,48.46374,18.16976,284,284,
95615,956 15,SK0236543071,Kovarce,Kovarce,,SK0236,Topoľčany,SK023,Nitriansky,48.49511,18.15616,624,624,
95616,956 16,SK0236505242,Nitrianska Streda,Nitrianska Streda,,SK0236,Topoľčany,SK023,Nitriansky,48.52047,18.17469,367,367,
95616,956 16,SK0236556297,Čeľadince,Celadince,,SK0236,Topoľčany,SK023,Nitriansky,48.51169,18.16994,283,283,
95617,956 17,SK0236505498,Solčany,Solcany,,SK0236,Topoľčany,SK023,Nitriansky,48.53737,18.19935,1036,1036,
95618,956 18,SK0225505315,Partizánske,Partizanske,,SK0225,Partizánske,SK022,Trenčiansky,48.62077,18.35758,1,2,
95618,956 18,SK0225542733,Bošany,Bosany,,SK0225,Partizánske,SK022,Trenčiansky,48.58020,18.24906,1155,1155,
95619,956 19,SK0236543101,Krnča,Krnca,,SK0236,Topoľčany,SK023,Nitriansky,48.54262,18.25260,563,563,
95621,956 21,SK0236505561,Tesáre,Tesare,,SK0236,Topoľčany,SK023,Nitriansky,48.60061,18.08555,384,384,
95621,956 21,SK0236556157,Jacovce,Jacovce,,SK0236,Topoľčany,SK023,Nitriansky,48.59184,18.13538,704,704,
95621,956 21,SK0236581704,Kuzmice,Kuzmice,,SK0236,Topoľčany,SK023,Nitriansky,48.58213,18.10594,325,325,
95622,956 22,SK0236505226,Nemečky,Nemecky,,SK0236,Topoľčany,SK023,Nitriansky,48.67238,18.11617,226,226,
95622,956 22,SK0236505374,Prašice,Prasice,,SK0236,Topoľčany,SK023,Nitriansky,48.65071,18.10183,1414,1414,
95622,956 22,SK0236505617,Tvrdomestice,Tvrdomestice,,SK0236,Topoľčany,SK023,Nitriansky,48.64008,18.13538,217,217,
95631,956 31,SK0236556149,Krušovce,Krusovce,,SK0236,Topoľčany,SK023,Nitriansky,48.59193,18.20664,820,820,
95631,956 31,SK0236556351,Horné Chlebany,Horne Chlebany,,SK0236,Topoľčany,SK023,Nitriansky,48.60611,18.22361,176,176,
95632,956 32,SK0225505170,Nadlice,Nadlice,,SK0225,Partizánske,SK022,Trenčiansky,48.62157,18.24909,264,264,
95632,956 32,SK0225556173,Livina,Livina,,SK0225,Partizánske,SK022,Trenčiansky,48.64850,18.25107,56,56,
95632,956 32,SK0225556190,Livinské Opatovce,Livinske Opatovce,,SK0225,Partizánske,SK022,Trenčiansky,48.64901,18.23194,113,113,
95632,956 32,SK0236505439,Rajčany,Rajcany,,SK0236,Topoľčany,SK023,Nitriansky,48.61140,18.23287,252,252,
95633,956 33,SK0225505315,Partizánske,Partizanske,,SK0225,Partizánske,SK022,Trenčiansky,48.62452,18.39758,1,2,
95633,956 33,SK0225543004,Chynorany,Chynorany,,SK0225,Partizánske,SK022,Trenčiansky,48.60915,18.27267,1043,1043,
95634,956 34,SK0225505307,Ostratice,Ostratice,,SK0225,Partizánske,SK022,Trenčiansky,48.64741,18.27620,320,320,
95635,956 35,SK0221505200,Nedašovce,Nedasovce,,SK0221,Bánovce nad Bebravou,SK022,Trenčiansky,48.66901,18.31265,208,208,
95635,956 35,SK0221505382,Pravotice,Pravotice,,SK0221,Bánovce nad Bebravou,SK022,Trenčiansky,48.68241,18.29219,174,174,
95635,956 35,SK0221505765,Vysočany,Vysocany,,SK0221,Bánovce nad Bebravou,SK022,Trenčiansky,48.68121,18.31743,111,111,
95636,956 36,SK0221505331,Pečeňany,Pecenany,,SK0221,Bánovce nad Bebravou,SK022,Trenčiansky,48.67503,18.22686,242,242,
95636,956 36,SK0221505455,Rybany,Rybany,,SK0221,Bánovce nad Bebravou,SK022,Trenčiansky,48.66727,18.25808,512,512,
95636,956 36,SK0221556793,Borčany,Borcany,,SK0221,Bánovce nad Bebravou,SK022,Trenčiansky,48.65794,18.21845,116,116,
95637,956 37,SK0221505102,Malé Hoste,Male Hoste,,SK0221,Bánovce nad Bebravou,SK022,Trenčiansky,48.69850,18.13688,204,204,
95637,956 37,SK0221505790,Zlatníky,Zlatniky,,SK0221,Bánovce nad Bebravou,SK022,Trenčiansky,48.71254,18.12006,367,367,
95637,956 37,SK0221542776,Cimenná,Cimenna,,SK0221,Bánovce nad Bebravou,SK022,Trenčiansky,48.72794,18.14165,37,37,
95638,956 38,SK0221505552,Šišov,Sisov,,SK0221,Bánovce nad Bebravou,SK022,Trenčiansky,48.65658,18.18244,234,234,
95638,956 38,SK0221505684,Veľké Hoste,Velke Hoste,,SK0221,Bánovce nad Bebravou,SK022,Trenčiansky,48.68020,18.15746,217,217,
95638,956 38,SK0221556360,Libichava,Libichava,,SK0221,Bánovce nad Bebravou,SK022,Trenčiansky,48.67100,18.16992,71,71,
95638,956 38,SK0221556408,Chudá Lehota,Chuda Lehota,,SK0221,Bánovce nad Bebravou,SK022,Trenčiansky,48.64785,18.19717,101,101,
95638,956 38,SK0221556742,Pochabany,Pochabany,,SK0221,Bánovce nad Bebravou,SK022,Trenčiansky,48.69064,18.14587,117,117,
95638,956 38,SK0236505251,Norovce,Norovce,,SK0236,Topoľčany,SK023,Nitriansky,48.63267,18.17937,169,169,
95638,956 38,SK0236556327,Solčianky,Solcianky,,SK0236,Topoľčany,SK023,Nitriansky,48.61939,18.19845,119,119,
95641,956 41,SK0221505277,Omastiná,Omastina,,SK0221,Bánovce nad Bebravou,SK022,Trenčiansky,48.77780,18.38916,84,84,
95641,956 41,SK0221505625,Uhrovec,Uhrovec,,SK0221,Bánovce nad Bebravou,SK022,Trenčiansky,48.74388,18.33890,523,523,
95641,956 41,SK0221505633,Uhrovské Podhradie,Uhrovske Podhradie,,SK0221,Bánovce nad Bebravou,SK022,Trenčiansky,48.76360,18.37986,92,92,
95641,956 41,SK0221505811,Žitná-Radiša,Zitna-Radisa,,SK0221,Bánovce nad Bebravou,SK022,Trenčiansky,48.76770,18.34632,247,247,
95641,956 41,SK0221542920,Horné Naštice,Horne Nastice,,SK0221,Bánovce nad Bebravou,SK022,Trenčiansky,48.73497,18.29719,291,291,
95641,956 41,SK0221543136,Kšinná,Ksinna,,SK0221,Bánovce nad Bebravou,SK022,Trenčiansky,48.81146,18.35469,452,452,
95652,956 52,SK0221505358,Podlužany,Podluzany,,SK0221,Bánovce nad Bebravou,SK022,Trenčiansky,48.76976,18.24023,470,470,
95652,956 52,SK0221505579,Timoradza,Timoradza,,SK0221,Bánovce nad Bebravou,SK022,Trenčiansky,48.81102,18.23575,233,233,
95653,956 53,SK0221505471,Slatina nad Bebravou,Slatina nad Bebravou,,SK0221,Bánovce nad Bebravou,SK022,Trenčiansky,48.83620,18.26401,227,227,
95653,956 53,SK0221505480,Slatinka nad Bebravou,Slatinka nad Bebravou,,SK0221,Bánovce nad Bebravou,SK022,Trenčiansky,48.84543,18.24208,145,145,
95653,956 53,SK0221505544,Šípkov,Sipkov,,SK0221,Bánovce nad Bebravou,SK022,Trenčiansky,48.85206,18.29473,195,195,
95653,956 53,SK0221505595,Trebichava,Trebichava,,SK0221,Bánovce nad Bebravou,SK022,Trenčiansky,48.82189,18.30107,113,113,
95653,956 53,SK0221542806,Čierna Lehota,Cierna Lehota,,SK0221,Bánovce nad Bebravou,SK022,Trenčiansky,48.86677,18.33325,170,170,
95653,956 53,SK0221543080,Krásna Ves,Krasna Ves,,SK0221,Bánovce nad Bebravou,SK022,Trenčiansky,48.83470,18.23230,301,301,
95654,956 54,SK0221505072,Malá Hradná,Mala Hradna,,SK0221,Bánovce nad Bebravou,SK022,Trenčiansky,48.75903,18.16448,223,223,
95654,956 54,SK0221505447,Ruskovce,Ruskovce,,SK0221,Bánovce nad Bebravou,SK022,Trenčiansky,48.74385,18.19130,227,227,
95654,956 54,SK0221545651,Veľké Držkovce,Velke Drzkovce,,SK0221,Bánovce nad Bebravou,SK022,Trenčiansky,48.73490,18.16668,318,318,
95655,956 55,SK0221505692,Veľké Chlievany,Velke Chlievany,,SK0221,Bánovce nad Bebravou,SK022,Trenčiansky,48.70355,18.22443,224,224,
95655,956 55,SK0221542873,Dvorec,Dvorec,,SK0221,Bánovce nad Bebravou,SK022,Trenčiansky,48.71237,18.21321,233,233,
95655,956 55,SK0221542890,Haláčovce,Halacovce,,SK0221,Bánovce nad Bebravou,SK022,Trenčiansky,48.70255,18.19511,137,137,
95655,956 55,SK0221556289,Otrhánky,Otrhanky,,SK0221,Bánovce nad Bebravou,SK022,Trenčiansky,48.69359,18.20501,154,154,
95701,957 01,SK0221505153,Miezgovce,Miezgovce,,SK0221,Bánovce nad Bebravou,SK022,Trenčiansky,48.72008,18.31290,135,135,
95701,957 01,SK0221505625,Uhrovec,Uhrovec,,SK0221,Bánovce nad Bebravou,SK022,Trenčiansky,48.70691,18.35623,45,45,
95701,957 01,SK0221542652,Bánovce nad Bebravou,Banovce nad Bebravou,,SK0221,Bánovce nad Bebravou,SK022,Trenčiansky,48.72094,18.25457,2074,4148,
95701,957 01,SK0221542741,Brezolupy,Brezolupy,,SK0221,Bánovce nad Bebravou,SK022,Trenčiansky,48.69983,18.30374,230,230,
95701,957 01,SK0221542849,Dolné Naštice,Dolne Nastice,,SK0221,Bánovce nad Bebravou,SK022,Trenčiansky,48.69297,18.25012,200,200,
95701,957 01,SK0225505315,Partizánske,Partizanske,,SK0225,Partizánske,SK022,Trenčiansky,48.62430,18.38630,1,2,
95703,957 03,SK0221505056,Ľutov,Lutov,,SK0221,Bánovce nad Bebravou,SK022,Trenčiansky,48.77599,18.28120,86,86,
95703,957 03,SK0221505412,Prusy,Prusy,,SK0221,Bánovce nad Bebravou,SK022,Trenčiansky,48.75917,18.26137,276,276,
95703,957 03,SK0221542652,Bánovce nad Bebravou,Banovce nad Bebravou,,SK0221,Bánovce nad Bebravou,SK022,Trenčiansky,48.73661,18.23519,192,384,
95703,957 03,SK0221542822,Dežerice,Dezerice,,SK0221,Bánovce nad Bebravou,SK022,Trenčiansky,48.76332,18.21342,517,517,
95703,957 03,SK0221542857,Dubnička,Dubnicka,,SK0221,Bánovce nad Bebravou,SK022,Trenčiansky,48.76819,18.30455,73,73,
95704,957 04,SK0221542652,Bánovce nad Bebravou,Banovce nad Bebravou,,SK0221,Bánovce nad Bebravou,SK022,Trenčiansky,48.73023,18.25227,182,364,
95801,958 01,SK0225505315,Partizánske,Partizanske,,SK0225,Partizánske,SK022,Trenčiansky,48.62530,18.37515,1977,3954,
95801,958 01,SK0225505323,Pažiť,Pazit,,SK0225,Partizánske,SK022,Trenčiansky,48.62923,18.43284,3,3,200-202
95801,958 01,SK0229505820,Trenčín,Trencin,,SK0229,Trenčín,SK022,Trenčiansky,48.89737,18.02112,2,4,
95803,958 03,SK0225505129,Malé Kršteňany,Male Krstenany,,SK0225,Partizánske,SK022,Trenčiansky,48.63865,18.42529,260,260,
95803,958 03,SK0225505315,Partizánske,Partizanske,,SK0225,Partizánske,SK022,Trenčiansky,48.63174,18.38944,844,1688,
95803,958 03,SK0225505323,Pažiť,Pazit,,SK0225,Partizánske,SK022,Trenčiansky,48.63165,18.43391,205,205,"1-199, 203-214"
95803,958 03,SK0225505706,Veľké Kršteňany,Velke Krstenany,,SK0225,Partizánske,SK022,Trenčiansky,48.64531,18.41289,216,216,
95803,958 03,SK0225580953,Malé Uherce,Male Uherce,,SK0225,Partizánske,SK022,Trenčiansky,48.62073,18.40199,486,486,
95804,958 04,SK0225505315,Partizánske,Partizanske,,SK0225,Partizánske,SK022,Trenčiansky,48.63169,18.35283,968,1936,
95806,958 06,SK0225505315,Partizánske,Partizanske,,SK0225,Partizánske,SK022,Trenčiansky,48.62120,18.39447,327,654,
95806,958 06,SK0229505820,Trenčín,Trencin,,SK0229,Trenčín,SK022,Trenčiansky,48.90660,17.98863,1,2,
95841,958 41,SK0225505315,Partizánske,Partizanske,,SK0225,Partizánske,SK022,Trenčiansky,48.63253,18.35559,2,4,
95841,958 41,SK0225505722,Veľké Uherce,Velke Uherce,,SK0225,Partizánske,SK022,Trenčiansky,48.60308,18.44260,1007,1007,
95841,958 41,SK0225543055,Kolačno,Kolacno,,SK0225,Partizánske,SK022,Trenčiansky,48.59296,18.42563,406,406,
95841,958 41,SK0226512842,Považská Bystrica,Povazska Bystrica,,SK0226,Považská Bystrica,SK022,Trenčiansky,49.14417,18.48177,1,2,
95842,958 42,SK0225580449,Brodzany,Brodzany,,SK0225,Partizánske,SK022,Trenčiansky,48.60848,18.34234,423,423,
95843,958 43,SK0225505196,Nedanovce,Nedanovce,,SK0225,Partizánske,SK022,Trenčiansky,48.59379,18.29590,259,259,
95843,958 43,SK0225556246,Krásno,Krasno,,SK0225,Partizánske,SK022,Trenčiansky,48.59665,18.30912,185,185,
95844,958 44,SK0225543047,Klátova Nová Ves,Klatova Nova Ves,,SK0225,Partizánske,SK022,Trenčiansky,48.56358,18.30933,719,719,
95844,958 44,SK0225556271,Turčianky,Turcianky,,SK0225,Partizánske,SK022,Trenčiansky,48.58176,18.32125,65,65,
95845,958 45,SK0225505731,Veľký Klíž,Velky Kliz,,SK0225,Partizánske,SK022,Trenčiansky,48.55408,18.36803,501,501,
95845,958 45,SK0225556416,Ješkova Ves,Jeskova Ves,,SK0225,Partizánske,SK022,Trenčiansky,48.54867,18.34462,237,237,
95852,958 52,SK0225505803,Žabokreky nad Nitrou,Zabokreky nad Nitrou,,SK0225,Partizánske,SK022,Trenčiansky,48.62331,18.30062,657,657,
95853,958 53,SK0225505463,Skačany,Skacany,,SK0225,Partizánske,SK022,Trenčiansky,48.66261,18.37823,513,513,
95854,958 54,SK0225542962,Hradište,Hradiste,,SK0225,Partizánske,SK022,Trenčiansky,48.68386,18.37465,376,376,
96001,960 01,SK032B518158,Zvolen,Zvolen,,SK032B,Zvolen,SK032,Banskobystrický,48.57425,19.13844,10338,20676,
96001,960 01,SK032B518298,Dobrá Niva,Dobra Niva,,SK032B,Zvolen,SK032,Banskobystrický,48.49101,19.17812,12,12,
96001,960 01,SK032B558133,Lieskovec,Lieskovec,,SK032B,Zvolen,SK032,Banskobystrický,48.57626,19.17131,40,40,
96201,962 01,SK032B518972,Zvolenská Slatina,Zvolenska Slatina,,SK032B,Zvolen,SK032,Banskobystrický,48.56341,19.26243,1475,1475,
96202,962 02,SK0324518921,Vígľaš,Viglas,,SK0324,Detva,SK032,Banskobystrický,48.55509,19.29337,608,608,
96204,962 04,SK0324518549,Kriváň,Krivan,,SK0324,Detva,SK032,Banskobystrický,48.52892,19.44711,751,751,
96204,962 04,SK0324580520,Korytárky,Korytarky,,SK0324,Detva,SK032,Banskobystrický,48.54728,19.47225,724,724,
96205,962 05,SK0324518271,Detvianska Huta,Detvianska Huta,,SK0324,Detva,SK032,Banskobystrický,48.57227,19.59743,696,696,
96205,962 05,SK0324518468,Hriňová,Hrinova,,SK0324,Detva,SK032,Banskobystrický,48.57707,19.51449,3686,7372,
96212,962 12,SK0324518263,Detva,Detva,,SK0324,Detva,SK032,Banskobystrický,48.54861,19.41528,4752,9504,
96212,962 12,SK0324518379,Dúbravy,Dubravy,,SK0324,Detva,SK032,Banskobystrický,48.59167,19.36607,606,606,
96212,962 12,SK0324518824,Stožok,Stozok,,SK0324,Detva,SK032,Banskobystrický,48.53022,19.35876,639,639,"2-7, 11-13, 16-832"
96212,962 12,SK0324518921,Vígľaš,Viglas,,SK0324,Detva,SK032,Banskobystrický,48.54769,19.31663,235,235,
96212,962 12,SK0329515442,Rimavská Seč,Rimavska Sec,,SK0329,Rimavská Sobota,SK032,Banskobystrický,48.30469,20.24546,1,1,172
96212,962 12,SK032B518662,Očová,Ocova,,SK032B,Zvolen,SK032,Banskobystrický,48.60305,19.30228,852,852,
96221,962 21,SK032B518158,Zvolen,Zvolen,,SK032B,Zvolen,SK032,Banskobystrický,48.59853,19.21915,266,532,
96221,962 21,SK032B558133,Lieskovec,Lieskovec,,SK032B,Zvolen,SK032,Banskobystrický,48.57787,19.18792,610,610,
96223,962 23,SK032B518662,Očová,Ocova,,SK032B,Zvolen,SK032,Banskobystrický,48.60143,19.29057,1010,1010,
96225,962 25,SK0324518492,Klokoč,Klokoc,,SK0324,Detva,SK032,Banskobystrický,48.50403,19.33799,367,367,
96225,962 25,SK0324518794,Slatinské Lazy,Slatinske Lazy,,SK0324,Detva,SK032,Banskobystrický,48.50248,19.30378,328,328,
96225,962 25,SK0324518816,Stará Huta,Stara Huta,,SK0324,Detva,SK032,Banskobystrický,48.47128,19.34410,436,436,
96225,962 25,SK0324518824,Stožok,Stozok,,SK0324,Detva,SK032,Banskobystrický,48.50486,19.36276,4,4,"8-10, 15"
96225,962 25,SK0324518930,Vígľašská Huta-Kalinka,Viglasska Huta-Kalinka,,SK0324,Detva,SK032,Banskobystrický,48.48938,19.27591,330,330,
96231,962 31,SK032B518760,Sielnica,Sielnica,,SK032B,Zvolen,SK032,Banskobystrický,48.63567,19.10930,719,719,
96231,962 31,SK032B518808,Sliač,Sliac,,SK032B,Zvolen,SK032,Banskobystrický,48.61411,19.14542,1630,3260,
96231,962 31,SK032B558087,Lukavica,Lukavica,,SK032B,Zvolen,SK032,Banskobystrický,48.64162,19.20937,137,137,
96231,962 31,SK032B581585,Veľká Lúka,Velka Luka,,SK032B,Zvolen,SK032,Banskobystrický,48.62935,19.16726,367,367,
96233,962 33,SK032B518204,Budča,Budca,,SK032B,Zvolen,SK032,Banskobystrický,48.57438,19.06762,691,691,
96234,962 34,SK032B518875,Tŕnie,Trnie,,SK032B,Zvolen,SK032,Banskobystrický,48.60509,19.03048,259,259,
96234,962 34,SK032B518891,Turová,Turova,,SK032B,Zvolen,SK032,Banskobystrický,48.59967,19.05925,300,300,
96234,962 34,SK032B518981,Železná Breznica,Zelezna Breznica,,SK032B,Zvolen,SK032,Banskobystrický,48.61498,19.01083,354,354,
96237,962 37,SK032B518506,Kováčová,Kovacova,,SK032B,Zvolen,SK032,Banskobystrický,48.60216,19.10138,815,815,
96237,962 37,SK032B518808,Sliač,Sliac,,SK032B,Zvolen,SK032,Banskobystrický,48.60840,19.10605,34,68,
96241,962 41,SK0325518212,Bzovík,Bzovik,,SK0325,Krupina,SK032,Banskobystrický,48.32112,19.09129,496,496,
96241,962 41,SK0325518255,Čekovce,Cekovce,,SK0325,Krupina,SK032,Banskobystrický,48.35565,19.12343,265,265,
96241,962 41,SK0325518301,Dolné Mladonice,Dolne Mladonice,,SK0325,Krupina,SK032,Banskobystrický,48.34000,19.13094,142,142,
96241,962 41,SK0325518484,Jalšovík,Jalsovik,,SK0325,Krupina,SK032,Banskobystrický,48.31699,19.10570,189,189,
96241,962 41,SK0325518514,Kozí Vrbovok,Kozi Vrbovok,,SK0325,Krupina,SK032,Banskobystrický,48.30073,19.11689,99,99,
96241,962 41,SK0325518905,Uňatín,Unatin,,SK0325,Krupina,SK032,Banskobystrický,48.29541,19.06313,127,127,
96241,962 41,SK0325518956,Zemiansky Vrbovok,Zemiansky Vrbovok,,SK0325,Krupina,SK032,Banskobystrický,48.32523,19.14401,103,103,
96243,962 43,SK0325518433,Horné Mladonice,Horne Mladonice,,SK0325,Krupina,SK032,Banskobystrický,48.34802,19.15323,168,168,
96243,962 43,SK0325518751,Senohrad,Senohrad,,SK0325,Krupina,SK032,Banskobystrický,48.35733,19.19899,511,511,
96244,962 44,SK0325518565,Lackov,Lackov,,SK0325,Krupina,SK032,Banskobystrický,48.32353,19.18912,80,80,
96244,962 44,SK0325518611,Litava,Litava,,SK0325,Krupina,SK032,Banskobystrický,48.29316,19.18461,435,435,
96244,962 44,SK0325518883,Trpín,Trpin,,SK0325,Krupina,SK032,Banskobystrický,48.29482,19.13732,77,77,
96251,962 51,SK0325518247,Čabradský Vrbovok,Cabradsky Vrbovok,,SK0325,Krupina,SK032,Banskobystrický,48.25574,19.08404,204,204,
96251,962 51,SK0325518310,Dolný Badín,Dolny Badin,,SK0325,Krupina,SK032,Banskobystrický,48.26833,19.06606,177,177,
96251,962 51,SK0325518352,Drienovo,Drienovo,,SK0325,Krupina,SK032,Banskobystrický,48.22997,19.06283,149,149,
96251,962 51,SK0325518441,Horný Badín,Horny Badin,,SK0325,Krupina,SK032,Banskobystrický,48.27836,19.07476,126,126,
96251,962 51,SK0325518743,Selce,Selce,,SK0325,Krupina,SK032,Banskobystrický,48.25550,19.04243,107,107,
96252,962 52,SK0325518239,Cerovo,Cerovo,,SK0325,Krupina,SK032,Banskobystrický,48.25340,19.17211,326,326,
96255,962 55,SK0325518701,Rykynčice,Rykyncice,,SK0325,Krupina,SK032,Banskobystrický,48.20019,18.97100,478,478,
96261,962 61,SK032B518166,Babiná,Babina,,SK032B,Zvolen,SK032,Banskobystrický,48.43446,19.09047,282,282,
96261,962 61,SK032B518174,Bacúrov,Bacurov,,SK032B,Zvolen,SK032,Banskobystrický,48.51975,19.05908,98,98,
96261,962 61,SK032B518191,Breziny,Breziny,,SK032B,Zvolen,SK032,Banskobystrický,48.51277,19.08429,149,149,
96261,962 61,SK032B518298,Dobrá Niva,Dobra Niva,,SK032B,Zvolen,SK032,Banskobystrický,48.47264,19.10264,876,876,
96261,962 61,SK032B518361,Dubové,Dubove,,SK032B,Zvolen,SK032,Banskobystrický,48.50564,19.04652,188,188,
96261,962 61,SK032B518654,Michalková,Michalkova,,SK032B,Zvolen,SK032,Banskobystrický,48.50784,19.14884,71,71,
96261,962 61,SK032B518671,Ostrá Lúka,Ostra Luka,,SK032B,Zvolen,SK032,Banskobystrický,48.54587,19.05220,178,178,
96261,962 61,SK032B518697,Podzámčok,Podzamcok,,SK032B,Zvolen,SK032,Banskobystrický,48.50123,19.10669,276,276,
96262,962 62,SK032B518221,Bzovská Lehôtka,Bzovska Lehotka,,SK032B,Zvolen,SK032,Banskobystrický,48.41362,19.13137,82,82,
96262,962 62,SK032B518727,Sása,Sasa,,SK032B,Zvolen,SK032,Banskobystrický,48.43570,19.13330,482,482,
96263,962 63,SK032B518581,Lešť (vojenský obvod),Lest (vojensky obvod),,SK032B,Zvolen,SK032,Banskobystrický,48.39414,19.24602,13,13,"27-68, 165-175"
96263,962 63,SK032B518689,Pliešovce,Pliesovce,,SK032B,Zvolen,SK032,Banskobystrický,48.42721,19.16849,1597,1597,
96265,962 65,SK0325518280,Devičie,Devicie,,SK0325,Krupina,SK032,Banskobystrický,48.30899,19.02600,184,184,
96265,962 65,SK0325518336,Domaníky,Domaniky,,SK0325,Krupina,SK032,Banskobystrický,48.26358,18.98984,100,100,
96265,962 65,SK0325518417,Hontianske Nemce,Hontianske Nemce,,SK0325,Krupina,SK032,Banskobystrický,48.29107,18.98698,928,928,
96265,962 65,SK0325518531,Kráľovce-Krnišov,Kralovce-Krnisov,,SK0325,Krupina,SK032,Banskobystrický,48.35144,18.97586,138,138,
96265,962 65,SK0325518573,Ladzany,Ladzany,,SK0325,Krupina,SK032,Banskobystrický,48.26721,18.90461,231,231,
96265,962 65,SK0325518646,Medovarce,Medovarce,,SK0325,Krupina,SK032,Banskobystrický,48.23369,19.00192,157,157,
96266,962 66,SK0325518735,Sebechleby,Sebechleby,,SK0325,Krupina,SK032,Banskobystrický,48.27874,18.94912,703,703,
96268,962 68,SK0325518344,Drážovce,Drazovce,,SK0325,Krupina,SK032,Banskobystrický,48.25178,18.90658,72,72,
96268,962 68,SK0325518425,Hontianske Tesáre,Hontianske Tesare,,SK0325,Krupina,SK032,Banskobystrický,48.20771,18.92336,660,660,
96268,962 68,SK0325518867,Terany,Terany,,SK0325,Krupina,SK032,Banskobystrický,48.18145,18.89800,340,340,
96271,962 71,SK0325518387,Dudince,Dudince,,SK0325,Krupina,SK032,Banskobystrický,48.16906,18.88899,730,1460,
96271,962 71,SK0325518409,Hontianske Moravce,Hontianske Moravce,,SK0325,Krupina,SK032,Banskobystrický,48.18698,18.84891,380,380,
96271,962 71,SK0325518603,Lišov,Lisov,,SK0325,Krupina,SK032,Banskobystrický,48.22735,18.86522,187,187,
96271,962 71,SK0325518832,Sudince,Sudince,,SK0325,Krupina,SK032,Banskobystrický,48.21324,18.87326,80,80,
96271,962 71,SK0325518841,Súdovce,Sudovce,,SK0325,Krupina,SK032,Banskobystrický,48.21042,18.83474,172,172,
96275,962 75,SK0324518450,Horný Tisovník,Horny Tisovnik,,SK0324,Detva,SK032,Banskobystrický,48.43263,19.34830,354,354,
96301,963 01,SK0325518557,Krupina,Krupina,,SK0325,Krupina,SK032,Banskobystrický,48.35753,19.06349,3404,6808,
96301,963 01,SK0325518999,Žibritov,Zibritov,,SK0325,Krupina,SK032,Banskobystrický,48.39105,18.98255,126,126,
96501,965 01,SK032D516589,Žiar nad Hronom,Ziar nad Hronom,,SK032D,Žiar nad Hronom,SK032,Banskobystrický,48.58942,18.85471,2034,4068,
96501,965 01,SK032D517267,Stará Kremnička,Stara Kremnicka,,SK032D,Žiar nad Hronom,SK032,Banskobystrický,48.60435,18.88915,411,411,
96501,965 01,SK032D599328,Ladomerská Vieska,Ladomerska Vieska,,SK032D,Žiar nad Hronom,SK032,Banskobystrický,48.57588,18.87546,502,502,
96601,966 01,SK032D516708,Bzenica,Bzenica,,SK032D,Žiar nad Hronom,SK032,Banskobystrický,48.52987,18.74139,333,333,"1-289, 299, 332-336, 338-342, 344-369, 371-375, 378-398"
96601,966 01,SK032D516741,Dolná Ždaňa,Dolna Zdana,,SK032D,Žiar nad Hronom,SK032,Banskobystrický,48.54693,18.76302,273,273,
96601,966 01,SK032D516767,Hliník nad Hronom,Hlinik nad Hronom,,SK032D,Žiar nad Hronom,SK032,Banskobystrický,48.53777,18.78512,1012,1012,
96601,966 01,SK032D517011,Lehôtka pod Brehmi,Lehotka pod Brehmi,,SK032D,Žiar nad Hronom,SK032,Banskobystrický,48.54252,18.80620,181,181,
96601,966 01,SK032D517186,Prestavlky,Prestavlky,,SK032D,Žiar nad Hronom,SK032,Banskobystrický,48.58576,18.75748,358,358,
96602,966 02,SK032D516708,Bzenica,Bzenica,,SK032D,Žiar nad Hronom,SK032,Banskobystrický,48.51366,18.77546,13,13,"290-298, 300, 343, 370, 377"
96602,966 02,SK032D517364,Vyhne,Vyhne,,SK032D,Žiar nad Hronom,SK032,Banskobystrický,48.50465,18.80129,808,808,
96603,966 03,SK032D517216,Repište,Repiste,,SK032D,Žiar nad Hronom,SK032,Banskobystrický,48.51537,18.84566,231,231,
96603,966 03,SK032D517241,Sklené Teplice,Sklene Teplice,,SK032D,Žiar nad Hronom,SK032,Banskobystrický,48.52882,18.86304,333,333,
96604,966 04,SK032D516791,Horná Ždaňa,Horna Zdana,,SK032D,Žiar nad Hronom,SK032,Banskobystrický,48.56962,18.74830,264,264,
96604,966 04,SK032D517194,Prochot,Prochot,,SK032D,Žiar nad Hronom,SK032,Banskobystrický,48.61116,18.70710,380,380,
96611,966 11,SK032B518476,Hronská Breznica,Hronska Breznica,,SK032B,Zvolen,SK032,Banskobystrický,48.56775,18.99738,195,195,
96611,966 11,SK032D516821,Hronská Dúbrava,Hronska Dubrava,,SK032D,Žiar nad Hronom,SK032,Banskobystrický,48.57842,18.99123,281,281,
96611,966 11,SK032D517135,Pitelová,Pitelova,,SK032D,Žiar nad Hronom,SK032,Banskobystrický,48.59849,18.93036,298,298,
96611,966 11,SK032D517313,Trnavá Hora,Trnava Hora,,SK032D,Žiar nad Hronom,SK032,Banskobystrický,48.59072,18.95649,582,582,
96615,966 15,SK0322516627,Banská Belá,Banska Bela,,SK0322,Banská Štiavnica,SK032,Banskobystrický,48.47494,18.93502,575,575,
96615,966 15,SK0322516643,Banská Štiavnica,Banska Stiavnica,,SK0322,Banská Štiavnica,SK032,Banskobystrický,48.47287,18.91701,38,76,
96615,966 15,SK0322516953,Kozelník,Kozelnik,,SK0322,Banská Štiavnica,SK032,Banskobystrický,48.51254,18.99828,106,106,
96621,966 21,SK032D516724,Dolná Trnávka,Dolna Trnavka,,SK032D,Žiar nad Hronom,SK032,Banskobystrický,48.56117,18.78702,151,151,
96621,966 21,SK032D517020,Lovča,Lovca,,SK032D,Žiar nad Hronom,SK032,Banskobystrický,48.57269,18.81606,294,294,
96622,966 22,SK032D517259,Slaská,Slaska,,SK032D,Žiar nad Hronom,SK032,Banskobystrický,48.65904,18.83607,328,328,
96622,966 22,SK032D599336,Lutila,Lutila,,SK032D,Žiar nad Hronom,SK032,Banskobystrický,48.61529,18.84294,755,755,
96623,966 23,SK032D517038,Lovčica-Trubín,Lovcica-Trubin,,SK032D,Žiar nad Hronom,SK032,Banskobystrický,48.61747,18.78868,688,688,
96624,966 24,SK032D516872,Janova Lehota,Janova Lehota,,SK032D,Žiar nad Hronom,SK032,Banskobystrický,48.65696,18.78126,468,468,
96624,966 24,SK032D516945,Kosorín,Kosorin,,SK032D,Žiar nad Hronom,SK032,Banskobystrický,48.65070,18.80835,194,194,
96641,966 41,SK032C517330,Veľká Lehota,Velka Lehota,,SK032C,Žarnovica,SK032,Banskobystrický,48.45838,18.56130,641,641,
96642,966 42,SK032C517062,Malá Lehota,Mala Lehota,,SK032C,Žarnovica,SK032,Banskobystrický,48.49840,18.56948,631,631,
96651,966 51,SK032C517232,Rudno nad Hronom,Rudno nad Hronom,,SK032C,Žarnovica,SK032,Banskobystrický,48.42608,18.68689,345,345,
96652,966 52,SK032C517291,Tekovská Breznica,Tekovska Breznica,,SK032C,Žarnovica,SK032,Banskobystrický,48.38542,18.61724,631,631,
96652,966 52,SK032C580546,Orovnica,Orovnica,,SK032C,Žarnovica,SK032,Banskobystrický,48.38872,18.60007,268,268,
96653,966 53,SK032C516830,Hronský Beňadik,Hronsky Benadik,,SK032C,Žarnovica,SK032,Banskobystrický,48.34677,18.55846,942,942,
96654,966 54,SK0237517305,Tekovské Nemce,Tekovske Nemce,,SK0237,Zlaté Moravce,SK023,Nitriansky,48.35569,18.52946,451,451,
96661,966 61,SK032C516759,Hodruša-Hámre,Hodrusa-Hamre,,SK032C,Žarnovica,SK032,Banskobystrický,48.45282,18.77954,848,848,other
96663,966 63,SK032C516759,Hodruša-Hámre,Hodrusa-Hamre,,SK032C,Žarnovica,SK032,Banskobystrický,48.46044,18.81415,428,428,"359, 361-381, 383-700, 702-712, 714-728, 730, 732-737, 739-742, 744, 746, 749-752, 754-776, 779-787, 789-792, 794-801, 804, 808-810, 812, 813, 819, 832, 833, 837, 1103, 1145, 1227, 1253, 1385, 1386, 1396, 1401-1403, 1407, 1408"
96671,966 71,SK032C516805,Horné Hámre,Horne Hamre,,SK032C,Žarnovica,SK032,Banskobystrický,48.49766,18.66540,471,471,other
96671,966 71,SK032C517399,Župkov,Zupkov,,SK032C,Žarnovica,SK032,Banskobystrický,48.52652,18.64313,389,389,
96674,966 74,SK032C517348,Veľké Pole,Velke Pole,,SK032C,Žarnovica,SK032,Banskobystrický,48.54498,18.56057,310,310,"1-172, 174-314"
96677,966 77,SK032C516902,Kľak,Klak,,SK032C,Žarnovica,SK032,Banskobystrický,48.58301,18.64204,182,182,
96677,966 77,SK032C517119,Ostrý Grúň,Ostry Grun,,SK032C,Žarnovica,SK032,Banskobystrický,48.56250,18.66324,340,340,
96678,966 78,SK032C516813,Hrabičov,Hrabicov,,SK032C,Žarnovica,SK032,Banskobystrický,48.53606,18.67035,325,325,
96681,966 81,SK032C516759,Hodruša-Hámre,Hodrusa-Hamre,,SK032C,Žarnovica,SK032,Banskobystrický,48.47015,18.72748,2,2,"818, 841"
96681,966 81,SK032C516805,Horné Hámre,Horne Hamre,,SK032C,Žarnovica,SK032,Banskobystrický,48.49351,18.68612,19,19,"318-329, 356, 368, 465, 492, 530, 547, 564"
96681,966 81,SK032C517127,Píla,Pila,,SK032C,Žarnovica,SK032,Banskobystrický,48.52099,18.59540,154,154,
96681,966 81,SK032C517348,Veľké Pole,Velke Pole,,SK032C,Žarnovica,SK032,Banskobystrický,48.53358,18.58576,1,1,173
96681,966 81,SK032C517356,Voznica,Voznica,,SK032C,Žarnovica,SK032,Banskobystrický,48.45944,18.70061,315,315,
96681,966 81,SK032C517381,Žarnovica,Zarnovica,,SK032C,Žarnovica,SK032,Banskobystrický,48.48336,18.71676,2192,4384,
96681,966 81,SK032D516708,Bzenica,Bzenica,,SK032D,Žiar nad Hronom,SK032,Banskobystrický,48.49311,18.74123,32,32,"301-331, 337"
96701,967 01,SK032D516660,Bartošova Lehôtka,Bartosova Lehotka,,SK032D,Žiar nad Hronom,SK032,Banskobystrický,48.65438,18.91258,251,251,
96701,967 01,SK032D516732,Dolná Ves,Dolna Ves,,SK032D,Žiar nad Hronom,SK032,Banskobystrický,48.66550,18.91291,124,124,
96701,967 01,SK032D516848,Ihráč,Ihrac,,SK032D,Žiar nad Hronom,SK032,Banskobystrický,48.65563,18.95266,220,220,
96701,967 01,SK032D516881,Jastrabá,Jastraba,,SK032D,Žiar nad Hronom,SK032,Banskobystrický,48.63267,18.93460,252,252,
96701,967 01,SK032D516937,Kopernica,Kopernica,,SK032D,Žiar nad Hronom,SK032,Banskobystrický,48.68098,18.87217,236,236,
96701,967 01,SK032D516961,Krahule,Krahule,,SK032D,Žiar nad Hronom,SK032,Banskobystrický,48.72748,18.94020,234,234,
96701,967 01,SK032D516970,Kremnica,Kremnica,,SK032D,Žiar nad Hronom,SK032,Banskobystrický,48.70330,18.91882,1136,2272,
96701,967 01,SK032D516988,Kremnické Bane,Kremnicke Bane,,SK032D,Žiar nad Hronom,SK032,Banskobystrický,48.73373,18.90797,183,183,
96701,967 01,SK032D516996,Kunešov,Kunesov,,SK032D,Žiar nad Hronom,SK032,Banskobystrický,48.73320,18.86963,134,134,
96701,967 01,SK032D517046,Lúčky,Lucky,,SK032D,Žiar nad Hronom,SK032,Banskobystrický,48.69728,18.89523,97,97,
96701,967 01,SK032D517089,Nevoľné,Nevolne,,SK032D,Žiar nad Hronom,SK032,Banskobystrický,48.67036,18.94340,185,185,
96701,967 01,SK032D581747,Horná Ves,Horna Ves,,SK032D,Žiar nad Hronom,SK032,Banskobystrický,48.67746,18.91083,183,183,
96801,968 01,SK0237517305,Tekovské Nemce,Tekovske Nemce,,SK0237,Zlaté Moravce,SK023,Nitriansky,48.40625,18.56323,9,9,
96801,968 01,SK032C516805,Horné Hámre,Horne Hamre,,SK032C,Žarnovica,SK032,Banskobystrický,48.48095,18.65368,49,49,"227-264, 332, 333, 342, 349, 527-529, 535, 537, 538, 561"
96801,968 01,SK032C517097,Nová Baňa,Nova Bana,,SK032C,Žarnovica,SK032,Banskobystrický,48.43096,18.63374,3646,7292,
96801,968 01,SK032C581607,Brehy,Brehy,,SK032C,Žarnovica,SK032,Banskobystrický,48.40415,18.65280,534,534,
96901,969 01,SK0322516601,Baďan,Badan,,SK0322,Banská Štiavnica,SK032,Banskobystrický,48.33228,18.84459,135,135,
96901,969 01,SK0322516643,Banská Štiavnica,Banska Stiavnica,,SK0322,Banská Štiavnica,SK032,Banskobystrický,48.45119,18.90357,4164,8328,
96901,969 01,SK0322516651,Banský Studenec,Bansky Studenec,,SK0322,Banská Štiavnica,SK032,Banskobystrický,48.44767,18.97468,480,480,
96901,969 01,SK0322516678,Beluj,Beluj,,SK0322,Banská Štiavnica,SK032,Banskobystrický,48.35215,18.89233,176,176,
96901,969 01,SK0322516716,Dekýš,Dekys,,SK0322,Banská Štiavnica,SK032,Banskobystrický,48.39646,18.81531,147,147,
96901,969 01,SK0322516856,Ilija,Ilija,,SK0322,Banská Štiavnica,SK032,Banskobystrický,48.41915,18.89987,264,264,
96901,969 01,SK0322517160,Počúvadlo,Pocuvadlo,,SK0322,Banská Štiavnica,SK032,Banskobystrický,48.36615,18.83431,145,145,
96901,969 01,SK0322517283,Štiavnické Bane,Stiavnicke Bane,,SK0322,Banská Štiavnica,SK032,Banskobystrický,48.43024,18.84576,210,210,"106, 279, 504, 601-639, 641-782, 784-791, 796-814, 1000-1006"
96901,969 01,SK0322517372,Vysoká,Vysoka,,SK0322,Banská Štiavnica,SK032,Banskobystrický,48.41239,18.79013,103,103,
96972,969 72,SK0322516597,Svätý Anton,Svaty Anton,,SK0322,Banská Štiavnica,SK032,Banskobystrický,48.41846,18.93902,688,688,
96973,969 73,SK0322517178,Prenčov,Prencov,,SK0322,Banská Štiavnica,SK032,Banskobystrický,48.36012,18.92361,364,364,
96981,969 81,SK0322517283,Štiavnické Bane,Stiavnicke Bane,,SK0322,Banská Štiavnica,SK032,Banskobystrický,48.43970,18.86725,707,707,other
96982,969 82,SK0322517071,Močiar,Mociar,,SK0322,Banská Štiavnica,SK032,Banskobystrický,48.54134,18.94639,140,140,
96982,969 82,SK0322517143,Podhorie,Podhorie,,SK0322,Banská Štiavnica,SK032,Banskobystrický,48.49806,18.92275,231,231,
97101,971 01,SK0227513881,Prievidza,Prievidza,,SK0227,Prievidza,SK022,Trenčiansky,48.77333,18.62213,9182,18364,
97101,971 01,SK0227513903,Bojnice,Bojnice,,SK0227,Prievidza,SK022,Trenčiansky,48.79331,18.62067,30,60,
97101,971 01,SK0227513920,Cigeľ,Cigel,,SK0227,Prievidza,SK022,Trenčiansky,48.71374,18.64155,438,438,
97101,971 01,SK0227514179,Malá Čausa,Mala Causa,,SK0227,Prievidza,SK022,Trenčiansky,48.79853,18.70128,325,325,
97101,971 01,SK0227514438,Veľká Čausa,Velka Causa,,SK0227,Prievidza,SK022,Trenčiansky,48.77722,18.69778,230,230,
97201,972 01,SK0227513903,Bojnice,Bojnice,,SK0227,Prievidza,SK022,Trenčiansky,48.78483,18.58431,1999,3998,
97201,972 01,SK0227514390,Šútovce,Sutovce,,SK0227,Prievidza,SK022,Trenčiansky,48.80093,18.53676,195,195,
97202,972 02,SK0227514098,Kocurany,Kocurany,,SK0227,Prievidza,SK022,Trenčiansky,48.77067,18.54353,189,189,
97202,972 02,SK0227514284,Opatovce nad Nitrou,Opatovce nad Nitrou,,SK0227,Prievidza,SK022,Trenčiansky,48.76269,18.57091,611,611,
97205,972 05,SK0227514373,Sebedražie,Sebedrazie,,SK0227,Prievidza,SK022,Trenčiansky,48.72984,18.62444,619,619,
97211,972 11,SK0227514128,Lazany,Lazany,,SK0227,Prievidza,SK022,Trenčiansky,48.82046,18.62020,754,754,
97211,972 11,SK0227514322,Poruba,Poruba,,SK0227,Prievidza,SK022,Trenčiansky,48.83126,18.59211,512,512,
97212,972 12,SK0227514209,Nedožery-Brezany,Nedozery-Brezany,,SK0227,Prievidza,SK022,Trenčiansky,48.81877,18.64709,825,825,
97213,972 13,SK0227514039,Chvojnica,Chvojnica,,SK0227,Prievidza,SK022,Trenčiansky,48.88410,18.55664,241,241,
97213,972 13,SK0227514187,Malinová,Malinova,,SK0227,Prievidza,SK022,Trenčiansky,48.85464,18.61361,413,413,
97213,972 13,SK0227514225,Nitrianske Pravno,Nitrianske Pravno,,SK0227,Prievidza,SK022,Trenčiansky,48.87310,18.63792,1173,1173,
97214,972 14,SK0227514411,Tužina,Tuzina,,SK0227,Prievidza,SK022,Trenčiansky,48.89574,18.61482,567,567,
97215,972 15,SK0227514080,Kľačno,Klacno,,SK0227,Prievidza,SK022,Trenčiansky,48.90984,18.65619,491,491,
97216,972 16,SK0227514314,Poluvsie,Poluvsie,,SK0227,Prievidza,SK022,Trenčiansky,48.84423,18.63853,243,243,
97216,972 16,SK0227514331,Pravenec,Pravenec,,SK0227,Prievidza,SK022,Trenčiansky,48.85063,18.64836,464,464,
97217,972 17,SK0227514071,Kanianka,Kanianka,,SK0227,Prievidza,SK022,Trenčiansky,48.81606,18.58530,897,897,
97221,972 21,SK0227514241,Nitrianske Sučany,Nitrianske Sucany,,SK0227,Prievidza,SK022,Trenčiansky,48.73230,18.46832,519,519,
97222,972 22,SK0227514012,Horné Vestenice,Horne Vestenice,,SK0227,Prievidza,SK022,Trenčiansky,48.71185,18.43073,269,269,
97222,972 22,SK0227514250,Nitrica,Nitrica,,SK0227,Prievidza,SK022,Trenčiansky,48.70525,18.45125,568,568,
97223,972 23,SK0227513989,Dolné Vestenice,Dolne Vestenice,,SK0227,Prievidza,SK022,Trenčiansky,48.70401,18.39899,494,494,
97224,972 24,SK0227513954,Diviacka Nová Ves,Diviacka Nova Ves,,SK0227,Prievidza,SK022,Trenčiansky,48.74856,18.49698,671,671,
97225,972 25,SK0227513962,Diviaky nad Nitricou,Diviaky nad Nitricou,,SK0227,Prievidza,SK022,Trenčiansky,48.76890,18.49304,795,795,
97226,972 26,SK0227513971,Dlžín,Dlzin,,SK0227,Prievidza,SK022,Trenčiansky,48.81039,18.51243,123,123,
97226,972 26,SK0227514101,Kostolná Ves,Kostolna Ves,,SK0227,Prievidza,SK022,Trenčiansky,48.80699,18.48941,298,298,
97226,972 26,SK0227514233,Nitrianske Rudno,Nitrianske Rudno,,SK0227,Prievidza,SK022,Trenčiansky,48.79616,18.47558,964,964,
97226,972 26,SK0227514365,Rudnianska Lehota,Rudnianska Lehota,,SK0227,Prievidza,SK022,Trenčiansky,48.80710,18.46330,291,291,
97226,972 26,SK0227514381,Seč,Sec,,SK0227,Prievidza,SK022,Trenčiansky,48.82081,18.50228,170,170,
97227,972 27,SK0227514144,Liešťany,Liestany,,SK0227,Prievidza,SK022,Trenčiansky,48.82837,18.47864,487,487,
97227,972 27,SK0227514217,Nevidzany,Nevidzany,,SK0227,Prievidza,SK022,Trenčiansky,48.84265,18.48659,155,155,
97228,972 28,SK0227514420,Valaská Belá,Valaska Bela,,SK0227,Prievidza,SK022,Trenčiansky,48.89086,18.39524,1523,1523,1-2005
97228,972 28,SK0229505820,Trenčín,Trencin,,SK0229,Trenčín,SK022,Trenčiansky,48.87635,18.04135,1,2,
97229,972 29,SK0227513938,Čavoj,Cavoj,,SK0227,Prievidza,SK022,Trenčiansky,48.88562,18.48842,471,471,
97229,972 29,SK0227514403,Temeš,Temes,,SK0227,Prievidza,SK022,Trenčiansky,48.86809,18.47732,145,145,
97231,972 31,SK0227513997,Handlová,Handlova,,SK0227,Prievidza,SK022,Trenčiansky,48.75523,18.73995,118,236,
97231,972 31,SK0227514357,Ráztočno,Raztocno,,SK0227,Prievidza,SK022,Trenčiansky,48.76952,18.75789,542,542,
97231,972 31,SK0227557714,Jalovec,Jalovec,,SK0227,Prievidza,SK022,Trenčiansky,48.77222,18.74410,259,259,
97232,972 32,SK0227514021,Chrenovec-Brusno,Chrenovec-Brusno,,SK0227,Prievidza,SK022,Trenčiansky,48.77590,18.72629,520,520,
97232,972 32,SK0227557706,Lipník,Lipnik,,SK0227,Prievidza,SK022,Trenčiansky,48.78044,18.71114,235,235,
97241,972 41,SK0227514110,Koš,Kos,,SK0227,Prievidza,SK022,Trenčiansky,48.73669,18.60278,313,313,
97242,972 42,SK0227514136,Lehota pod Vtáčnikom,Lehota pod Vtacnikom,,SK0227,Prievidza,SK022,Trenčiansky,48.69563,18.60524,1302,1302,
97242,972 42,SK0227514306,Podhradie,Podhradie,,SK0227,Prievidza,SK022,Trenčiansky,48.68485,18.63285,223,223,
97243,972 43,SK0227514454,Zemianske Kostoľany,Zemianske Kostolany,,SK0227,Prievidza,SK022,Trenčiansky,48.68411,18.52662,810,810,
97244,972 44,SK0227514063,Kamenec pod Vtáčnikom,Kamenec pod Vtacnikom,,SK0227,Prievidza,SK022,Trenčiansky,48.67205,18.54996,791,791,
97245,972 45,SK0227513911,Bystričany,Bystricany,,SK0227,Prievidza,SK022,Trenčiansky,48.65909,18.51447,806,806,
97246,972 46,SK0227513946,Čereňany,Cerenany,,SK0227,Prievidza,SK022,Trenčiansky,48.64433,18.48632,783,783,
97247,972 47,SK0227514292,Oslany,Oslany,,SK0227,Prievidza,SK022,Trenčiansky,48.63038,18.47145,1023,1023,
97248,972 48,SK0227514004,Horná Ves,Horna Ves,,SK0227,Prievidza,SK022,Trenčiansky,48.60429,18.49666,506,506,
97248,972 48,SK0227514349,Radobica,Radobica,,SK0227,Prievidza,SK022,Trenčiansky,48.57893,18.50309,334,334,
97251,972 51,SK0227513997,Handlová,Handlova,,SK0227,Prievidza,SK022,Trenčiansky,48.72797,18.75765,2602,5204,
97251,972 51,SK0227514357,Ráztočno,Raztocno,,SK0227,Prievidza,SK022,Trenčiansky,48.75363,18.79989,159,159,
97271,972 71,SK0227514268,Nováky,Novaky,,SK0227,Prievidza,SK022,Trenčiansky,48.71812,18.53919,1672,3344,
97401,974 01,SK0321508438,Banská Bystrica,Banska Bystrica,,SK0321,Banská Bystrica,SK032,Banskobystrický,48.73825,19.14502,7707,15414,
97401,974 01,SK0321508519,Čerín,Cerin,,SK0321,Banská Bystrica,SK032,Banskobystrický,48.66263,19.24638,247,247,
97401,974 01,SK0321508543,Dolná Mičiná,Dolna Micina,,SK0321,Banská Bystrica,SK032,Banskobystrický,48.67391,19.22242,196,196,
97401,974 01,SK0321508632,Horná Mičiná,Horna Micina,,SK0321,Banská Bystrica,SK032,Banskobystrický,48.69900,19.21291,276,276,
97401,974 01,SK0321508781,Môlča,Molca,,SK0321,Banská Bystrica,SK032,Banskobystrický,48.71199,19.22959,144,144,
97401,974 01,SK0321508969,Riečka,Riecka,,SK0321,Banská Bystrica,SK032,Banskobystrický,48.75699,19.07665,296,296,
97401,974 01,SK0321508977,Sebedín-Bečov,Sebedin-Becov,,SK0321,Banská Bystrica,SK032,Banskobystrický,48.63948,19.24014,152,152,
97401,974 01,SK0321509035,Špania Dolina,Spania Dolina,,SK0321,Banská Bystrica,SK032,Banskobystrický,48.80708,19.13164,237,237,
97401,974 01,SK0321557277,Kynceľová,Kyncelova,,SK0321,Banská Bystrica,SK032,Banskobystrický,48.75104,19.18620,165,165,
97401,974 01,SK0321557285,Nemce,Nemce,,SK0321,Banská Bystrica,SK032,Banskobystrický,48.76211,19.18576,333,333,
97404,974 04,SK0321508438,Banská Bystrica,Banska Bystrica,,SK0321,Banská Bystrica,SK032,Banskobystrický,48.73026,19.12024,1177,2354,
97405,974 05,SK0321508438,Banská Bystrica,Banska Bystrica,,SK0321,Banská Bystrica,SK032,Banskobystrický,48.71801,19.13115,4219,8438,
97405,974 05,SK0321508454,Badín,Badin,,SK0321,Banská Bystrica,SK032,Banskobystrický,48.67420,19.12856,19,19,
97405,974 05,SK0321508641,Horné Pršany,Horne Prsany,,SK0321,Banská Bystrica,SK032,Banskobystrický,48.69944,19.08424,162,162,
97405,974 05,SK0321580244,Malachov,Malachov,,SK0321,Banská Bystrica,SK032,Banskobystrický,48.71004,19.08772,557,557,
97409,974 09,SK0321508438,Banská Bystrica,Banska Bystrica,,SK0321,Banská Bystrica,SK032,Banskobystrický,48.74089,19.10565,1049,2098,
97411,974 11,SK0321508438,Banská Bystrica,Banska Bystrica,,SK0321,Banská Bystrica,SK032,Banskobystrický,48.75581,19.16076,1444,2888,
97602,976 02,SK0321508802,Motyčky,Motycky,,SK0321,Banská Bystrica,SK032,Banskobystrický,48.86143,19.17702,89,89,
97602,976 02,SK0321509019,Staré Hory,Stare Hory,,SK0321,Banská Bystrica,SK032,Banskobystrický,48.84018,19.12272,441,441,
97602,976 02,SK0321557269,Turecká,Turecka,,SK0321,Banská Bystrica,SK032,Banskobystrický,48.85054,19.08561,178,178,
97603,976 03,SK0321508551,Dolný Harmanec,Dolny Harmanec,,SK0321,Banská Bystrica,SK032,Banskobystrický,48.80815,19.05416,135,135,
97603,976 03,SK0321508594,Harmanec,Harmanec,,SK0321,Banská Bystrica,SK032,Banskobystrický,48.79555,19.07462,69,69,
97611,976 11,SK0321508471,Baláže,Balaze,,SK0321,Banská Bystrica,SK032,Banskobystrický,48.81495,19.19530,109,109,
97611,976 11,SK0321508942,Priechod,Priechod,,SK0321,Banská Bystrica,SK032,Banskobystrický,48.78118,19.23402,368,368,
97611,976 11,SK0321508985,Selce,Selce,,SK0321,Banská Bystrica,SK032,Banskobystrický,48.76348,19.20313,855,855,
97613,976 13,SK0321508799,Moštenica,Mostenica,,SK0321,Banská Bystrica,SK032,Banskobystrický,48.81588,19.28474,231,231,
97613,976 13,SK0321508861,Podkonice,Podkonice,,SK0321,Banská Bystrica,SK032,Banskobystrický,48.79992,19.25681,373,373,
97613,976 13,SK0321509001,Slovenská Ľupča,Slovenska Lupca,,SK0321,Banská Bystrica,SK032,Banskobystrický,48.76678,19.27409,1207,1207,
97631,976 31,SK0321557293,Vlkanová,Vlkanova,,SK0321,Banská Bystrica,SK032,Banskobystrický,48.66754,19.14930,532,532,
97631,976 31,SK0321580236,Hronsek,Hronsek,,SK0321,Banská Bystrica,SK032,Banskobystrický,48.65113,19.15729,331,331,
97632,976 32,SK0321508454,Badín,Badin,,SK0321,Banská Bystrica,SK032,Banskobystrický,48.66623,19.12021,969,969,
97633,976 33,SK0321508586,Dúbravica,Dubravica,,SK0321,Banská Bystrica,SK032,Banskobystrický,48.67871,19.27351,134,134,
97633,976 33,SK0321508837,Oravce,Oravce,,SK0321,Banská Bystrica,SK032,Banskobystrický,48.68467,19.26296,75,75,
97633,976 33,SK0321508918,Poniky,Poniky,,SK0321,Banská Bystrica,SK032,Banskobystrický,48.70962,19.29193,766,766,
97634,976 34,SK0321508438,Banská Bystrica,Banska Bystrica,,SK0321,Banská Bystrica,SK032,Banskobystrický,48.73943,19.02881,24,48,
97634,976 34,SK0321508713,Kordíky,Kordiky,,SK0321,Banská Bystrica,SK032,Banskobystrický,48.77234,19.02628,296,296,
97634,976 34,SK0321508721,Králiky,Kraliky,,SK0321,Banská Bystrica,SK032,Banskobystrický,48.73623,19.03284,419,419,
97634,976 34,SK0321508969,Riečka,Riecka,,SK0321,Banská Bystrica,SK032,Banskobystrický,48.75689,19.05457,58,58,
97634,976 34,SK0321509060,Tajov,Tajov,,SK0321,Banská Bystrica,SK032,Banskobystrický,48.74577,19.06609,511,511,
97637,976 37,SK0321508659,Hrochoť,Hrochot,,SK0321,Banská Bystrica,SK032,Banskobystrický,48.65556,19.31257,498,498,
97639,976 39,SK0321508560,Donovaly,Donovaly,,SK0321,Banská Bystrica,SK032,Banskobystrický,48.87619,19.22683,800,800,
97644,976 44,SK0323508811,Mýto pod Ďumbierom,Myto pod Dumbierom,,SK0323,Brezno,SK032,Banskobystrický,48.85494,19.63290,600,600,
97645,976 45,SK0323508667,Hronec,Hronec,,SK0323,Brezno,SK032,Banskobystrický,48.79646,19.57732,778,778,
97645,976 45,SK0323508845,Osrblie,Osrblie,,SK0323,Brezno,SK032,Banskobystrický,48.75560,19.52519,292,292,
97646,976 46,SK0323509086,Valaská,Valaska,,SK0323,Brezno,SK032,Banskobystrický,48.81154,19.57386,543,543,
97646,976 46,SK0326511218,Lučenec,Lucenec,,SK0326,Lučenec,SK032,Banskobystrický,48.32060,19.64254,1,2,
97652,976 52,SK0323508527,Čierny Balog,Cierny Balog,,SK0323,Brezno,SK032,Banskobystrický,48.74327,19.66589,2068,2068,
97653,976 53,SK0323508578,Drábsko,Drabsko,,SK0323,Brezno,SK032,Banskobystrický,48.65489,19.65871,206,206,
97653,976 53,SK0323508730,Lom nad Rimavicou,Lom nad Rimavicou,,SK0323,Brezno,SK032,Banskobystrický,48.64246,19.65756,195,195,
97653,976 53,SK0323508993,Sihla,Sihla,,SK0323,Brezno,SK032,Banskobystrický,48.65800,19.64127,125,125,
97653,976 53,SK0324518468,Hriňová,Hrinova,,SK0324,Detva,SK032,Banskobystrický,48.62683,19.61722,131,262,
97655,976 55,SK0321508748,Ľubietová,Lubietova,,SK0321,Banská Bystrica,SK032,Banskobystrický,48.74676,19.36471,759,759,
97655,976 55,SK0321508926,Povrazník,Povraznik,,SK0321,Banská Bystrica,SK032,Banskobystrický,48.71637,19.36524,88,88,
97655,976 55,SK0321509027,Strelníky,Strelniky,,SK0321,Banská Bystrica,SK032,Banskobystrický,48.72219,19.39382,322,322,
97656,976 56,SK0323508888,Pohronská Polhora,Pohronska Polhora,,SK0323,Brezno,SK032,Banskobystrický,48.75604,19.79966,642,642,
97657,976 57,SK0323508497,Brezno,Brezno,,SK0323,Brezno,SK032,Banskobystrický,48.77311,19.75663,9,18,
97657,976 57,SK0323508772,Michalová,Michalova,,SK0323,Brezno,SK032,Banskobystrický,48.76303,19.78112,496,496,
97661,976 61,SK0321508616,Hiadeľ,Hiadel,,SK0321,Banská Bystrica,SK032,Banskobystrický,48.80811,19.31656,240,240,
97661,976 61,SK0321508756,Lučatín,Lucatin,,SK0321,Banská Bystrica,SK032,Banskobystrický,48.78297,19.31944,286,286,
97662,976 62,SK0321508675,Brusno,Brusno,,SK0321,Banská Bystrica,SK032,Banskobystrický,48.79269,19.38382,755,755,
97662,976 62,SK0321508896,Pohronský Bukovec,Pohronsky Bukovec,,SK0321,Banská Bystrica,SK032,Banskobystrický,48.83706,19.37811,76,76,
97663,976 63,SK0323508934,Predajná,Predajna,,SK0323,Brezno,SK032,Banskobystrický,48.81481,19.46113,444,444,
97664,976 64,SK0323508446,Bacúch,Bacuch,,SK0323,Brezno,SK032,Banskobystrický,48.85669,19.80652,490,490,
97664,976 64,SK0323508462,Beňuš,Benus,,SK0323,Brezno,SK032,Banskobystrický,48.82856,19.74970,583,583,
97664,976 64,SK0323508489,Braväcovo,Bravacovo,,SK0323,Brezno,SK032,Banskobystrický,48.84017,19.74718,354,354,
97666,976 66,SK0323508900,Polomka,Polomka,,SK0323,Brezno,SK032,Banskobystrický,48.85380,19.85393,1278,1278,
97667,976 67,SK0323509124,Závadka nad Hronom,Zavadka nad Hronom,,SK0323,Brezno,SK032,Banskobystrický,48.85075,19.91431,809,809,
97668,976 68,SK0323508608,Heľpa,Helpa,,SK0323,Brezno,SK032,Banskobystrický,48.86328,19.97019,1016,1016,
97669,976 69,SK0323508870,Pohorelá,Pohorela,,SK0323,Brezno,SK032,Banskobystrický,48.86265,20.01656,963,963,
97669,976 69,SK0323509094,Vaľkovňa,Valkovna,,SK0323,Brezno,SK032,Banskobystrický,48.83399,20.06826,156,156,
97671,976 71,SK0323509043,Šumiac,Sumiac,,SK0323,Brezno,SK032,Banskobystrický,48.83954,20.13013,758,758,
97673,976 73,SK0323509051,Telgárt,Telgart,,SK0323,Brezno,SK032,Banskobystrický,48.85157,20.18697,553,553,
97675,976 75,SK0323508705,Jasenie,Jasenie,,SK0323,Brezno,SK032,Banskobystrický,48.83552,19.45998,543,543,
97675,976 75,SK0323508934,Predajná,Predajna,,SK0323,Brezno,SK032,Banskobystrický,48.82581,19.46322,54,54,
97681,976 81,SK0323508624,Horná Lehota,Horna Lehota,,SK0323,Brezno,SK032,Banskobystrický,48.85716,19.56748,924,924,
97681,976 81,SK0323508853,Podbrezová,Podbrezova,,SK0323,Brezno,SK032,Banskobystrický,48.81013,19.53554,840,840,
97681,976 81,SK0323509086,Valaská,Valaska,,SK0323,Brezno,SK032,Banskobystrický,48.81028,19.56514,678,678,
97696,976 96,SK0321508764,Medzibrod,Medzibrod,,SK0321,Banská Bystrica,SK032,Banskobystrický,48.79413,19.35461,533,533,
97697,976 97,SK0323508829,Nemecká,Nemecka,,SK0323,Brezno,SK032,Banskobystrický,48.81369,19.42510,771,771,
97697,976 97,SK0323508951,Ráztoka,Raztoka,,SK0323,Brezno,SK032,Banskobystrický,48.82144,19.40195,185,185,
97698,976 98,SK0323508535,Dolná Lehota,Dolna Lehota,,SK0323,Brezno,SK032,Banskobystrický,48.83594,19.50769,420,420,
97698,976 98,SK0323508853,Podbrezová,Podbrezova,,SK0323,Brezno,SK032,Banskobystrický,48.81656,19.50087,426,426,
97698,976 98,SK0323509086,Valaská,Valaska,,SK0323,Brezno,SK032,Banskobystrický,48.78795,19.59132,3,3,
97701,977 01,SK0323508497,Brezno,Brezno,,SK0323,Brezno,SK032,Banskobystrický,48.80544,19.64174,3895,7790,
97701,977 01,SK0323508691,Jarabá,Jaraba,,SK0323,Brezno,SK032,Banskobystrický,48.89206,19.70128,171,171,
97701,977 01,SK0323557251,Bystrá,Bystra,,SK0323,Brezno,SK032,Banskobystrický,48.84987,19.60501,290,290,
97703,977 03,SK0323508497,Brezno,Brezno,,SK0323,Brezno,SK032,Banskobystrický,48.78544,19.63989,766,1532,
97901,979 01,SK0329514462,Rimavská Sobota,Rimavska Sobota,,SK0329,Rimavská Sobota,SK032,Banskobystrický,48.38204,20.01747,7063,14126,
97901,979 01,SK0329514608,Čerenčany,Cerencany,,SK0329,Rimavská Sobota,SK032,Banskobystrický,48.40994,19.98764,232,232,
97901,979 01,SK0329515108,Kružno,Kruzno,,SK0329,Rimavská Sobota,SK032,Banskobystrický,48.41089,19.93252,152,152,
97901,979 01,SK0329515264,Ožďany,Ozdany,,SK0329,Rimavská Sobota,SK032,Banskobystrický,48.39133,19.95246,67,67,"419, 423-431, 436-441, 443-449, 451-458, 460-470, 482-484, 498, 528, 530, 558, 560, 564, 573, 600, 601, 610, 612, 614, 629, 657, 660-662, 700, 706, 717, 718, 790, 791"
97901,979 01,SK0329515469,Rimavské Janovce,Rimavske Janovce,,SK0329,Rimavská Sobota,SK032,Banskobystrický,48.34116,20.02953,123,123,
97901,979 01,SK0329557927,Zacharovce,Zacharovce,,SK0329,Rimavská Sobota,SK032,Banskobystrický,48.40482,20.05480,163,163,
98001,980 01,SK0329514535,Belín,Belin,,SK0329,Rimavská Sobota,SK032,Banskobystrický,48.34049,20.10752,70,70,
98001,980 01,SK0329515281,Pavlovce,Pavlovce,,SK0329,Rimavská Sobota,SK032,Banskobystrický,48.32633,20.08196,115,115,
98001,980 01,SK0329515469,Rimavské Janovce,Rimavske Janovce,,SK0329,Rimavská Sobota,SK032,Banskobystrický,48.34361,20.06303,473,473,
98001,980 01,SK0329515604,Sútor,Sutor,,SK0329,Rimavská Sobota,SK032,Banskobystrický,48.35053,20.12319,111,111,
98002,980 02,SK0329514799,Gortva,Gortva,,SK0329,Rimavská Sobota,SK032,Banskobystrický,48.29394,20.02281,166,166,
98002,980 02,SK0329514845,Hodejovec,Hodejovec,,SK0329,Rimavská Sobota,SK032,Banskobystrický,48.28282,20.01693,89,89,
98002,980 02,SK0329515001,Jesenské,Jesenske,,SK0329,Rimavská Sobota,SK032,Banskobystrický,48.30544,20.07063,769,769,
98002,980 02,SK0329515639,Širkovce,Sirkovce,,SK0329,Rimavská Sobota,SK032,Banskobystrický,48.28975,20.08648,330,330,
98003,980 03,SK0329514667,Drňa,Drna,,SK0329,Rimavská Sobota,SK032,Banskobystrický,48.26363,20.11553,99,99,
98003,980 03,SK0329515621,Šimonovce,Simonovce,,SK0329,Rimavská Sobota,SK032,Banskobystrický,48.27458,20.11293,188,188,
98004,980 04,SK0329514764,Gemerské Dechtáre,Gemerske Dechtare,,SK0329,Rimavská Sobota,SK032,Banskobystrický,48.24667,20.03702,203,203,
98004,980 04,SK0329514861,Hostice,Hostice,,SK0329,Rimavská Sobota,SK032,Banskobystrický,48.23563,20.06587,274,274,
98004,980 04,SK0329515019,Jestice,Jestice,,SK0329,Rimavská Sobota,SK032,Banskobystrický,48.21878,20.05384,79,79,
98011,980 11,SK0329515264,Ožďany,Ozdany,,SK0329,Rimavská Sobota,SK032,Banskobystrický,48.37901,19.89751,605,605,other
98012,980 12,SK0327514918,Hrnčiarske Zalužany,Hrnciarske Zaluzany,,SK0327,Poltár,SK032,Banskobystrický,48.40662,19.87148,397,397,
98012,980 12,SK0327515591,Sušany,Susany,,SK0327,Poltár,SK032,Banskobystrický,48.41206,19.88952,262,262,
98013,980 13,SK0327514900,Hrnčiarska Ves,Hrnciarska Ves,,SK0327,Poltár,SK032,Banskobystrický,48.43217,19.85865,284,284,"Pondelok, Veľká Suchá"
98013,980 13,SK0327515515,Selce,Selce,,SK0327,Poltár,SK032,Banskobystrický,48.45719,19.87627,80,80,
98021,980 21,SK0329514519,Bátka,Batka,,SK0329,Rimavská Sobota,SK032,Banskobystrický,48.37840,20.16933,285,285,
98021,980 21,SK0329515698,Tomášovce,Tomasovce,,SK0329,Rimavská Sobota,SK032,Banskobystrický,48.39316,20.15291,80,80,
98021,980 21,SK0329515752,Vieska nad Blhom,Vieska nad Blhom,,SK0329,Rimavská Sobota,SK032,Banskobystrický,48.35121,20.19873,54,54,
98021,980 21,SK0329515841,Žíp,Zip,,SK0329,Rimavská Sobota,SK032,Banskobystrický,48.36350,20.20058,63,63,
98021,980 21,SK0329557854,Rakytník,Rakytnik,,SK0329,Rimavská Sobota,SK032,Banskobystrický,48.39206,20.17453,94,94,
98021,980 21,SK0329557919,Dulovo,Dulovo,,SK0329,Rimavská Sobota,SK032,Banskobystrický,48.37389,20.19044,30,30,
98022,980 22,SK0329515701,Uzovská Panica,Uzovska Panica,,SK0329,Rimavská Sobota,SK032,Banskobystrický,48.41656,20.14426,234,234,
98022,980 22,SK0329515744,Veľký Blh,Velky Blh,,SK0329,Rimavská Sobota,SK032,Banskobystrický,48.44441,20.11715,489,489,
98023,980 23,SK0329514586,Budikovany,Budikovany,,SK0329,Rimavská Sobota,SK032,Banskobystrický,48.48518,20.09171,84,84,
98023,980 23,SK0329514641,Dražice,Drazice,,SK0329,Rimavská Sobota,SK032,Banskobystrický,48.43635,20.06598,90,90,
98023,980 23,SK0329514659,Drienčany,Driencany,,SK0329,Rimavská Sobota,SK032,Banskobystrický,48.48285,20.07194,133,133,
98023,980 23,SK0329514870,Hostišovce,Hostisovce,,SK0329,Rimavská Sobota,SK032,Banskobystrický,48.49792,20.11628,82,82,
98023,980 23,SK0329515167,Lipovec,Lipovec,,SK0329,Rimavská Sobota,SK032,Banskobystrický,48.54889,20.06582,40,40,
98023,980 23,SK0329515272,Padarovce,Padarovce,,SK0329,Rimavská Sobota,SK032,Banskobystrický,48.45796,20.06954,71,71,
98023,980 23,SK0329515531,Slizké,Slizke,,SK0329,Rimavská Sobota,SK032,Banskobystrický,48.51775,20.08722,44,44,
98023,980 23,SK0329515647,Španie Pole,Spanie Pole,,SK0329,Rimavská Sobota,SK032,Banskobystrický,48.52026,20.12706,74,74,
98023,980 23,SK0329515671,Teplý Vrch,Teply Vrch,,SK0329,Rimavská Sobota,SK032,Banskobystrický,48.46995,20.09807,128,128,
98025,980 25,SK0329514926,Hrušovo,Hrusovo,,SK0329,Rimavská Sobota,SK032,Banskobystrický,48.51820,20.04908,132,132,"1-102, 131-165"
98026,980 26,SK0329514489,Babinec,Babinec,,SK0329,Rimavská Sobota,SK032,Banskobystrický,48.51906,19.99862,59,59,
98026,980 26,SK0329514853,Horné Zahorany,Horne Zahorany,,SK0329,Rimavská Sobota,SK032,Banskobystrický,48.46292,20.00724,94,94,
98026,980 26,SK0329514926,Hrušovo,Hrusovo,,SK0329,Rimavská Sobota,SK032,Banskobystrický,48.49472,20.04728,24,24,103-129
98026,980 26,SK0329515086,Kraskovo,Kraskovo,,SK0329,Rimavská Sobota,SK032,Banskobystrický,48.50153,19.99056,89,89,
98026,980 26,SK0329515175,Lukovištia,Lukovistia,,SK0329,Rimavská Sobota,SK032,Banskobystrický,48.48910,20.02072,149,149,
98031,980 31,SK0329514616,Čierny Potok,Cierny Potok,,SK0329,Rimavská Sobota,SK032,Banskobystrický,48.29381,19.94496,108,108,
98031,980 31,SK0329514730,Gemerček,Gemercek,,SK0329,Rimavská Sobota,SK032,Banskobystrický,48.31726,19.99198,56,56,
98031,980 31,SK0329514837,Hodejov,Hodejov,,SK0329,Rimavská Sobota,SK032,Banskobystrický,48.29950,19.98759,389,389,
98032,980 32,SK0329514543,Blhovce,Blhovce,,SK0329,Rimavská Sobota,SK032,Banskobystrický,48.27448,19.95255,293,293,
98032,980 32,SK0329515060,Konrádovce,Konradovce,,SK0329,Rimavská Sobota,SK032,Banskobystrický,48.29981,19.90389,118,118,
98033,980 33,SK0326511897,Šurice,Surice,,SK0326,Lučenec,SK032,Banskobystrický,48.22946,19.91421,234,234,
98033,980 33,SK0329514811,Hajnáčka,Hajnacka,,SK0329,Rimavská Sobota,SK032,Banskobystrický,48.22074,19.95279,546,546,
98034,980 34,SK0329515230,Nová Bašta,Nova Basta,,SK0329,Rimavská Sobota,SK032,Banskobystrický,48.17173,19.94526,240,240,
98034,980 34,SK0329515540,Stará Bašta,Stara Basta,,SK0329,Rimavská Sobota,SK032,Banskobystrický,48.18135,19.94399,178,178,
98034,980 34,SK0329515582,Studená,Studena,,SK0329,Rimavská Sobota,SK032,Banskobystrický,48.16002,19.95856,143,143,
98034,980 34,SK0329515663,Tachty,Tachty,,SK0329,Rimavská Sobota,SK032,Banskobystrický,48.15431,19.94069,208,208,
98034,980 34,SK0329515728,Večelkov,Vecelkov,,SK0329,Rimavská Sobota,SK032,Banskobystrický,48.16363,19.93452,171,171,
98035,980 35,SK0329514683,Dubno,Dubno,,SK0329,Rimavská Sobota,SK032,Banskobystrický,48.19201,20.00120,64,64,
98035,980 35,SK0329514781,Gemerský Jablonec,Gemersky Jablonec,,SK0329,Rimavská Sobota,SK032,Banskobystrický,48.19523,19.97875,264,264,
98035,980 35,SK0329515299,Petrovce,Petrovce,,SK0329,Rimavská Sobota,SK032,Banskobystrický,48.18670,20.02154,162,162,
98041,980 41,SK0329514551,Bottovo,Bottovo,,SK0329,Rimavská Sobota,SK032,Banskobystrický,48.31411,20.14916,90,90,
98041,980 41,SK0329514691,Dubovec,Dubovec,,SK0329,Rimavská Sobota,SK032,Banskobystrický,48.29354,20.15537,184,184,
98041,980 41,SK0329515183,Martinová,Martinova,,SK0329,Rimavská Sobota,SK032,Banskobystrický,48.29727,20.17294,67,67,
98042,980 42,SK0329514594,Cakov,Cakov,,SK0329,Rimavská Sobota,SK032,Banskobystrický,48.33950,20.22531,85,85,
98042,980 42,SK0329514969,Chrámec,Chramec,,SK0329,Rimavská Sobota,SK032,Banskobystrický,48.27886,20.18719,146,146,
98042,980 42,SK0329514985,Ivanice,Ivanice,,SK0329,Rimavská Sobota,SK032,Banskobystrický,48.32793,20.23647,72,72,
98042,980 42,SK0329514993,Janice,Janice,,SK0329,Rimavská Sobota,SK032,Banskobystrický,48.28002,20.21484,69,69,
98042,980 42,SK0329515248,Orávka,Oravka,,SK0329,Rimavská Sobota,SK032,Banskobystrický,48.30546,20.19581,91,91,
98042,980 42,SK0329515353,Radnovce,Radnovce,,SK0329,Rimavská Sobota,SK032,Banskobystrický,48.34319,20.20636,154,154,
98042,980 42,SK0329515442,Rimavská Seč,Rimavska Sec,,SK0329,Rimavská Sobota,SK032,Banskobystrický,48.30466,20.23479,576,576,"1-171, 173-652"
98042,980 42,SK0329515817,Zádor,Zador,,SK0329,Rimavská Sobota,SK032,Banskobystrický,48.32182,20.24165,47,47,
98042,980 42,SK032A515876,Bátorová,Batorova,,SK032A,Veľký Krtíš,SK032,Banskobystrický,48.13341,19.27206,1,1,28
98043,980 43,SK0329514624,Číž,Ciz,,SK0329,Rimavská Sobota,SK032,Banskobystrický,48.31314,20.28068,233,233,
98044,980 44,SK0329514951,Chanava,Chanava,,SK0329,Rimavská Sobota,SK032,Banskobystrický,48.33583,20.29910,226,226,
98044,980 44,SK0329515132,Lenartovce,Lenartovce,,SK0329,Rimavská Sobota,SK032,Banskobystrický,48.29941,20.31080,144,144,
98044,980 44,SK0329515779,Vlkyňa,Vlkyna,,SK0329,Rimavská Sobota,SK032,Banskobystrický,48.28259,20.29969,104,104,
98044,980 44,SK0329557757,Abovce,Abovce,,SK0329,Rimavská Sobota,SK032,Banskobystrický,48.31901,20.33686,211,211,
98045,980 45,SK0329515035,Kesovce,Kesovce,,SK0329,Rimavská Sobota,SK032,Banskobystrický,48.37490,20.35418,55,55,
98045,980 45,SK0329515078,Kráľ,Kral,,SK0329,Rimavská Sobota,SK032,Banskobystrický,48.32894,20.34368,288,288,
98045,980 45,SK0329515205,Neporadza,Neporadza,,SK0329,Rimavská Sobota,SK032,Banskobystrický,48.36253,20.39151,86,86,
98045,980 45,SK0329515655,Štrkovec,Strkovec,,SK0329,Rimavská Sobota,SK032,Banskobystrický,48.35895,20.32438,149,149,
98045,980 45,SK0329557765,Riečka,Riecka,,SK0329,Rimavská Sobota,SK032,Banskobystrický,48.34036,20.33143,102,102,
98046,980 46,SK0428514578,Bretka,Bretka,,SK0428,Rožňava,SK042,Košický,48.48820,20.34217,145,145,
98046,980 46,SK0428514748,Gemerská Panica,Gemerska Panica,,SK0428,Rožňava,SK042,Košický,48.47247,20.34923,361,361,
98050,980 50,SK0329514934,Hubovo,Hubovo,,SK0329,Rimavská Sobota,SK032,Banskobystrický,48.39969,20.36912,73,73,
98050,980 50,SK0329515141,Lenka,Lenka,,SK0329,Rimavská Sobota,SK032,Banskobystrický,48.38685,20.34864,94,94,
98050,980 50,SK0329515493,Rumince,Rumince,,SK0329,Rimavská Sobota,SK032,Banskobystrický,48.36874,20.28650,168,168,
98050,980 50,SK0329515710,Včelince,Vcelince,,SK0329,Rimavská Sobota,SK032,Banskobystrický,48.38582,20.30504,254,254,
98051,980 51,SK0329515736,Veľké Teriakovce,Velke Teriakovce,,SK0329,Rimavská Sobota,SK032,Banskobystrický,48.43450,19.96865,243,243,"Krásna, Malé Teriakovce, Veľké Teriakovce, Vrbovce nad Rimavou (95)"
98052,980 52,SK0329514888,Hrachovo,Hrachovo,,SK0329,Rimavská Sobota,SK032,Banskobystrický,48.46518,19.94824,356,356,
98052,980 52,SK0329515051,Kociha,Kociha,,SK0329,Rimavská Sobota,SK032,Banskobystrický,48.47917,19.94546,117,117,
98052,980 52,SK0329515736,Veľké Teriakovce,Velke Teriakovce,,SK0329,Rimavská Sobota,SK032,Banskobystrický,48.45136,19.95864,69,69,Vrbovce nad Rimavou (1-87)
98052,980 52,SK0329515809,Vyšný Skálnik,Vysny Skalnik,,SK0329,Rimavská Sobota,SK032,Banskobystrický,48.46401,19.96412,89,89,
98052,980 52,SK0329557790,Nižný Skálnik,Nizny Skalnik,,SK0329,Rimavská Sobota,SK032,Banskobystrický,48.45399,19.97043,78,78,
98053,980 53,SK0329515124,Lehota nad Rimavicou,Lehota nad Rimavicou,,SK0329,Rimavská Sobota,SK032,Banskobystrický,48.51375,19.90589,156,156,
98053,980 53,SK0329515426,Rimavská Baňa,Rimavska Bana,,SK0329,Rimavská Sobota,SK032,Banskobystrický,48.51202,19.94221,180,180,
98053,980 53,SK0329557811,Rimavské Zalužany,Rimavske Zaluzany,,SK0329,Rimavská Sobota,SK032,Banskobystrický,48.50022,19.93693,162,162,
98054,980 54,SK0329515116,Kyjatice,Kyjatice,,SK0329,Rimavská Sobota,SK032,Banskobystrický,48.53887,20.00827,65,65,
98054,980 54,SK0329515451,Rimavské Brezovo,Rimavske Brezovo,,SK0329,Rimavská Sobota,SK032,Banskobystrický,48.53895,19.96070,196,196,
98055,980 55,SK0329515043,Klenovec,Klenovec,,SK0329,Rimavská Sobota,SK032,Banskobystrický,48.59654,19.88923,1225,1225,
98061,980 61,SK0329515680,Tisovec,Tisovec,,SK0329,Rimavská Sobota,SK032,Banskobystrický,48.68023,19.93938,1560,3120,
98101,981 01,SK0329514829,Hnúšťa,Hnusta,,SK0329,Rimavská Sobota,SK032,Banskobystrický,48.58018,19.95281,1771,3542,
98201,982 01,SK0328514721,Gemer,Gemer,,SK0328,Revúca,SK032,Banskobystrický,48.44977,20.31603,291,291,
98201,982 01,SK0328515612,Tornaľa,Tornala,,SK0328,Revúca,SK032,Banskobystrický,48.42041,20.32457,1907,3814,
98201,982 01,SK0328515833,Žiar,Ziar,,SK0328,Revúca,SK032,Banskobystrický,48.43759,20.27326,46,46,
98251,982 51,SK0329514501,Barca,Barca,,SK0329,Rimavská Sobota,SK032,Banskobystrický,48.37265,20.23075,86,86,
98251,982 51,SK0329514713,Figa,Figa,,SK0329,Rimavská Sobota,SK032,Banskobystrický,48.39932,20.25200,142,142,
98251,982 51,SK0329515566,Stránska,Stranska,,SK0329,Rimavská Sobota,SK032,Banskobystrický,48.40328,20.27952,111,111,
98252,982 52,SK0329515027,Kaloša,Kalosa,,SK0329,Rimavská Sobota,SK032,Banskobystrický,48.42064,20.22235,165,165,
98252,982 52,SK0329515795,Valice,Valice,,SK0329,Rimavská Sobota,SK032,Banskobystrický,48.44951,20.19651,60,60,
98252,982 52,SK0329557889,Gemerské Michalovce,Gemerske Michalovce,,SK0329,Rimavská Sobota,SK032,Banskobystrický,48.43748,20.21224,44,44,
98252,982 52,SK0329557901,Vyšné Valice,Vysne Valice,,SK0329,Rimavská Sobota,SK032,Banskobystrický,48.45646,20.18781,112,112,
98262,982 62,SK0328514675,Držkovce,Drzkovce,,SK0328,Revúca,SK032,Banskobystrický,48.54219,20.23715,181,181,
98262,982 62,SK0328514756,Gemerská Ves,Gemerska Ves,,SK0328,Revúca,SK032,Banskobystrický,48.48083,20.27559,243,243,
98262,982 62,SK0328514977,Chvalová,Chvalova,,SK0328,Revúca,SK032,Banskobystrický,48.51336,20.17602,76,76,
98262,982 62,SK0328515159,Levkuška,Levkuska,,SK0328,Revúca,SK032,Banskobystrický,48.45760,20.26570,81,81,
98262,982 62,SK0328515256,Otročok,Otrocok,,SK0328,Revúca,SK032,Banskobystrický,48.44949,20.27635,77,77,
98262,982 62,SK0328515311,Polina,Polina,,SK0328,Revúca,SK032,Banskobystrický,48.49275,20.21421,73,73,
98262,982 62,SK0328515361,Rašice,Rasice,,SK0328,Revúca,SK032,Banskobystrický,48.47183,20.23823,62,62,
98262,982 62,SK0328515523,Skerešovo,Skeresovo,,SK0328,Revúca,SK032,Banskobystrický,48.50302,20.20156,103,103,
98262,982 62,SK0328515574,Leváre,Levare,,SK0328,Revúca,SK032,Banskobystrický,48.51369,20.25506,57,57,
98262,982 62,SK0328515761,Višňové,Visnove,,SK0328,Revúca,SK032,Banskobystrický,48.51594,20.18651,39,39,
98265,982 65,SK0328515302,Ploské,Ploske,,SK0328,Revúca,SK032,Banskobystrický,48.60393,20.08557,37,37,
98265,982 65,SK0328515370,Ratková,Ratkova,,SK0328,Revúca,SK032,Banskobystrický,48.59126,20.09738,283,283,
98265,982 65,SK0328515507,Rybník,Rybnik,,SK0328,Revúca,SK032,Banskobystrický,48.54522,20.13118,74,74,
98265,982 65,SK0328557820,Sása,Sasa,,SK0328,Revúca,SK032,Banskobystrický,48.56398,20.10918,35,35,
98265,982 65,SK0329515388,Ratkovská Lehota,Ratkovska Lehota,,SK0329,Rimavská Sobota,SK032,Banskobystrický,48.56274,20.10016,37,37,
98266,982 66,SK0328514896,Hrlica,Hrlica,,SK0328,Revúca,SK032,Banskobystrický,48.62828,20.05054,67,67,
98266,982 66,SK0328515400,Ratkovské Bystré,Ratkovske Bystre,,SK0328,Revúca,SK032,Banskobystrický,48.64756,20.05761,301,301,
98267,982 67,SK0329514829,Hnúšťa,Hnusta,,SK0329,Rimavská Sobota,SK032,Banskobystrický,48.56707,20.01685,23,46,
98267,982 67,SK0329515094,Krokava,Krokava,,SK0329,Rimavská Sobota,SK032,Banskobystrický,48.62930,20.02626,57,57,
98267,982 67,SK0329515337,Poproč,Poproc,,SK0329,Rimavská Sobota,SK032,Banskobystrický,48.58327,20.03358,33,33,
98267,982 67,SK0329515345,Potok,Potok,,SK0329,Rimavská Sobota,SK032,Banskobystrický,48.55968,20.05188,51,51,
98267,982 67,SK0329515396,Ratkovská Suchá,Ratkovska Sucha,,SK0329,Rimavská Sobota,SK032,Banskobystrický,48.57925,20.06922,57,57,
98267,982 67,SK0329515485,Rovné,Rovne,,SK0329,Rimavská Sobota,SK032,Banskobystrický,48.58889,20.04485,104,104,
98401,984 01,SK0326511218,Lučenec,Lucenec,,SK0326,Lučenec,SK032,Banskobystrický,48.33004,19.66528,6117,12234,
98401,984 01,SK0326511251,Boľkovce,Bolkovce,,SK0326,Lučenec,SK032,Banskobystrický,48.33762,19.73635,350,350,
98401,984 01,SK0326511421,Halič,Halic,,SK0326,Lučenec,SK032,Banskobystrický,48.33835,19.60136,13,13,
98401,984 01,SK0326511439,Holiša,Holisa,,SK0326,Lučenec,SK032,Banskobystrický,48.30486,19.72328,11,11,"181-184, 186-190, 215, 216"
98401,984 01,SK0326511714,Pinciná,Pincina,,SK0326,Lučenec,SK032,Banskobystrický,48.35949,19.75950,155,155,
98401,984 01,SK0326580309,Mikušovce,Mikusovce,,SK0326,Lučenec,SK032,Banskobystrický,48.30070,19.68512,143,143,
98403,984 03,SK0326511218,Lučenec,Lucenec,,SK0326,Lučenec,SK032,Banskobystrický,48.33378,19.64862,1609,3218,
98501,985 01,SK0327511471,Kalinovo,Kalinovo,,SK0327,Poltár,SK032,Banskobystrický,48.39328,19.70919,1034,1034,
98501,985 01,SK0327512001,Veľká Ves,Velka Ves,,SK0327,Poltár,SK032,Banskobystrický,48.38256,19.67452,197,197,
98502,985 02,SK0327511269,Breznička,Breznicka,,SK0327,Poltár,SK032,Banskobystrický,48.42172,19.73570,372,372,
98502,985 02,SK0327511617,Mládzovo,Mladzovo,,SK0327,Poltár,SK032,Banskobystrický,48.43760,19.70397,69,69,
98503,985 03,SK0327511340,České Brezovo,Ceske Brezovo,,SK0327,Poltár,SK032,Banskobystrický,48.48226,19.80571,262,262,
98503,985 03,SK0327582051,Zlatno,Zlatno,,SK0327,Poltár,SK032,Banskobystrický,48.51892,19.81845,82,82,
98505,985 05,SK0327511498,Kokava nad Rimavicou,Kokava nad Rimavicou,,SK0327,Poltár,SK032,Banskobystrický,48.57561,19.81808,1551,1551,
98506,985 06,SK0327511498,Kokava nad Rimavicou,Kokava nad Rimavicou,,SK0327,Poltár,SK032,Banskobystrický,48.60215,19.73659,31,31,
98506,985 06,SK0327580317,Utekáč,Utekac,,SK0327,Poltár,SK032,Banskobystrický,48.61192,19.79397,374,374,
98507,985 07,SK0327511498,Kokava nad Rimavicou,Kokava nad Rimavicou,,SK0327,Poltár,SK032,Banskobystrický,48.58658,19.76671,71,71,
98507,985 07,SK0327511889,Šoltýska,Soltyska,,SK0327,Poltár,SK032,Banskobystrický,48.58082,19.74723,128,128,
98507,985 07,SK0327557323,Ďubákovo,Dubakovo,,SK0327,Poltár,SK032,Banskobystrický,48.56290,19.73557,64,64,
98511,985 11,SK0326511421,Halič,Halic,,SK0326,Lučenec,SK032,Banskobystrický,48.35312,19.57513,640,640,
98511,985 11,SK0326511528,Lehôtka,Lehotka,,SK0326,Lučenec,SK032,Banskobystrický,48.33946,19.54341,153,153,
98511,985 11,SK0326511561,Ľuboreč,Luborec,,SK0326,Lučenec,SK032,Banskobystrický,48.31093,19.51706,194,194,
98511,985 11,SK0326511579,Lupoč,Lupoc,,SK0326,Lučenec,SK032,Banskobystrický,48.36037,19.53956,146,146,
98511,985 11,SK0326511609,Mašková,Maskova,,SK0326,Lučenec,SK032,Banskobystrický,48.33384,19.56416,156,156,
98511,985 11,SK0326511773,Praha,Praha,,SK0326,Lučenec,SK032,Banskobystrický,48.36293,19.50857,78,78,
98511,985 11,SK0326511846,Stará Halič,Stara Halic,,SK0326,Lučenec,SK032,Banskobystrický,48.36702,19.57121,281,281,
98512,985 12,SK0326511277,Budiná,Budina,,SK0326,Lučenec,SK032,Banskobystrický,48.46978,19.46072,256,256,"31-158, 160-163, 165-299"
98512,985 12,SK0326511943,Tuhár,Tuhar,,SK0326,Lučenec,SK032,Banskobystrický,48.42924,19.50486,225,225,
98513,985 13,SK0326511226,Ábelová,Abelova,,SK0326,Lučenec,SK032,Banskobystrický,48.41626,19.41736,379,379,
98513,985 13,SK0326511536,Lentvora,Lentvora,,SK0326,Lučenec,SK032,Banskobystrický,48.37292,19.45123,47,47,
98513,985 13,SK0326511757,Polichno,Polichno,,SK0326,Lučenec,SK032,Banskobystrický,48.40491,19.49720,132,132,
98522,985 22,SK0326511901,Točnica,Tocnica,,SK0326,Lučenec,SK032,Banskobystrický,48.41272,19.64069,169,169,
98522,985 22,SK0327511315,Cinobaňa,Cinobana,,SK0327,Poltár,SK032,Banskobystrický,48.45068,19.65098,741,741,
98524,985 24,SK0327511447,Hradište,Hradiste,,SK0327,Poltár,SK032,Banskobystrický,48.47701,19.71379,15,15,"137-150, 152"
98524,985 24,SK0327511684,Ozdín,Ozdin,,SK0327,Poltár,SK032,Banskobystrický,48.46941,19.68983,179,179,
98524,985 24,SK0327511820,Rovňany,Rovnany,,SK0327,Poltár,SK032,Banskobystrický,48.44904,19.74022,145,145,
98525,985 25,SK0327511447,Hradište,Hradiste,,SK0327,Poltár,SK032,Banskobystrický,48.49882,19.71826,172,172,"1-133, 135, 136, 151, 155-235"
98525,985 25,SK0327511501,Krná,Krna,,SK0327,Poltár,SK032,Banskobystrický,48.51250,19.73992,133,133,
98525,985 25,SK0327511978,Uhorské,Uhorske,,SK0327,Poltár,SK032,Banskobystrický,48.47177,19.75089,313,313,
98526,985 26,SK0327511447,Hradište,Hradiste,,SK0327,Poltár,SK032,Banskobystrický,48.54202,19.70659,1,1,134
98526,985 26,SK0327511595,Málinec,Malinec,,SK0327,Poltár,SK032,Banskobystrický,48.49828,19.68203,561,561,
98531,985 31,SK0326511480,Kalonda,Kalonda,,SK0326,Lučenec,SK032,Banskobystrický,48.25939,19.65560,124,124,
98531,985 31,SK0326511544,Lipovany,Lipovany,,SK0326,Lučenec,SK032,Banskobystrický,48.21896,19.70725,155,155,
98531,985 31,SK0326511625,Mučín,Mucin,,SK0326,Lučenec,SK032,Banskobystrický,48.24369,19.70104,264,264,
98531,985 31,SK0326511722,Pleš,Ples,,SK0326,Lučenec,SK032,Banskobystrický,48.23119,19.74901,128,128,
98531,985 31,SK0326511803,Rapovce,Rapovce,,SK0326,Lučenec,SK032,Banskobystrický,48.27307,19.68203,312,312,
98531,985 31,SK0326511927,Trebeľovce,Trebelovce,,SK0326,Lučenec,SK032,Banskobystrický,48.28667,19.71594,446,446,
98532,985 32,SK0326511463,Jelšovec,Jelsovec,,SK0326,Lučenec,SK032,Banskobystrický,48.28199,19.60184,108,108,
98532,985 32,SK0326511692,Panické Dravce,Panicke Dravce,,SK0326,Lučenec,SK032,Banskobystrický,48.28442,19.65130,295,295,
98532,985 32,SK0326511994,Veľká nad Ipľom,Velka nad Iplom,,SK0326,Lučenec,SK032,Banskobystrický,48.26541,19.61845,467,467,
98532,985 32,SK0326557340,Trenč,Trenc,,SK0326,Lučenec,SK032,Banskobystrický,48.22351,19.57934,121,121,
98541,985 41,SK0326511293,Buzitka,Buzitka,,SK0326,Lučenec,SK032,Banskobystrický,48.31579,19.80678,204,204,
98541,985 41,SK0326511781,Prša,Prsa,,SK0326,Lučenec,SK032,Banskobystrický,48.30033,19.79178,117,117,
98541,985 41,SK0326511854,Šávoľ,Savol,,SK0326,Lučenec,SK032,Banskobystrický,48.30438,19.82548,179,179,
98542,985 42,SK0326511676,Nové Hony,Nove Hony,,SK0326,Lučenec,SK032,Banskobystrický,48.36297,19.83070,117,117,
98542,985 42,SK0326512010,Veľké Dravce,Velke Dravce,,SK0326,Lučenec,SK032,Banskobystrický,48.34619,19.83897,281,281,
98542,985 42,SK0329514632,Dolné Zahorany,Dolne Zahorany,,SK0329,Rimavská Sobota,SK032,Banskobystrický,48.35119,19.89992,88,88,
98542,985 42,SK0329514942,Husiná,Husina,,SK0329,Rimavská Sobota,SK032,Banskobystrický,48.34155,19.87833,192,192,
98545,985 45,SK0324511510,Látky,Latky,,SK0324,Detva,SK032,Banskobystrický,48.58392,19.64347,941,941,
98545,985 45,SK0327511315,Cinobaňa,Cinobana,,SK0327,Poltár,SK032,Banskobystrický,48.52917,19.59894,12,12,
98551,985 51,SK0324511731,Podkriváň,Podkrivan,,SK0324,Detva,SK032,Banskobystrický,48.52002,19.47322,553,553,
98551,985 51,SK0326511277,Budiná,Budina,,SK0326,Lučenec,SK032,Banskobystrický,48.45550,19.47798,32,32,"1-30, 159, 164"
98552,985 52,SK0326511358,Divín,Divin,,SK0326,Lučenec,SK032,Banskobystrický,48.44930,19.53336,976,976,
98552,985 52,SK0326511838,Ružiná,Ruzina,,SK0326,Lučenec,SK032,Banskobystrický,48.42898,19.55600,437,437,
98553,985 53,SK0326511366,Dobroč,Dobroc,,SK0326,Lučenec,SK032,Banskobystrický,48.48260,19.55892,372,372,
98553,985 53,SK0326511374,Kotmanová,Kotmanova,,SK0326,Lučenec,SK032,Banskobystrický,48.48469,19.57933,177,177,
98553,985 53,SK0326511641,Mýtna,Mytna,,SK0326,Lučenec,SK032,Banskobystrický,48.46775,19.55059,533,533,
98553,985 53,SK0326511706,Píla,Pila,,SK0326,Lučenec,SK032,Banskobystrický,48.48465,19.50061,184,184,
98554,985 54,SK0326511552,Lovinobaňa,Lovinobana,,SK0326,Lučenec,SK032,Banskobystrický,48.43622,19.59278,741,741,
98554,985 54,SK0326511749,Podrečany,Podrecany,,SK0326,Lučenec,SK032,Banskobystrický,48.40474,19.60077,263,263,
98556,985 56,SK0326511919,Tomášovce,Tomasovce,,SK0326,Lučenec,SK032,Banskobystrický,48.37229,19.62060,722,722,
98556,985 56,SK0326557331,Gregorova Vieska,Gregorova Vieska,,SK0326,Lučenec,SK032,Banskobystrický,48.38500,19.57948,83,83,
98557,985 57,SK0326511439,Holiša,Holisa,,SK0326,Lučenec,SK032,Banskobystrický,48.30934,19.75090,218,218,"1-180, 185, 191-214, 217-233"
98557,985 57,SK0326511668,Nitra nad Ipľom,Nitra nad Iplom,,SK0326,Lučenec,SK032,Banskobystrický,48.31828,19.77333,84,84,
98558,985 58,SK0326511323,Čakanovce,Cakanovce,,SK0326,Lučenec,SK032,Banskobystrický,48.21323,19.81430,329,329,
98558,985 58,SK0326511790,Radzovce,Radzovce,,SK0326,Lučenec,SK032,Banskobystrický,48.21870,19.82868,674,674,
98558,985 58,SK0326511862,Šiatorská Bukovinka,Siatorska Bukovinka,,SK0326,Lučenec,SK032,Banskobystrický,48.18482,19.82361,244,244,
98559,985 59,SK0326557307,Vidiná,Vidina,,SK0326,Lučenec,SK032,Banskobystrický,48.35831,19.65439,682,682,
98601,986 01,SK0326511234,Belina,Belina,,SK0326,Lučenec,SK032,Banskobystrický,48.24267,19.84984,226,226,
98601,986 01,SK0326511331,Čamovce,Camovce,,SK0326,Lučenec,SK032,Banskobystrický,48.24984,19.88503,178,178,
98601,986 01,SK0326511391,Fiľakovo,Filakovo,,SK0326,Lučenec,SK032,Banskobystrický,48.26834,19.82248,2408,4816,
98601,986 01,SK0326511404,Fiľakovské Kováče,Filakovske Kovace,,SK0326,Lučenec,SK032,Banskobystrický,48.28953,19.77772,328,328,
98601,986 01,SK0326511811,Ratka,Ratka,,SK0326,Lučenec,SK032,Banskobystrický,48.24579,19.78219,194,194,
98601,986 01,SK0326511871,Šíd,Sid,,SK0326,Lučenec,SK032,Banskobystrický,48.27270,19.88063,354,354,
98601,986 01,SK0326557315,Biskupice,Biskupice,,SK0326,Lučenec,SK032,Banskobystrický,48.25141,19.83315,402,402,
98601,986 01,SK0326558273,Bulhary,Bulhary,,SK0326,Lučenec,SK032,Banskobystrický,48.29307,19.84792,97,97,
98701,987 01,SK0327511765,Poltár,Poltar,,SK0327,Poltár,SK032,Banskobystrický,48.42941,19.79288,1896,3792,
98701,987 01,SK0327514900,Hrnčiarska Ves,Hrnciarska Ves,,SK0327,Poltár,SK032,Banskobystrický,48.41278,19.82655,77,77,Maštinec
99001,990 01,SK032A515850,Veľký Krtíš,Velky Krtis,,SK032A,Veľký Krtíš,SK032,Banskobystrický,48.21135,19.34975,2462,4924,
99001,990 01,SK032A558192,Malý Krtíš,Maly Krtis,,SK032A,Veľký Krtíš,SK032,Banskobystrický,48.18922,19.35318,213,213,
99001,990 01,SK032A558206,Malé Straciny,Male Straciny,,SK032A,Veľký Krtíš,SK032,Banskobystrický,48.20944,19.41323,105,105,
99001,990 01,SK032A558214,Veľké Straciny,Velke Straciny,,SK032A,Veľký Krtíš,SK032,Banskobystrický,48.19634,19.39597,78,78,
99101,991 01,SK032A515884,Brusník,Brusnik,,SK032A,Veľký Krtíš,SK032,Banskobystrický,48.29910,19.40126,77,77,
99101,991 01,SK032A515931,Červeňany,Cervenany,,SK032A,Veľký Krtíš,SK032,Banskobystrický,48.38067,19.38829,32,32,
99101,991 01,SK032A516368,Senné,Senne,,SK032A,Veľký Krtíš,SK032,Banskobystrický,48.31374,19.39763,144,144,
99101,991 01,SK032A516449,Šuľa,Sula,,SK032A,Veľký Krtíš,SK032,Banskobystrický,48.35537,19.40807,45,45,
99102,991 02,SK032A515965,Dolná Strehová,Dolna Strehova,,SK032A,Veľký Krtíš,SK032,Banskobystrický,48.24702,19.49333,657,657,
99102,991 02,SK032A516015,Horná Strehová,Horna Strehova,,SK032A,Veľký Krtíš,SK032,Banskobystrický,48.28003,19.42689,154,154,
99102,991 02,SK032A516163,Ľuboriečka,Luboriecka,,SK032A,Veľký Krtíš,SK032,Banskobystrický,48.26049,19.52925,136,136,
99102,991 02,SK032A516392,Slovenské Kľačany,Slovenske Klacany,,SK032A,Veľký Krtíš,SK032,Banskobystrický,48.26402,19.44859,84,84,
99102,991 02,SK032A516511,Vieska,Vieska,,SK032A,Veľký Krtíš,SK032,Banskobystrický,48.26132,19.46639,85,85,
99103,991 03,SK032A515981,Dolné Strháre,Dolne Strhare,,SK032A,Veľký Krtíš,SK032,Banskobystrický,48.25082,19.39017,179,179,
99103,991 03,SK032A516031,Horné Strháre,Horne Strhare,,SK032A,Veľký Krtíš,SK032,Banskobystrický,48.27105,19.36141,157,157,
99103,991 03,SK032A516295,Pôtor,Potor,,SK032A,Veľký Krtíš,SK032,Banskobystrický,48.23061,19.42058,389,389,
99103,991 03,SK032A516422,Suché Brezovo,Suche Brezovo,,SK032A,Veľký Krtíš,SK032,Banskobystrický,48.30863,19.35845,125,125,
99103,991 03,SK032A516503,Veľký Lom,Velky Lom,,SK032A,Veľký Krtíš,SK032,Banskobystrický,48.33850,19.37108,169,169,
99105,991 05,SK032A516244,Nová Ves,Nova Ves,,SK032A,Veľký Krtíš,SK032,Banskobystrický,48.16943,19.36605,185,185,
99105,991 05,SK032A516252,Obeckov,Obeckov,,SK032A,Veľký Krtíš,SK032,Banskobystrický,48.17129,19.33200,185,185,
99105,991 05,SK032A516376,Sklabiná,Sklabina,,SK032A,Veľký Krtíš,SK032,Banskobystrický,48.15858,19.35767,355,355,
99105,991 05,SK032A516571,Želovce,Zelovce,,SK032A,Veľký Krtíš,SK032,Banskobystrický,48.13729,19.35832,3,3,
99106,991 06,SK032A516091,Kiarov,Kiarov,,SK032A,Veľký Krtíš,SK032,Banskobystrický,48.11066,19.41562,293,293,
99106,991 06,SK032A516147,Kováčovce,Kovacovce,,SK032A,Veľký Krtíš,SK032,Banskobystrický,48.09667,19.46047,196,196,
99106,991 06,SK032A516538,Vrbovka,Vrbovka,,SK032A,Veľký Krtíš,SK032,Banskobystrický,48.08972,19.40766,274,274,
99106,991 06,SK032A516546,Záhorce,Zahorce,,SK032A,Veľký Krtíš,SK032,Banskobystrický,48.10856,19.34024,388,388,
99106,991 06,SK032A516571,Želovce,Zelovce,,SK032A,Veľký Krtíš,SK032,Banskobystrický,48.12312,19.35467,643,643,
99107,991 07,SK032A516279,Opatovská Nová Ves,Opatovska Nova Ves,,SK032A,Veľký Krtíš,SK032,Banskobystrický,48.11456,19.27658,340,340,
99107,991 07,SK032A516384,Slovenské Ďarmoty,Slovenske Darmoty,,SK032A,Veľký Krtíš,SK032,Banskobystrický,48.09211,19.29050,214,214,
99108,991 08,SK032A516058,Chrastince,Chrastince,,SK032A,Veľký Krtíš,SK032,Banskobystrický,48.08974,19.25018,84,84,
99108,991 08,SK032A516155,Lesenice,Lesenice,,SK032A,Veľký Krtíš,SK032,Banskobystrický,48.10603,19.24731,235,235,
99108,991 08,SK032A516171,Malá Čalomija,Mala Calomija,,SK032A,Veľký Krtíš,SK032,Banskobystrický,48.08443,19.23257,145,145,
99109,991 09,SK032A516112,Koláre,Kolare,,SK032A,Veľký Krtíš,SK032,Banskobystrický,48.06917,19.24453,145,145,
99109,991 09,SK032A516465,Veľká Čalomija,Velka Calomija,,SK032A,Veľký Krtíš,SK032,Banskobystrický,48.07009,19.20103,260,260,
99110,991 10,SK032A516074,Ipeľské Predmostie,Ipelske Predmostie,,SK032A,Veľký Krtíš,SK032,Banskobystrický,48.06264,19.05564,330,330,
99110,991 10,SK032A516104,Kleňany,Klenany,,SK032A,Veľký Krtíš,SK032,Banskobystrický,48.11750,19.07256,182,182,
99110,991 10,SK032A516333,Sečianky,Secianky,,SK032A,Veľký Krtíš,SK032,Banskobystrický,48.09438,19.07921,226,226,
99110,991 10,SK032A516473,Veľká Ves nad Ipľom,Velka Ves nad Iplom,,SK032A,Veľký Krtíš,SK032,Banskobystrický,48.07762,19.08249,221,221,
99111,991 11,SK032A515868,Balog nad Ipľom,Balog nad Iplom,,SK032A,Veľký Krtíš,SK032,Banskobystrický,48.07767,19.13174,393,393,
99111,991 11,SK032A516139,Kosihy nad Ipľom,Kosihy nad Iplom,,SK032A,Veľký Krtíš,SK032,Banskobystrický,48.07700,19.17339,188,188,
99121,991 21,SK032A516066,Chrťany,Chrtany,,SK032A,Veľký Krtíš,SK032,Banskobystrický,48.29018,19.46299,82,82,
99121,991 21,SK032A516309,Pravica,Pravica,,SK032A,Veľký Krtíš,SK032,Banskobystrický,48.31947,19.45514,56,56,
99121,991 21,SK032A516554,Závada,Zavada,,SK032A,Veľký Krtíš,SK032,Banskobystrický,48.29074,19.48681,152,152,
99122,991 22,SK032A515892,Bušince,Busince,,SK032A,Veľký Krtíš,SK032,Banskobystrický,48.17577,19.49848,542,542,
99122,991 22,SK032A515914,Čeláre,Celare,,SK032A,Veľký Krtíš,SK032,Banskobystrický,48.13563,19.48869,249,249,
99122,991 22,SK032A516007,Glabušovce,Glabusovce,,SK032A,Veľký Krtíš,SK032,Banskobystrický,48.15382,19.45680,94,94,
99122,991 22,SK032A516198,Malé Zlievce,Male Zlievce,,SK032A,Veľký Krtíš,SK032,Banskobystrický,48.18058,19.44674,121,121,
99122,991 22,SK032A516228,Muľa,Mula,,SK032A,Veľký Krtíš,SK032,Banskobystrický,48.19305,19.52604,102,102,
99122,991 22,SK032A516261,Olováry,Olovary,,SK032A,Veľký Krtíš,SK032,Banskobystrický,48.15221,19.40952,245,245,
99122,991 22,SK032A516562,Zombor,Zombor,,SK032A,Veľký Krtíš,SK032,Banskobystrický,48.13633,19.44819,71,71,
99123,991 23,SK032A516490,Veľké Zlievce,Velke Zlievce,,SK032A,Veľký Krtíš,SK032,Banskobystrický,48.19649,19.45847,321,321,
99124,991 24,SK032A515973,Dolné Plachtince,Dolne Plachtince,,SK032A,Veľký Krtíš,SK032,Banskobystrický,48.20241,19.30904,352,352,
99124,991 24,SK032A516023,Horné Plachtince,Horne Plachtince,,SK032A,Veľký Krtíš,SK032,Banskobystrický,48.24261,19.27570,137,137,
99124,991 24,SK032A516406,Stredné Plachtince,Stredne Plachtince,,SK032A,Veľký Krtíš,SK032,Banskobystrický,48.22576,19.29291,367,367,
99125,991 25,SK032A515906,Čebovce,Cebovce,,SK032A,Veľký Krtíš,SK032,Banskobystrický,48.18010,19.22916,634,634,
99125,991 25,SK032A516121,Kosihovce,Kosihovce,,SK032A,Veľký Krtíš,SK032,Banskobystrický,48.18142,19.20299,290,290,
99125,991 25,SK032A516287,Opava,Opava,,SK032A,Veľký Krtíš,SK032,Banskobystrický,48.20834,19.17485,86,86,
99125,991 25,SK032A516317,Príbelce,Pribelce,,SK032A,Veľký Krtíš,SK032,Banskobystrický,48.19590,19.25835,349,349,
99126,991 26,SK032A515876,Bátorová,Batorova,,SK032A,Veľký Krtíš,SK032,Banskobystrický,48.13406,19.27216,195,195,"1-27, 29-208"
99126,991 26,SK032A516236,Nenince,Nenince,,SK032A,Veľký Krtíš,SK032,Banskobystrický,48.14647,19.25876,587,587,
99127,991 27,SK032A515990,Ďurkovce,Durkovce,,SK032A,Veľký Krtíš,SK032,Banskobystrický,48.13844,19.17771,92,92,
99127,991 27,SK032A516082,Kamenné Kosihy,Kamenne Kosihy,,SK032A,Veľký Krtíš,SK032,Banskobystrický,48.14284,19.19284,167,167,
99127,991 27,SK032A516341,Seľany,Selany,,SK032A,Veľký Krtíš,SK032,Banskobystrický,48.15783,19.18950,176,176,
99127,991 27,SK032A516431,Širákov,Sirakov,,SK032A,Veľký Krtíš,SK032,Banskobystrický,48.14914,19.18539,222,222,
99127,991 27,SK032A516457,Trebušovce,Trebusovce,,SK032A,Veľký Krtíš,SK032,Banskobystrický,48.11763,19.19702,113,113,
99128,991 28,SK032A515957,Dolinka,Dolinka,,SK032A,Veľký Krtíš,SK032,Banskobystrický,48.09028,19.15517,241,241,
99128,991 28,SK032A516520,Vinica,Vinica,,SK032A,Veľký Krtíš,SK032,Banskobystrický,48.11989,19.11823,1523,1523,
99135,991 35,SK032A515949,Dačov Lom,Dacov Lom,,SK032A,Veľký Krtíš,SK032,Banskobystrický,48.31880,19.25301,278,278,
99135,991 35,SK032A516414,Sucháň,Suchan,,SK032A,Veľký Krtíš,SK032,Banskobystrický,48.31010,19.22197,233,233,
99141,991 41,SK032A515922,Čelovce,Celovce,,SK032A,Veľký Krtíš,SK032,Banskobystrický,48.18740,19.13814,266,266,
99142,991 42,SK032A516040,Hrušov,Hrusov,,SK032A,Veľký Krtíš,SK032,Banskobystrický,48.16378,19.08974,558,558,
99201,992 01,SK032A516210,Modrý Kameň,Modry Kamen,,SK032A,Veľký Krtíš,SK032,Banskobystrický,48.24034,19.33445,916,1832,
99201,992 01,SK032B518581,Lešť (vojenský obvod),Lest (vojensky obvod),,SK032B,Zvolen,SK032,Banskobystrický,48.30479,19.29818,5,5,74-164
